codigo_postal	municipio_sugerido
01001	01059
01002	01059
01003	01059
01004	01059
01005	01059
01006	01059
01007	01059
01008	01059
01009	01059
01010	01059
01012	01059
01013	01059
01015	01059
01071	01059
01080	01059
01100	
01110	01017
01117	01056
01118	
01120	01037
01128	
01129	
01130	01063
01138	01018
01139	
01160	
01165	
01169	01003
01170	01058
01191	
01192	01021
01193	
01194	
01195	
01196	
01200	01051
01206	
01207	
01208	
01211	01014
01212	01062
01213	
01216	
01220	01006
01230	
01240	01001
01250	01009
01260	
01300	01031
01306	01033
01307	
01308	
01309	
01320	
01321	
01322	
01330	01028
01340	01022
01400	01036
01408	
01409	01042
01420	
01423	
01426	01049
01427	
01428	
01430	
01439	
01440	01054
01449	
01450	
01468	
01470	01002
01474	01004
01476	01010
01477	
01478	
01479	
01510	
01520	
02001	02003
02002	02003
02003	02003
02004	02003
02005	02003
02006	02003
02007	02003
02008	02003
02049	02003
02070	02003
02071	02003
02080	02003
02100	02073
02110	02035
02120	02060
02124	02006
02125	02011
02127	
02129	
02130	02017
02136	
02137	
02139	
02140	02003
02141	02063
02142	
02150	02075
02151	02021
02152	02002
02153	02020
02154	
02155	
02156	
02160	02043
02161	
02162	02038
02200	02024
02210	02007
02211	
02212	02023
02213	02077
02214	02013
02215	
02220	02052
02230	02045
02240	02046
02246	02054
02247	02026
02248	02041
02249	02066
02250	02001
02251	
02252	
02253	02036
02260	02034
02270	02079
02300	02008
02310	02085
02311	02062
02312	
02313	02059
02314	02047
02315	02076
02316	02070
02320	02012
02326	02071
02327	02065
02328	
02329	02022
02340	02068
02350	02080
02360	02016
02400	02037
02409	
02410	02044
02420	
02430	02030
02434	02042
02435	02072
02436	02031
02437	
02439	
02440	02049
02448	
02449	
02450	02067
02459	
02460	02084
02461	02028
02462	
02480	02086
02484	
02485	
02486	
02487	
02489	
02490	
02499	
02500	02074
02510	02901
02511	
02512	
02513	
02520	02029
02530	02055
02534	
02536	
02600	02081
02610	02019
02611	02057
02612	02053
02614	02014
02620	02048
02630	02069
02636	02078
02637	02032
02638	02050
02639	02015
02640	02009
02650	02051
02651	02033
02652	02056
02653	02004
02660	02025
02690	02010
02691	02018
02692	02061
02693	02027
02694	02039
02695	
02696	02040
03001	03014
03002	03014
03003	03014
03004	03014
03005	03014
03006	03014
03007	03014
03008	03014
03009	03014
03010	03014
03011	03014
03012	03014
03013	03014
03014	03014
03015	03014
03016	03014
03070	03014
03071	03014
03080	03014
03100	03083
03108	03132
03109	03129
03110	03090
03111	03046
03112	03014
03113	03014
03114	03014
03115	
03130	03121
03138	
03139	03065
03140	03076
03149	
03150	03064
03158	03055
03159	03061
03160	03015
03169	03012
03170	03113
03176	
03177	
03178	03034
03179	03070
03180	03133
03181	03133
03182	03133
03183	03133
03184	03133
03185	03133
03186	03133
03187	03903
03188	03133
03189	
03190	03902
03191	
03193	03120
03194	
03195	
03200	03065
03201	03065
03202	03065
03203	03065
03204	03065
03205	03065
03206	03065
03207	03065
03208	03065
03290	03065
03291	03065
03292	03065
03293	03065
03294	03065
03295	03065
03296	03065
03300	03099
03310	03080
03311	
03312	
03313	
03314	
03315	
03316	03025
03317	
03318	
03319	
03320	
03321	
03322	
03325	
03330	03059
03339	
03340	03005
03348	03074
03349	
03350	03058
03360	03049
03369	03109
03370	03111
03380	03044
03390	03024
03400	03140
03408	
03409	03052
03410	03043
03420	03053
03430	03096
03440	03079
03450	03021
03459	
03460	03023
03469	
03500	03031
03501	03031
03502	03031
03503	03031
03508	03031
03509	03069
03510	03048
03516	03037
03517	
03518	
03519	
03520	03107
03530	03094
03540	03014
03550	03119
03559	03014
03560	03050
03569	03004
03570	
03578	03112
03579	
03580	03011
03581	
03589	
03590	03018
03599	
03600	03066
03610	03104
03630	03123
03638	03116
03639	
03640	03089
03649	
03650	03105
03657	
03658	
03659	
03660	03093
03668	03013
03669	03114
03670	03088
03679	
03680	03019
03688	03077
03689	03078
03690	03122
03698	03002
03699	
03700	03063
03709	
03710	03047
03720	03041
03723	
03724	
03725	03128
03726	03042
03727	03081
03728	03006
03729	
03730	03082
03737	
03738	
03739	
03740	03071
03749	
03750	03101
03759	03030
03760	03095
03769	
03770	03138
03778	03026
03779	03901
03780	03102
03786	03134
03788	
03789	03135
03790	
03791	03137
03792	
03793	03054
03794	03029
03795	
03800	03009
03801	03009
03802	03009
03803	03009
03804	03009
03810	03035
03811	
03812	
03813	
03814	
03815	03103
03816	03032
03819	
03820	03056
03827	
03828	03106
03829	03017
03830	03092
03837	03003
03838	03010
03839	
03840	03072
03841	
03850	03028
03860	03084
03870	
04001	04013
04002	04013
04003	04013
04004	04013
04005	04013
04006	04013
04007	04013
04008	04013
04009	04013
04070	04013
04071	04013
04080	04013
04100	04066
04110	
04113	
04114	
04115	
04116	
04117	
04118	
04119	
04120	
04130	
04131	
04140	04032
04149	
04150	
04151	
04160	
04200	04088
04210	04060
04211	04094
04212	
04213	04082
04230	04052
04240	04101
04250	04074
04259	
04260	04078
04270	04086
04271	04059
04274	
04275	04090
04276	
04277	
04278	
04279	04095
04280	04048
04288	04022
04289	
04400	04011
04409	
04410	04024
04420	04081
04430	04055
04431	04054
04440	04077
04450	04030
04458	
04459	04067
04460	04046
04470	04057
04479	
04480	04007
04500	04045
04510	04001
04520	04002
04530	
04531	04005
04532	
04533	
04540	04065
04549	
04550	04050
04558	
04559	
04560	04047
04567	04010
04568	
04569	
04600	04053
04610	04035
04616	
04617	
04618	
04619	
04620	04100
04621	
04628	04016
04629	
04630	04049
04638	04064
04639	04093
04640	04075
04647	
04648	
04649	
04650	04103
04660	04017
04661	
04662	
04690	
04691	
04692	04089
04693	
04694	
04700	04902
04710	
04711	
04712	
04713	04904
04715	
04716	
04717	
04720	
04721	
04727	
04728	04043
04729	04041
04738	04102
04740	04079
04741	
04743	
04745	04903
04746	
04750	04038
04760	04029
04768	
04769	
04770	04003
04778	
04779	
04800	04006
04810	
04811	
04812	
04813	
04814	
04815	
04820	04099
04825	04037
04826	
04827	
04828	
04829	
04830	04098
04838	04063
04839	
04850	04031
04857	04004
04858	
04859	
04860	04069
04867	04062
04868	04056
04869	04044
04870	04076
04877	04085
04878	
04879	04096
04880	04092
04887	04061
04888	
04889	04019
04890	04083
04897	04008
04898	
04899	
05001	05019
05002	05019
05003	05019
05004	05019
05005	05019
05070	05019
05071	05019
05080	05019
05100	05163
05110	05022
05111	05211
05112	
05113	05041
05114	05905
05115	
05120	
05122	
05123	
05130	05238
05131	
05132	
05133	
05134	
05140	
05141	
05143	05252
05145	
05146	
05147	
05148	05044
05149	
05150	
05151	
05152	
05153	
05154	
05160	
05162	05027
05163	
05164	
05165	
05166	
05190	05195
05191	
05192	
05193	
05194	
05195	
05196	05245
05197	
05198	05239
05200	05016
05210	05099
05211	
05212	
05213	05109
05214	05177
05215	
05216	05152
05217	
05220	05114
05229	
05230	05168
05239	05184
05240	05161
05250	05102
05260	05057
05267	05201
05268	
05270	05241
05278	
05279	
05280	05128
05289	
05290	
05291	05115
05292	
05294	
05296	
05298	
05299	
05300	05065
05301	05142
05309	
05310	05074
05320	05049
05350	05220
05357	
05358	
05369	05147
05370	05073
05380	
05400	05014
05410	05132
05412	05207
05413	
05414	05066
05415	05100
05416	05013
05417	05089
05418	
05420	05240
05427	
05428	05055
05429	
05430	05002
05440	05187
05450	05054
05460	05082
05461	05127
05470	05182
05480	05047
05489	
05490	05110
05491	
05492	05189
05500	05186
05510	05225
05514	
05515	
05516	
05520	
05530	
05540	
05560	
05571	
05580	
05591	05260
05592	05228
05593	05010
05600	05021
05610	05024
05619	
05620	05051
05621	
05630	05904
05631	
05633	05901
05634	
05635	05165
05690	
05691	
05692	
05693	
05694	05108
05695	05097
05696	05214
05697	
06001	06015
06002	06015
06003	06015
06004	06015
06005	06015
06006	06015
06007	06015
06008	06015
06009	06015
06010	06015
06011	06015
06012	06015
06050	
06070	06015
06071	06015
06080	06015
06100	06095
06105	06042
06106	
06107	
06108	
06109	
06110	06154
06120	06093
06129	06159
06130	06143
06131	06007
06132	06066
06133	06129
06134	06140
06140	06128
06150	06121
06160	06016
06170	06005
06171	06010
06172	06131
06173	06092
06174	06116
06175	06117
06176	
06177	06147
06178	06148
06180	
06181	
06182	
06183	
06184	06902
06185	06901
06186	
06187	
06190	06115
06191	06107
06192	06155
06193	
06194	
06195	
06196	06040
06197	06045
06200	06011
06207	06002
06208	06152
06209	06126
06210	
06220	06149
06225	06113
06226	06068
06227	06073
06228	06069
06229	06106
06230	06122
06240	06052
06249	06027
06250	06020
06260	06085
06270	06124
06280	06055
06290	06136
06291	06086
06292	06026
06293	06024
06300	06158
06310	06108
06320	06081
06329	06013
06330	06141
06340	06050
06350	06067
06360	06054
06370	06022
06378	06142
06380	06070
06389	
06390	06049
06391	06071
06392	
06393	06008
06394	06021
06400	06044
06410	06120
06411	06080
06412	
06413	06082
06415	
06420	06036
06427	06087
06428	
06429	06018
06430	06160
06439	06047
06440	06078
06441	06064
06442	06112
06443	06029
06444	06139
06445	06065
06446	
06450	06109
06458	06146
06459	
06460	06028
06468	06075
06469	06039
06470	06060
06473	06151
06474	06138
06475	06094
06476	06098
06477	06104
06478	06079
06479	06041
06480	06088
06486	06090
06487	06038
06488	06031
06489	
06490	06103
06498	06072
06499	
06500	06123
06510	06006
06518	06037
06519	
06600	06023
06610	06100
06611	06161
06612	06030
06613	
06614	
06615	
06620	06048
06630	06102
06640	06127
06650	06125
06655	06118
06656	06057
06657	06114
06658	06130
06659	06017
06660	06051
06670	06063
06678	06157
06679	
06680	06035
06689	06137
06690	06056
06691	
06692	06062
06700	06153
06710	
06711	
06712	
06713	
06714	06061
06715	06111
06716	06156
06717	
06718	
06719	
06720	
06730	06001
06731	
06740	06097
06750	06096
06760	06091
06770	06033
06800	06083
06810	06025
06820	06043
06830	06162
06840	06004
06850	06012
06860	06046
06870	06058
06880	06132
06890	06145
06891	06084
06892	06135
06893	06119
06894	
06900	06074
06906	06105
06907	
06908	
06909	06134
06910	06059
06919	06101
06920	06014
06927	06144
06928	06077
06929	
06930	06019
06939	06076
06940	06003
06950	06150
06960	06034
06970	06110
06980	06053
07001	
07002	
07003	
07004	
07005	
07006	
07007	
07008	
07009	
07010	
07011	
07012	
07013	
07014	
07015	
07070	
07071	
07080	
07100	07061
07101	
07108	
07109	07025
07110	07010
07120	
07121	
07122	
07140	07047
07141	07036
07142	07053
07143	
07144	07017
07150	07005
07157	
07159	
07160	
07170	07063
07179	07018
07180	
07181	
07183	
07184	07011
07190	07020
07191	07007
07192	07021
07193	
07194	07045
07195	
07196	
07198	
07199	
07200	07022
07208	
07209	
07210	07004
07220	
07230	07038
07240	07049
07250	07065
07260	07043
07300	07027
07310	07012
07311	07009
07312	07034
07313	07058
07314	
07315	07019
07316	
07320	
07330	07016
07340	07001
07349	
07350	07008
07360	07029
07369	
07400	07003
07420	
07430	07030
07440	07039
07450	07055
07458	
07459	
07460	07042
07469	
07470	
07500	07033
07509	
07510	07060
07511	
07518	07028
07519	07035
07520	07041
07529	07901
07530	07051
07540	
07550	07062
07559	
07560	
07570	07006
07579	
07580	07014
07589	
07590	
07600	
07608	
07609	
07610	
07611	
07620	07031
07629	
07630	07013
07638	
07639	
07640	
07650	07057
07659	
07660	
07669	
07670	
07680	
07687	
07688	
07689	
07690	
07691	
07700	07032
07701	07032
07702	07032
07703	07032
07710	07052
07711	
07712	
07713	
07714	07032
07720	07064
07730	07002
07740	07037
07748	
07749	07902
07750	07023
07760	07015
07769	
07800	07026
07810	07050
07811	
07812	
07813	
07814	
07815	
07816	
07817	
07818	
07819	
07820	07046
07828	
07829	
07830	
07839	
07840	07054
07849	
07850	
07860	
07870	
07871	
07872	
08001	08019
08002	08019
08003	08019
08004	08019
08005	08019
08006	08019
08007	08019
08008	08019
08009	08019
08010	08019
08011	08019
08012	08019
08013	08019
08014	08019
08015	08019
08016	08019
08017	08019
08018	08019
08019	08019
08020	08019
08021	08019
08022	08019
08023	08019
08024	08019
08025	08019
08026	08019
08027	08019
08028	08019
08029	08019
08030	08019
08031	08019
08032	08019
08033	08019
08034	08019
08035	08019
08036	08019
08037	08019
08038	08019
08039	08019
08040	08019
08041	08019
08042	08019
08070	08019
08071	08019
08075	08019
08080	08019
08100	08124
08104	
08105	08209
08106	08256
08107	08115
08110	08125
08120	08105
08130	08260
08140	08033
08146	08087
08148	08079
08150	08159
08160	08135
08170	08136
08171	08205
08172	08205
08173	08205
08174	08205
08178	08070
08180	08138
08181	08267
08182	08210
08183	
08184	08156
08185	08108
08186	08107
08187	08248
08188	08296
08189	08239
08190	08205
08191	08184
08192	08238
08193	
08194	
08195	08205
08196	08205
08197	08205
08198	08205
08199	
08200	08187
08201	08187
08202	08187
08203	08187
08204	08187
08205	08187
08206	08187
08207	08187
08208	08187
08210	08252
08211	08051
08212	08223
08213	08167
08214	08904
08220	08279
08221	08279
08222	08279
08223	08279
08224	08279
08225	08279
08226	08279
08227	08279
08228	08279
08230	08120
08231	08290
08232	08300
08233	08291
08240	08113
08241	08113
08242	08113
08243	08113
08248	08113
08250	08218
08251	
08253	08098
08254	08182
08255	08059
08256	
08259	08084
08260	08274
08261	08047
08262	08038
08263	08229
08269	
08270	08140
08271	08010
08272	08213
08273	08258
08274	08212
08275	
08278	
08279	08012
08280	08031
08281	
08282	
08283	08060
08289	
08290	08266
08291	08180
08292	08076
08293	08069
08294	08025
08295	08262
08296	08053
08297	08061
08298	08242
08299	08179
08300	08121
08301	08121
08302	08121
08303	08121
08304	08121
08310	08009
08317	08153
08318	
08319	08075
08320	08118
08328	08003
08329	08281
08330	08172
08338	08230
08339	08214
08340	08219
08348	08030
08349	08029
08350	08006
08358	08007
08359	08193
08360	08040
08370	08035
08380	08110
08389	08155
08390	08126
08391	08282
08392	08197
08393	08032
08394	08264
08395	08235
08396	08203
08397	08163
08398	08261
08400	08096
08401	08096
08402	08096
08403	08096
08404	08096
08410	08902
08415	
08416	
08420	08041
08430	08181
08440	08046
08445	
08450	08106
08455	08306
08458	08234
08459	08198
08460	08259
08461	08207
08469	08137
08470	08202
08471	08294
08472	08039
08474	08097
08476	
08479	08081
08480	08005
08490	08284
08495	08082
08500	08298
08503	
08504	
08505	08247
08506	08037
08507	08246
08508	08117
08509	08243
08510	
08511	08280
08512	08215
08513	08171
08514	08109
08515	08225
08516	08149
08517	
08518	08151
08519	
08520	
08521	
08522	08111
08529	08129
08530	08088
08540	08067
08550	
08551	08283
08552	08278
08553	08269
08554	
08559	08026
08560	08112
08569	
08570	08285
08571	08265
08572	08233
08573	08150
08580	08237
08584	08253
08585	08131
08586	08195
08587	08004
08588	08272
08589	
08590	
08591	08014
08592	08224
08593	08276
08600	08022
08604	08057
08605	08130
08606	08177
08607	08216
08610	08011
08611	08144
08612	08132
08613	08299
08614	08078
08617	08045
08618	08050
08619	08024
08620	08263
08629	08289
08630	08001
08635	08208
08640	08147
08650	08191
08660	08018
08670	08141
08671	
08672	08090
08673	08308
08680	08092
08690	08244
08691	08127
08692	08175
08693	08049
08694	
08695	
08696	
08697	08190
08698	
08699	08293
08700	08102
08710	08250
08711	08143
08712	08226
08717	
08718	08028
08719	
08720	08305
08729	08058
08730	08251
08731	08227
08732	08065
08733	08164
08734	
08735	08304
08736	08085
08737	08288
08738	08168
08739	08273
08740	08196
08750	08123
08753	
08754	08158
08755	08054
08756	08905
08757	08072
08758	08068
08759	08295
08760	08114
08769	08066
08770	08240
08773	08122
08775	08287
08776	08232
08777	08236
08779	08104
08780	08157
08781	08162
08782	
08783	08119
08784	08161
08785	08292
08786	08044
08787	
08788	08302
08789	08286
08790	08091
08791	08222
08792	
08793	08013
08794	08027
08795	08146
08796	08154
08797	08174
08798	08206
08799	
08800	08307
08805	08187
08810	08231
08811	08043
08812	
08818	08148
08820	08169
08830	08200
08840	08301
08849	08204
08850	08089
08859	08020
08860	08056
08870	08270
08871	
08872	
08880	08074
08900	08101
08901	08101
08902	08101
08903	08101
08904	08101
08905	08101
08906	08101
08907	08101
08908	08101
08910	08015
08911	08015
08912	08015
08913	08015
08914	08015
08915	08015
08916	08015
08917	08015
08918	08015
08920	08245
08921	08245
08922	08245
08923	08245
08924	08245
08930	08194
08940	08073
08950	08077
08960	08221
08970	08217
08980	08211
09001	09059
09002	09059
09003	09059
09004	09059
09005	09059
09006	09059
09007	09059
09070	09059
09071	09059
09080	09059
09100	09211
09107	
09108	
09109	
09110	09091
09118	09456
09119	
09120	09427
09121	
09123	09363
09124	09175
09125	
09126	09045
09127	
09128	
09129	
09130	
09131	
09133	
09135	09373
09136	
09140	
09141	
09142	
09143	09395
09144	09361
09145	
09146	
09150	09172
09159	
09191	
09192	09075
09193	
09194	
09195	
09196	
09197	09372
09198	
09199	
09200	09219
09210	
09211	09134
09212	
09213	09102
09214	
09215	
09216	
09217	
09218	
09219	
09220	09250
09221	
09226	
09227	
09228	
09230	
09233	
09239	
09240	09056
09244	
09245	
09246	
09247	
09248	
09249	
09250	09048
09251	09115
09252	09220
09253	09077
09257	09431
09258	
09259	
09260	09274
09267	09129
09268	
09269	
09270	
09271	09298
09272	09132
09280	09251
09285	
09290	
09292	
09293	09057
09294	09276
09300	09321
09310	
09311	
09312	09391
09313	09017
09314	
09315	
09316	
09317	
09318	
09319	09117
09320	
09338	09418
09339	
09340	09194
09341	
09342	
09343	09437
09344	09432
09345	
09346	
09347	
09348	
09349	
09350	
09351	09162
09352	09114
09353	
09354	09270
09360	
09370	
09390	
09391	09085
09400	09018
09410	
09430	09174
09440	
09441	09369
09442	09380
09443	09438
09450	
09451	
09453	
09454	09279
09460	09218
09461	09140
09462	
09463	09155
09471	
09490	
09491	
09493	
09500	09209
09510	
09511	09050
09512	
09513	
09514	09189
09515	
09530	09238
09540	09394
09549	
09550	
09551	
09553	
09554	
09555	
09556	
09557	
09558	
09559	
09560	09124
09566	
09567	
09568	
09569	
09570	09025
09571	09012
09572	
09573	
09574	
09580	
09585	
09586	
09587	
09588	
09589	
09591	
09592	
09593	
09594	
09600	09330
09610	
09611	
09612	
09613	
09614	
09615	
09616	09378
09617	09356
09618	
09619	
09620	
09640	
09641	09119
09642	
09645	09388
09646	
09647	
09649	
09650	
09651	
09652	09449
09653	09181
09654	
09660	
09670	09289
09679	09232
09680	09246
09690	09425
09691	
09692	09067
09693	09309
10001	10037
10002	10037
10003	10037
10004	10037
10005	10037
10070	10037
10071	10037
10080	10037
10100	10121
10109	
10110	10112
10120	10109
10126	
10129	10029
10130	10219
10131	10201
10132	10020
10133	10073
10134	10043
10135	10009
10136	10044
10137	10017
10140	10087
10150	
10160	10010
10161	10023
10162	10052
10163	10012
10164	
10170	10126
10180	10198
10181	10177
10182	10193
10183	10194
10184	10192
10185	10027
10186	10188
10187	10007
10188	10031
10189	
10190	10049
10191	10170
10192	10098
10193	10178
10194	10125
10195	10037
10198	10168
10199	
10200	10195
10210	10113
10220	
10230	10092
10240	10066
10250	10077
10251	10011
10252	
10260	10166
10261	10153
10262	10002
10263	10209
10269	10158
10270	10069
10271	10149
10272	10161
10280	10102
10290	
10291	10013
10292	
10300	10131
10310	10180
10317	
10318	10905
10319	10904
10320	10030
10328	10075
10329	
10330	10213
10331	10048
10332	10200
10333	10083
10334	10141
10335	10140
10340	10060
10341	10132
10350	10019
10359	10160
10360	10057
10370	10070
10371	10159
10372	
10373	10033
10374	10134
10380	10103
10390	10173
10391	10901
10392	
10393	10199
10394	
10396	
10400	10104
10410	10022
10411	10138
10412	10079
10413	10191
10414	
10420	
10430	10068
10440	10014
10450	
10459	10091
10460	10110
10470	10212
10480	10111
10490	10204
10491	
10492	10206
10493	10157
10500	10203
10510	10169
10511	10046
10512	10094
10513	10062
10514	
10515	
10516	
10519	
10520	10058
10521	10182
10528	10176
10529	10114
10530	10175
10540	10123
10550	10018
10560	10095
10570	10162
10580	10119
10590	
10591	
10592	10056
10600	10148
10610	10035
10611	10183
10612	10107
10613	10130
10614	10196
10615	10147
10616	
10617	
10620	10041
10623	
10624	
10625	10108
10626	10135
10627	
10628	10051
10629	
10630	10146
10638	
10639	
10640	10050
10649	10144
10650	10006
10660	10137
10661	10167
10662	10117
10663	10063
10664	10124
10665	10090
10666	
10667	10136
10670	10047
10671	10016
10672	10202
10680	10116
10690	10903
10691	10076
10692	
10693	10155
10694	10190
10695	
10696	
10697	
10700	10096
10710	10216
10711	10086
10712	
10720	10214
10728	10106
10729	10034
10730	10055
10739	10174
10740	10015
10748	10001
10749	10080
10750	10024
10759	10078
10800	10067
10810	10127
10811	10129
10812	10211
10813	10152
10814	10207
10815	10088
10816	10089
10817	10040
10818	
10820	10045
10828	10151
10829	
10830	10189
10839	
10840	10128
10848	10902
10849	10101
10850	10100
10857	10003
10858	10215
10859	10171
10860	10084
10864	10187
10865	10039
10866	10071
10867	10156
10868	10093
10869	10185
10870	10061
10879	10004
10880	10218
10881	10038
10882	10143
10883	10150
10890	10205
10891	10072
10892	10164
10893	10210
10894	
10895	10064
10896	10142
10900	10021
10910	10115
10930	10133
10940	10082
10950	10032
10960	10208
10970	10118
10980	10008
10990	
10991	10145
11001	11012
11002	11012
11003	11012
11004	11012
11005	11012
11006	11012
11007	11012
11008	11012
11009	11012
11010	11012
11011	11012
11012	11012
11070	11012
11071	11012
11080	11012
11100	11031
11110	
11120	
11130	11015
11138	
11139	
11140	11014
11149	
11150	11039
11158	
11159	
11160	11007
11170	11023
11178	11025
11179	
11180	11001
11190	11901
11200	11004
11201	11004
11202	11004
11203	11004
11204	11004
11205	11004
11206	11004
11207	11004
11270	11004
11271	11004
11280	11004
11300	11022
11310	
11311	
11312	
11313	
11314	
11315	
11316	
11320	
11330	11021
11339	
11340	11903
11349	
11350	11013
11351	
11360	11033
11368	
11369	
11370	11008
11379	
11380	11035
11390	
11391	
11392	
11393	
11400	
11401	11020
11402	11020
11403	11020
11404	11020
11405	11020
11406	11020
11407	11020
11408	11020
11470	11020
11471	11020
11480	11020
11500	11027
11510	11028
11518	
11519	
11520	11030
11530	
11540	11032
11549	
11550	11016
11560	11037
11570	
11574	11020
11579	
11580	11902
11590	
11591	11020
11592	11020
11593	11020
11594	
11595	
11596	
11600	11038
11610	11019
11611	11040
11612	11009
11620	
11630	11006
11638	
11639	11003
11640	11010
11648	11017
11649	
11650	11041
11659	11029
11660	11026
11670	11011
11679	
11680	11005
11687	11018
11688	
11689	
11690	11024
11691	11036
11692	11034
11693	11002
12001	12040
12002	12040
12003	12040
12004	12040
12005	12040
12006	12040
12070	12040
12071	12040
12080	12040
12100	12040
12110	12005
12118	12122
12119	12049
12120	12072
12121	
12122	12060
12123	
12124	12130
12125	12142
12126	
12127	12048
12130	12902
12131	
12132	12001
12133	
12134	
12135	
12140	12003
12150	12129
12159	12038
12160	
12161	12119
12162	12134
12163	12051
12164	
12165	12014
12166	
12170	12100
12179	12111
12180	12033
12181	
12182	12105
12183	12132
12184	
12185	12050
12186	12098
12190	12031
12191	12094
12192	12128
12193	
12194	12124
12200	12084
12210	12095
12220	
12221	12109
12222	
12223	12108
12224	
12225	
12230	
12231	12046
12232	
12300	12080
12310	12061
12311	
12312	
12313	
12314	
12315	12127
12316	
12317	
12318	
12319	12037
12320	12099
12330	12121
12340	12070
12350	12036
12360	12052
12370	
12400	12104
12410	12012
12412	12067
12413	
12414	
12415	
12420	12020
12428	
12429	
12430	12022
12431	12114
12440	12043
12447	12078
12448	12079
12449	
12450	12071
12460	12140
12469	
12470	12081
12480	12106
12489	12107
12490	12018
12499	12056
12500	12138
12510	12101
12511	12096
12512	
12513	12042
12520	12082
12526	12136
12527	12016
12528	12057
12529	
12530	12032
12539	12901
12540	12135
12549	12021
12550	12009
12560	12028
12570	12004
12578	12044
12579	
12580	12027
12589	12034
12590	12011
12591	12074
12592	12053
12593	12077
12594	12085
12595	
12596	12117
12597	12102
12598	12089
12599	
12600	12126
12609	12007
13001	13034
13002	13034
13003	13034
13004	13034
13005	13034
13070	13034
13071	13034
13080	13034
13100	13063
13107	13007
13108	13051
13109	13068
13110	13049
13113	
13114	13901
13115	
13116	
13117	13017
13118	
13120	13065
13128	
13129	
13130	13042
13140	13040
13150	13031
13160	13083
13170	13056
13179	13066
13180	13001
13189	
13190	13035
13191	13067
13192	13025
13193	
13194	13060
13195	13064
13196	13062
13200	13053
13210	13097
13220	13904
13230	13054
13240	13079
13247	13074
13248	13010
13249	13902
13250	13039
13260	13023
13270	13013
13279	13088
13300	13087
13310	
13320	13093
13326	13057
13327	13076
13328	13014
13329	13032
13330	13092
13331	
13332	13089
13333	13043
13340	13004
13341	13081
13342	13069
13343	13090
13344	13084
13345	13037
13350	13058
13360	13045
13370	13027
13379	13094
13380	13009
13390	
13391	13008
13400	13011
13410	13002
13411	13086
13412	13038
13413	13003
13414	13073
13415	
13420	13052
13427	
13428	
13429	
13430	
13431	13095
13432	13022
13433	13030
13434	
13440	13020
13450	13024
13459	
13460	
13470	
13473	
13480	13012
13490	13046
13500	13071
13580	13015
13590	13048
13591	13026
13592	13055
13593	13080
13594	
13595	13091
13596	
13597	
13598	
13600	13005
13610	13028
13619	13903
13620	13061
13630	13078
13640	13047
13650	13070
13660	13050
13670	13096
13679	13018
13680	13044
13690	
13700	13082
13710	13019
13720	
13730	13077
13739	
13740	13085
13750	13033
13760	13016
13768	
13770	13098
13779	13075
14001	14021
14002	14021
14003	14021
14004	14021
14005	14021
14006	14021
14007	14021
14008	14021
14009	14021
14010	14021
14011	14021
14012	14021
14013	14021
14014	14021
14029	
14070	14021
14071	14021
14080	14021
14100	14017
14110	14901
14111	
14112	
14113	
14115	
14120	14030
14129	
14130	14033
14140	14065
14150	
14190	
14191	
14192	14021
14193	
14200	14052
14206	14064
14207	14032
14208	14011
14209	
14210	14068
14220	14026
14230	14071
14240	14009
14249	
14250	14070
14260	14028
14270	14035
14280	14008
14290	14029
14297	
14298	
14299	
14300	14073
14310	14047
14320	
14330	
14350	14021
14400	14054
14410	14062
14412	14051
14413	14034
14420	14067
14430	14001
14439	
14440	14069
14445	14016
14446	
14447	
14448	14020
14449	
14450	14006
14460	14023
14470	14074
14480	14003
14490	14072
14491	14061
14500	14056
14510	14045
14511	
14512	
14520	14027
14530	14041
14540	14057
14546	14060
14547	14902
14548	14040
14549	
14550	14042
14600	14043
14610	
14620	14018
14630	14050
14640	14066
14650	14012
14659	
14660	14014
14670	14063
14700	14049
14709	
14710	
14711	
14719	
14720	14005
14729	
14730	14053
14739	
14740	14036
14749	
14800	14055
14810	14015
14811	
14812	14004
14813	
14814	
14815	14031
14816	
14817	
14820	
14830	14025
14840	14019
14850	14007
14857	14046
14858	
14859	
14860	14022
14870	14075
14880	14039
14900	14038
14910	14010
14911	
14912	
14913	14024
14914	14048
14915	
14920	14002
14930	14044
14940	14013
14950	
14960	14058
14970	14037
14978	
14979	
15001	15030
15002	15030
15003	15030
15004	15030
15005	15030
15006	15030
15007	15030
15008	15030
15009	15030
15010	15030
15011	15030
15070	15030
15071	15030
15080	15030
15100	15019
15102	
15105	
15106	
15107	
15108	
15109	
15110	15068
15111	
15112	
15113	15043
15114	
15115	
15116	
15117	15040
15118	
15119	
15121	
15122	
15123	15016
15124	15052
15125	
15126	
15127	
15128	
15129	15092
15130	15028
15137	
15138	
15139	
15140	
15141	
15142	
15143	
15144	
15145	15041
15146	
15147	15029
15148	
15149	
15150	
15151	15034
15152	
15153	
15154	
15155	15037
15160	15075
15165	15008
15166	
15167	
15168	
15169	
15171	
15172	
15173	
15174	
15175	15021
15176	
15177	
15178	
15179	
15180	
15181	
15182	
15183	
15184	
15185	15024
15186	
15187	
15188	
15189	15031
15190	15030
15198	
15199	
15200	15057
15210	
15211	
15212	
15213	
15214	15042
15215	
15216	
15218	
15220	
15229	
15230	15062
15236	
15237	
15238	
15239	
15240	
15250	15053
15256	15045
15258	
15259	
15270	15023
15280	
15281	
15282	
15285	
15286	
15287	
15288	
15290	
15291	
15292	
15293	15020
15295	
15296	
15297	
15298	
15299	
15300	15009
15310	15032
15313	15039
15314	15064
15315	
15316	15027
15317	15003
15318	15001
15319	
15320	15070
15324	
15325	
15326	
15327	
15328	
15329	
15330	15061
15332	
15337	15044
15338	
15339	
15340	
15347	
15349	
15350	15022
15357	
15358	
15359	
15360	15901
15365	
15366	
15367	
15368	
15369	
15379	
15380	
15386	
15387	
15388	
15389	
15390	
15391	
15401	15036
15402	15036
15403	15036
15404	15036
15405	15036
15406	15036
15470	15036
15471	15036
15480	15036
15490	15036
15500	15035
15509	
15510	15055
15520	
15528	
15530	15025
15540	
15541	
15542	
15543	
15550	
15551	
15552	15087
15553	
15554	
15555	
15560	15076
15561	
15562	
15563	15049
15564	
15565	
15566	
15567	
15568	15081
15569	
15570	15054
15572	15054
15573	
15576	
15577	
15578	
15579	
15580	
15582	
15590	15036
15591	15036
15592	15036
15593	15036
15594	15036
15595	15036
15596	
15597	
15598	
15600	15069
15607	
15608	
15609	
15611	
15612	
15613	15018
15614	
15615	
15616	
15617	
15619	
15620	15051
15621	15015
15622	
15623	
15624	15004
15625	
15626	
15627	
15630	15048
15635	
15637	15091
15638	
15639	
15640	
15650	
15656	
15659	
15660	15017
15668	
15669	
15670	
15679	
15680	15059
15683	15084
15684	
15685	15047
15686	15038
15687	15086
15688	
15689	
15690	
15701	15078
15702	15078
15703	15078
15704	15078
15705	15078
15706	15078
15707	15078
15770	15078
15771	15078
15780	15078
15781	15078
15782	15078
15800	15046
15805	
15806	15083
15807	15090
15808	15079
15809	
15810	15006
15813	15080
15814	
15815	
15816	
15817	
15818	15010
15819	
15820	
15821	15066
15822	15085
15823	
15824	
15825	
15826	
15828	
15830	15056
15837	
15838	
15839	
15840	
15841	15077
15845	
15846	
15847	
15848	
15850	
15851	
15855	
15856	
15857	
15858	
15859	
15860	
15861	
15862	
15863	
15864	15002
15865	15013
15866	
15870	
15871	
15872	
15873	15088
15874	
15880	
15881	15012
15882	
15883	
15884	
15885	15089
15886	15082
15887	
15888	
15890	15078
15892	
15893	
15894	
15895	
15896	
15897	15078
15898	
15899	15078
15900	15065
15910	
15911	15074
15912	
15913	
15914	
15915	
15916	
15917	
15920	15072
15928	
15930	15011
15937	
15938	
15939	
15940	15067
15948	
15949	
15959	
15960	15073
15965	
15966	
15967	
15968	
15969	
15970	15071
15978	
15979	
15980	
15981	15033
15982	
15983	
15984	
15985	
15990	
15991	
15992	
15993	
15994	
15995	
15996	
15998	
15999	
16001	16078
16002	16078
16003	16078
16004	16078
16070	16078
16071	16078
16080	16078
16100	16236
16111	
16112	
16113	16152
16114	16039
16118	
16120	
16122	
16123	16905
16140	16245
16141	
16142	16121
16143	16122
16144	16085
16145	
16146	16280
16147	
16150	
16152	
16160	16148
16161	16211
16162	
16190	16023
16191	16030
16192	
16193	16089
16194	
16195	16110
16196	16263
16200	16134
16210	16042
16211	16158
16212	
16214	
16215	16017
16216	
16220	16175
16230	16251
16234	
16235	16113
16236	16244
16237	16118
16238	
16239	16066
16240	16155
16250	16068
16251	16096
16260	16125
16269	
16270	16248
16280	16271
16290	16098
16300	16052
16311	
16312	
16313	16014
16315	16008
16316	
16317	
16318	16189
16320	16202
16321	
16330	16117
16336	16194
16337	
16338	
16339	16095
16340	
16350	16055
16360	
16370	
16371	
16372	16082
16373	
16390	
16393	16126
16400	16203
16410	16106
16411	16086
16412	16002
16413	16212
16414	
16415	16249
16417	16100
16420	
16421	
16422	16216
16423	16145
16430	16186
16431	16018
16432	16264
16433	
16434	16129
16435	16099
16440	16130
16441	16101
16442	16269
16444	16073
16452	
16460	16027
16461	16119
16463	16185
16464	16010
16465	
16470	
16500	16112
16510	16240
16512	16041
16520	
16521	
16522	
16531	16250
16532	
16535	16246
16537	
16540	
16541	
16542	
16550	
16555	
16600	16190
16610	16061
16611	16064
16612	16065
16620	16007
16621	16195
16622	16159
16623	16072
16630	16133
16638	16153
16639	16196
16640	16033
16646	16247
16647	
16648	16255
16649	
16650	16124
16660	16154
16670	16171
16700	16198
16707	16060
16708	16063
16709	16238
16710	
16720	16047
16730	16102
16738	16049
16739	16213
16740	16015
16760	16139
16770	16191
16771	
16779	16034
16780	
16781	16083
16800	16170
16812	
16813	
16840	16254
16841	16005
16842	16209
16843	
16850	16050
16851	16038
16852	16140
16853	16143
16854	16071
16855	16025
16856	16067
16857	16045
16860	16242
16870	16035
16878	
16879	
16890	
16891	16053
16892	
16893	
17001	17079
17002	17079
17003	17079
17004	17079
17005	17079
17006	17079
17007	17079
17070	17079
17071	17079
17080	17079
17100	17022
17110	
17111	
17113	
17114	17205
17115	
17116	
17117	
17118	
17120	17130
17121	17057
17123	17197
17124	
17130	17062
17131	17153
17132	
17133	
17134	17195
17136	17004
17137	17217
17140	17204
17141	17018
17142	17211
17143	17085
17144	17055
17150	
17151	
17152	
17153	17172
17154	17183
17160	17008
17161	17116
17162	17020
17164	17903
17165	17189
17166	17194
17170	17007
17171	
17172	17133
17173	
17174	17161
17175	
17176	
17177	
17178	17139
17179	
17180	17215
17181	17002
17182	
17183	
17184	
17185	17233
17190	17155
17199	17040
17200	17117
17210	
17211	
17212	
17213	
17214	
17220	17160
17230	17118
17240	17089
17241	
17242	17142
17243	17090
17244	17044
17245	
17246	17181
17248	
17249	
17250	
17251	
17252	
17253	
17255	17013
17256	
17257	
17258	
17300	17023
17310	17095
17320	17202
17400	17027
17401	17009
17402	
17403	17164
17404	17146
17405	17063
17406	17220
17410	17193
17411	17213
17412	17103
17420	
17421	17148
17430	17180
17441	
17442	
17443	
17444	
17445	
17450	17083
17451	17159
17452	17101
17453	
17454	
17455	17033
17456	
17457	17150
17458	17073
17459	17038
17460	17049
17461	
17462	
17463	
17464	
17465	
17466	
17467	17176
17468	17218
17469	
17470	17178
17472	17011
17473	17210
17474	
17475	17175
17476	
17480	17152
17481	17169
17482	
17483	
17484	
17485	17230
17486	17047
17487	
17488	17032
17489	
17490	17092
17491	17132
17492	
17493	
17494	17128
17495	17120
17496	
17497	17138
17500	17147
17510	
17512	
17513	
17514	
17515	17212
17520	17141
17527	17094
17528	17082
17529	
17530	17036
17531	17080
17532	
17533	
17534	
17535	17134
17536	17201
17537	
17538	
17539	
17600	17066
17700	17086
17706	17135
17707	
17708	17041
17709	
17710	
17720	17102
17721	
17722	17060
17723	17234
17730	17093
17731	17196
17732	17171
17733	17003
17734	
17740	17221
17741	17051
17742	17012
17743	17228
17744	17111
17745	17088
17746	17031
17747	
17750	17042
17751	17158
17752	17106
17753	17064
17754	
17755	
17760	17214
17761	17030
17762	
17763	
17770	17026
17771	17182
17772	17115
17773	17136
17780	17077
17781	17227
17800	17114
17810	
17811	17184
17812	
17813	
17820	17015
17830	17105
17831	17174
17832	
17833	17071
17834	
17840	17186
17843	17123
17844	17056
17845	
17846	
17850	
17851	17098
17852	17190
17853	
17854	17165
17855	17109
17856	17046
17857	17185
17858	
17860	17167
17861	17112
17862	17170
17863	
17864	17177
17866	
17867	17039
17868	17107
17869	
18001	18087
18002	18087
18003	18087
18004	18087
18005	18087
18006	18087
18007	18087
18008	18087
18009	18087
18010	18087
18011	18087
18012	18087
18013	18087
18014	18087
18015	18087
18016	18087
18070	18087
18071	18087
18080	18087
18100	18021
18101	
18102	
18110	18905
18120	18013
18125	
18126	18020
18127	
18128	18192
18129	
18130	
18131	18185
18132	18001
18140	18193
18150	18084
18151	18145
18152	18068
18160	18094
18170	18011
18179	18189
18180	18067
18181	18063
18182	18087
18183	18099
18184	18024
18190	18047
18191	18157
18192	
18193	18134
18194	18062
18195	18057
18196	
18197	18165
18198	18101
18199	18036
18200	18127
18210	18153
18211	
18212	18095
18213	18111
18214	18144
18220	18003
18230	18022
18240	18158
18247	18132
18248	
18249	
18250	18914
18260	18102
18270	18135
18280	18012
18290	18037
18291	
18293	
18295	
18300	18122
18310	18171
18311	18913
18312	
18313	
18314	
18320	
18327	18115
18328	
18329	18061
18330	18059
18339	18048
18340	18079
18350	
18360	18100
18369	18188
18370	18138
18380	
18381	
18400	18147
18410	
18411	18151
18412	18032
18413	18042
18414	18901
18415	18163
18416	18033
18417	18180
18418	18040
18420	18116
18430	18179
18438	18016
18439	18044
18440	18035
18448	
18449	18121
18450	
18451	18030
18452	18112
18460	
18470	18183
18480	18182
18490	18141
18491	18181
18492	
18494	18903
18500	18089
18510	18027
18511	18907
18512	
18513	18074
18514	18010
18515	18076
18516	
18517	
18518	
18519	18167
18520	18002
18530	18152
18538	
18539	18187
18540	
18550	18105
18560	18088
18561	18136
18562	
18563	
18564	18051
18565	18038
18566	18028
18567	18065
18568	18159
18569	18137
18570	18066
18600	18140
18610	
18611	18133
18612	18103
18613	
18614	
18615	18906
18616	
18620	18014
18630	
18640	18150
18650	18071
18656	18119
18657	18143
18658	18902
18659	
18660	
18670	18184
18680	18173
18690	18017
18697	
18698	18148
18699	
18700	18006
18708	18004
18710	18162
18711	18170
18713	18177
18720	
18730	
18740	
18750	
18760	
18770	
18800	18023
18810	18039
18811	18194
18812	18078
18813	18912
18814	18053
18815	
18816	18046
18817	18029
18818	18045
18820	
18830	18098
18840	18082
18850	18056
18858	18146
18859	
18860	
18870	18085
18880	
18890	18086
18891	
19001	19130
19002	19130
19003	19130
19004	19130
19005	19130
19070	19130
19071	19130
19080	19130
19100	19212
19110	19192
19111	19327
19112	
19113	19124
19114	19176
19115	19021
19116	19107
19117	19006
19118	19022
19119	
19120	19245
19125	19009
19126	19247
19127	
19128	
19129	
19130	19045
19131	
19132	
19133	
19134	
19135	19041
19139	
19140	19143
19141	
19142	
19143	
19144	
19145	19233
19150	
19151	19082
19152	19015
19153	19043
19160	19105
19161	19225
19162	19220
19163	
19170	19071
19171	19058
19174	
19180	19171
19182	19120
19184	
19185	19304
19186	19102
19187	19293
19188	
19190	19274
19192	
19193	
19196	
19197	
19198	19286
19200	19046
19208	19024
19209	
19210	19331
19219	
19220	
19222	19262
19223	
19224	19311
19225	
19226	19189
19227	
19229	
19230	19092
19237	
19238	19146
19239	19191
19240	19156
19242	19135
19243	
19244	19203
19245	
19246	
19247	
19248	19138
19250	19257
19260	19011
19261	19162
19262	
19263	
19264	
19265	
19266	
19267	
19268	
19269	
19270	19044
19274	
19275	
19276	
19277	
19278	
19280	19170
19281	
19283	
19285	
19286	19175
19287	
19290	19117
19292	
19294	
19295	
19300	19190
19310	
19311	19204
19312	
19313	19216
19314	19264
19315	19178
19320	19027
19323	19272
19324	19255
19325	
19326	19222
19327	19213
19328	
19332	
19333	19265
19334	
19336	19209
19337	19285
19338	19287
19339	
19340	19237
19341	19099
19342	19134
19343	
19344	
19345	19283
19346	19254
19350	
19351	
19352	19227
19353	
19354	
19355	19277
19356	
19357	19034
19360	19059
19361	19332
19362	
19363	
19390	
19391	
19392	
19400	19053
19411	19308
19412	
19413	
19420	19086
19429	
19431	
19432	
19441	
19442	19002
19443	
19444	19201
19445	
19450	19291
19458	
19459	
19460	19317
19461	19040
19462	19214
19463	19223
19490	
19491	
19492	
19493	19217
19495	19333
20001	
20002	
20003	
20004	
20005	
20006	
20007	
20008	
20009	
20010	
20011	
20012	
20013	
20014	
20015	
20016	
20017	
20018	
20070	
20071	
20080	
20100	
20110	20064
20115	20903
20120	20040
20128	
20130	20072
20140	20009
20150	
20159	
20160	20902
20170	20073
20180	20063
20200	20019
20210	20049
20211	20015
20212	20058
20213	20043
20214	
20215	20025
20216	20062
20217	20038
20218	
20220	
20230	20051
20240	20076
20247	20078
20248	
20249	20047
20250	20052
20259	20904
20260	20005
20267	20044
20268	
20269	
20270	20010
20271	20046
20280	20036
20300	20045
20301	20045
20302	20045
20303	20045
20304	20045
20305	20045
20400	
20490	
20491	
20492	20022
20493	
20494	
20495	20004
20496	
20500	20055
20530	20068
20540	20034
20550	20013
20560	20059
20567	
20568	
20569	
20570	20074
20577	20011
20578	
20579	
20580	
20590	
20600	20030
20690	20033
20700	
20709	
20710	
20720	20017
20730	20018
20737	20066
20738	
20739	20020
20740	20027
20749	20003
20750	20081
20759	
20800	20079
20808	20039
20809	20016
20810	20061
20820	20029
20829	
20830	20056
20850	20901
20860	
20870	20032
21001	21041
21002	21041
21003	21041
21004	21041
21005	21041
21006	21041
21007	21041
21070	21041
21071	21041
21080	21041
21100	21060
21110	21002
21120	
21122	
21130	
21200	21007
21207	21045
21208	
21209	
21210	21079
21220	21038
21230	21025
21239	
21240	21008
21250	21062
21260	21069
21270	21016
21280	21009
21290	21043
21291	
21292	21033
21300	21017
21309	
21310	
21319	
21320	21023
21330	
21340	21001
21342	
21350	21004
21359	21067
21360	
21380	21029
21386	21028
21387	21027
21388	
21390	21031
21400	21010
21409	
21410	21042
21420	
21430	
21440	21044
21449	
21450	21021
21459	
21500	21035
21510	21063
21520	21006
21530	
21540	21076
21550	21058
21559	
21560	21057
21570	21068
21580	21015
21590	21073
21591	21066
21592	21075
21593	21003
21594	21037
21595	21065
21600	21072
21609	
21610	21064
21620	21070
21630	21011
21639	
21640	21078
21647	21012
21649	
21650	21018
21660	21049
21668	
21669	
21670	21052
21700	21054
21710	21013
21720	21061
21730	21005
21740	21040
21750	
21760	
21800	21050
21810	21055
21819	
21820	21046
21830	21014
21840	21053
21850	21077
21860	21074
21870	21032
21880	21056
21890	21047
21891	21030
22001	22125
22002	22125
22003	22125
22004	22125
22005	22125
22006	22125
22070	22125
22071	22125
22080	22125
22100	22206
22110	
22111	
22112	22011
22113	22162
22120	22222
22121	
22122	22126
22123	22027
22124	
22125	22135
22126	22139
22131	22055
22132	
22133	22029
22134	
22135	
22140	
22141	
22142	22081
22143	22001
22144	22058
22145	22024
22146	
22147	22003
22148	
22149	
22150	22037
22160	
22161	
22162	
22190	22248
22191	22195
22192	
22193	
22194	
22195	
22196	
22197	
22200	22213
22210	
22212	
22213	
22214	22136
22215	22085
22216	22184
22220	22008
22221	
22222	22083
22223	22242
22230	22217
22231	22251
22232	22165
22233	22094
22234	22046
22240	22226
22250	22137
22251	22018
22252	22197
22253	22218
22254	22232
22255	
22260	22116
22268	
22269	
22270	22021
22280	22119
22281	
22282	22014
22283	
22300	22048
22310	22082
22311	
22312	
22313	
22314	
22315	
22320	22160
22330	
22336	
22337	22168
22338	22190
22339	
22340	22066
22347	
22348	
22349	
22350	22057
22351	
22360	22133
22361	22144
22362	22189
22363	
22364	
22365	
22366	
22367	
22370	22069
22371	
22372	
22373	22109
22374	
22375	22107
22376	
22377	
22378	
22390	22115
22391	
22392	22002
22393	
22394	
22395	
22400	22158
22410	22017
22411	
22412	
22413	
22414	
22415	22128
22416	
22417	
22420	22022
22421	
22422	22110
22423	22103
22424	22102
22430	22117
22435	22187
22436	
22437	
22438	
22439	
22440	22054
22449	
22450	22074
22451	22243
22452	22111
22460	22177
22461	
22462	
22463	22215
22464	
22465	22095
22466	22084
22467	
22468	22200
22469	
22470	22062
22471	22143
22472	
22473	
22474	
22480	22080
22481	
22482	
22483	22233
22484	22246
22485	
22486	22067
22487	22157
22500	22061
22510	22060
22511	
22512	22205
22513	
22514	
22520	22112
22528	22245
22529	
22530	22254
22531	
22532	22167
22533	22052
22534	22007
22535	22099
22536	
22540	22025
22549	22909
22550	22225
22558	22009
22559	
22560	22016
22569	22043
22570	22075
22571	22045
22572	22089
22580	22053
22583	
22584	22188
22585	22229
22586	22142
22587	22087
22588	
22589	
22590	22234
22591	22077
22592	22172
22600	22199
22609	
22610	22252
22611	
22612	
22613	
22620	
22621	
22622	
22623	
22624	22072
22625	
22630	22059
22636	
22637	
22638	
22639	22253
22640	22204
22650	
22660	
22661	
22662	22122
22663	
22664	
22665	
22666	
22700	22130
22710	22086
22711	
22712	
22713	
22714	
22715	
22720	
22728	22028
22729	22106
22730	22032
22731	22131
22732	
22740	
22750	
22751	
22752	
22753	
22760	22044
22761	
22770	
22771	
22772	
22773	
22790	
22791	22208
22792	22209
22800	22039
22806	
22807	22063
22808	
22809	
22810	
22811	
22820	
22821	
22822	
22830	
22860	
22870	22250
22880	
22888	
22889	
23001	23050
23002	23050
23003	23050
23004	23050
23005	23050
23006	23050
23007	23050
23008	23050
23009	23050
23070	23050
23071	23050
23080	23050
23100	23058
23110	23067
23120	23018
23130	23019
23140	23064
23150	23093
23159	
23160	
23170	23038
23180	23035
23190	
23191	
23192	
23193	
23194	
23196	
23200	23024
23210	23039
23211	23021
23212	
23213	23076
23214	
23215	23004
23220	23094
23230	23008
23239	
23240	23063
23250	23079
23260	23025
23264	23029
23265	
23266	23062
23267	
23268	
23269	
23270	
23280	23012
23289	
23290	
23291	
23292	
23293	
23294	
23295	
23296	
23297	
23298	
23300	23095
23310	
23311	23080
23312	
23313	
23314	
23315	
23320	23088
23330	23097
23338	23048
23339	
23340	23905
23350	
23359	
23360	23072
23369	
23370	23065
23379	23081
23380	23082
23390	23016
23391	23091
23392	23037
23393	23101
23400	23092
23410	23075
23411	
23412	
23413	
23420	23020
23430	23074
23440	23009
23450	23046
23460	23066
23468	
23469	
23470	23028
23476	23047
23477	23030
23478	
23479	
23480	23073
23485	23070
23486	23042
23487	23045
23488	
23489	
23490	
23499	
23500	23053
23509	
23510	23085
23519	
23520	23014
23526	
23528	23057
23529	
23530	23052
23537	
23538	23001
23539	
23540	23090
23550	
23560	23044
23568	23015
23569	
23590	
23591	23054
23600	23060
23610	23034
23611	23041
23612	23077
23613	
23614	
23615	
23616	
23620	23061
23628	
23630	
23638	
23639	
23640	
23649	
23650	23087
23657	23031
23658	23051
23659	23098
23660	23003
23669	
23670	23026
23680	23002
23684	
23685	
23686	
23687	
23688	
23689	
23690	23033
23691	
23692	
23693	
23700	23055
23710	23010
23711	23011
23712	23049
23713	
23730	23096
23740	23005
23746	23040
23747	
23748	
23749	
23750	23007
23760	23006
23770	23059
23780	23056
23790	23069
24001	24089
24002	24089
24003	24089
24004	24089
24005	24089
24006	24089
24007	24089
24008	24089
24009	24089
24010	24089
24070	24089
24071	24089
24080	24089
24100	24202
24110	
24111	
24112	
24113	
24114	
24120	
24121	
24122	
24123	24040
24124	
24125	24167
24126	
24127	
24130	24101
24131	
24132	
24133	
24134	
24135	
24136	
24137	
24138	
24139	
24140	
24141	
24142	24029
24143	
24144	24145
24145	24164
24146	
24148	24012
24149	
24150	
24151	
24152	24199
24153	24201
24154	
24155	
24156	
24160	24079
24161	
24162	
24163	
24164	
24165	
24166	
24170	24004
24171	
24172	
24174	24051
24175	24215
24191	24089
24192	
24193	
24195	
24196	
24197	
24198	
24199	
24200	24188
24205	
24206	
24207	
24208	
24209	
24210	24094
24217	
24218	
24219	24225
24220	24181
24221	24032
24222	
24223	24073
24224	
24225	
24226	24227
24227	
24228	24175
24230	24187
24231	24105
24232	24006
24233	
24234	
24235	24221
24236	
24237	
24238	
24239	24054
24240	24157
24248	
24249	
24250	
24251	
24252	
24253	24176
24257	
24260	
24270	
24271	24092
24272	24055
24273	24104
24274	
24275	24133
24276	24158
24277	
24280	
24281	
24282	
24283	
24284	
24285	24173
24286	24082
24287	
24288	24224
24290	24153
24291	24097
24292	24190
24293	24084
24294	24078
24300	24014
24310	
24311	24071
24312	24083
24313	
24314	24049
24315	
24316	
24317	
24318	
24319	
24320	24139
24323	24050
24324	
24325	
24326	
24327	
24328	24229
24329	
24330	24160
24339	24217
24340	24080
24341	24069
24342	24031
24343	24024
24344	
24345	
24346	24197
24347	
24350	
24356	
24357	24026
24358	24223
24360	
24367	24210
24368	
24369	
24370	24170
24374	
24375	
24376	
24377	
24378	
24379	
24380	
24384	
24385	
24386	
24387	
24388	
24389	24016
24390	
24391	
24392	
24393	24159
24394	
24395	
24396	24093
24397	24123
24398	24057
24400	24115
24401	24115
24402	24115
24403	24115
24404	24115
24410	24034
24411	
24412	24027
24413	24100
24414	
24415	
24416	
24420	24070
24428	
24429	24112
24430	24196
24433	
24434	
24435	
24436	
24437	
24438	24019
24439	24143
24440	
24441	
24442	24041
24443	24022
24444	
24445	
24446	
24447	
24448	24119
24450	24169
24457	
24458	
24459	
24460	
24469	
24470	24110
24478	
24479	
24480	
24488	
24489	
24490	
24491	
24492	24064
24493	
24494	
24495	24109
24496	
24497	
24498	
24500	24209
24510	
24511	
24512	
24513	
24514	24059
24515	
24516	
24517	
24520	24198
24521	24011
24522	
24523	24171
24524	
24525	24009
24526	
24530	
24540	24030
24544	
24545	
24546	24007
24547	
24548	
24549	24038
24550	
24560	24206
24565	
24566	24103
24567	
24568	
24569	
24600	24114
24607	
24608	
24609	
24610	
24620	24061
24630	
24640	24134
24648	
24649	
24650	
24660	
24670	
24680	24901
24687	
24688	
24689	
24690	
24699	
24700	24008
24710	24148
24711	24214
24712	
24713	
24714	
24715	
24716	24023
24717	24185
24718	
24719	24219
24720	
24721	24044
24722	24152
24723	24090
24724	
24730	24066
24731	
24732	
24733	
24734	
24735	24047
24736	
24738	
24740	24172
24741	
24742	24043
24743	
24744	
24745	24067
24746	
24750	24010
24760	
24761	24003
24762	
24763	
24764	24108
24765	
24766	24216
24767	24125
24768	24166
24769	24053
24790	
24791	24136
24792	
24793	24182
24794	24131
24795	
24796	
24797	24141
24800	24056
24810	24137
24811	
24812	
24813	
24814	
24815	
24816	
24820	
24830	
24836	24194
24837	
24838	24037
24839	
24840	
24843	
24844	
24845	
24846	
24847	24179
24848	24151
24849	
24850	24021
24852	
24853	
24854	
24855	24121
24856	24129
24857	
24858	
24859	
24860	
24869	
24870	24068
24877	
24878	
24879	
24880	
24882	24183
24883	
24884	
24885	24120
24886	
24887	
24888	
24889	
24890	
24891	24076
24892	24052
24893	24118
24900	24130
24911	24020
24912	
24913	
24914	
24915	24116
24916	24106
24917	
24918	
24920	
24930	24180
24940	24063
24950	
24960	
24970	
24980	24060
24989	
24990	
24991	
24994	24025
24995	
24996	
25001	25120
25002	25120
25003	25120
25004	25120
25005	25120
25006	25120
25007	25120
25008	25120
25070	25120
25071	25120
25080	25120
25100	25019
25109	
25110	25023
25111	
25112	
25113	
25114	
25120	25013
25121	
25122	25112
25123	25228
25124	25189
25125	25016
25126	25021
25130	25015
25131	25233
25132	25053
25133	25251
25134	25174
25135	25008
25136	25069
25137	25078
25138	25231
25139	25134
25140	25029
25141	25230
25142	25052
25143	25168
25144	
25150	25033
25151	25036
25152	25076
25153	25182
25154	25067
25155	25006
25160	25105
25161	25014
25162	25010
25163	25206
25164	25224
25165	25118
25170	25232
25171	25007
25172	25142
25173	25211
25174	25212
25175	25200
25176	25226
25177	
25178	25056
25179	25133
25180	25011
25181	25210
25182	25038
25183	25204
25184	
25185	25102
25186	25125
25187	25020
25190	25120
25191	25120
25192	25120
25193	25120
25194	25120
25195	25120
25196	25120
25197	25120
25198	25120
25199	25120
25200	25072
25210	25110
25211	
25212	
25213	25216
25214	
25215	25194
25216	25114
25217	
25218	25103
25220	25048
25221	25004
25222	25205
25230	25137
25240	25122
25241	25099
25242	25135
25243	25158
25244	25093
25245	25252
25250	25050
25260	25113
25261	
25262	25041
25263	25176
25264	25248
25265	25068
25266	
25267	
25268	
25269	
25270	25192
25271	
25280	25207
25281	
25282	25193
25283	
25284	
25285	25111
25286	
25287	25167
25288	
25289	
25290	
25300	25217
25310	25003
25315	
25316	25177
25317	
25318	
25320	25027
25330	25244
25331	25225
25332	25096
25333	
25334	25070
25335	25164
25336	25049
25337	25047
25340	
25341	
25343	
25344	
25350	
25351	
25352	
25353	
25354	
25360	
25400	25058
25410	25081
25411	25097
25412	25153
25413	25092
25420	25180
25430	25119
25440	25255
25450	25009
25457	25253
25460	25073
25471	25169
25480	25218
25500	25171
25510	
25511	
25512	
25513	
25514	25202
25515	25227
25516	
25517	
25518	
25520	25173
25526	
25527	
25528	
25529	
25530	
25537	
25538	
25539	
25540	25121
25548	25063
25549	25045
25550	25059
25551	
25552	25245
25553	
25554	
25555	25201
25556	
25560	25209
25566	25208
25567	
25568	
25569	
25570	
25571	25087
25572	
25573	
25574	25017
25575	
25576	25123
25577	
25580	25086
25586	
25587	
25588	
25589	
25590	
25591	
25592	
25593	
25594	25183
25595	
25596	
25597	25082
25598	
25599	
25600	25040
25610	25156
25611	
25612	
25613	25062
25614	
25615	
25616	25138
25617	25035
25620	25234
25630	25215
25631	
25632	25196
25633	
25634	
25635	
25636	
25637	
25638	
25639	
25640	
25650	
25651	25001
25652	
25653	
25654	
25655	
25656	
25657	
25658	
25660	25012
25670	25220
25680	25240
25690	25254
25691	25002
25692	
25693	25190
25700	25203
25710	
25711	
25712	
25713	
25714	
25715	
25716	25100
25717	
25718	
25719	25088
25720	25051
25721	25913
25722	
25723	25030
25724	
25725	
25726	
25727	25179
25730	25034
25735	25250
25736	
25737	
25738	
25739	
25740	25172
25746	
25747	
25748	25060
25749	
25750	25223
25751	
25752	25055
25753	25191
25788	
25790	
25791	25222
25792	
25793	25077
25794	
25795	
25796	
25797	
25798	
25799	
26001	26089
26002	26089
26003	26089
26004	26089
26005	26089
26006	26089
26007	26089
26008	26089
26009	26089
26070	26089
26071	26089
26080	26089
26100	26151
26110	26106
26111	
26120	26005
26121	26165
26122	
26123	26169
26124	
26125	26177
26126	
26127	
26130	
26131	26126
26132	
26133	
26134	
26135	
26140	26084
26141	26006
26142	26168
26143	26099
26144	
26145	
26146	26123
26147	
26148	26108
26150	
26151	26019
26160	26002
26190	26103
26191	26144
26200	26071
26210	
26211	
26212	
26213	
26214	26056
26215	26155
26216	26131
26220	26111
26221	26068
26222	26127
26223	26076
26224	26152
26226	
26230	26042
26240	26043
26241	26025
26250	26138
26256	26167
26257	
26258	
26259	
26260	
26261	
26270	26110
26280	26061
26288	
26289	
26290	26033
26291	
26292	26166
26300	26102
26310	26023
26311	
26312	
26313	26160
26314	26079
26315	
26320	26026
26321	
26322	
26323	
26324	26009
26325	
26326	26130
26327	26027
26328	26060
26329	
26330	26034
26338	26142
26339	26001
26340	26129
26350	26046
26359	26154
26360	26064
26370	26105
26371	
26372	26078
26373	26057
26374	26096
26375	26059
26376	26143
26500	26036
26509	26007
26510	26117
26511	26170
26512	26158
26513	26020
26520	26047
26525	26080
26526	26054
26527	
26528	
26529	
26530	26003
26531	
26532	26161
26533	26104
26540	26011
26550	26125
26559	26008
26560	26021
26570	26120
26580	26018
26584	26072
26585	26136
26586	
26587	
26588	
26589	
27001	27028
27002	27028
27003	27028
27004	27028
27070	27028
27071	27028
27080	27028
27100	
27110	
27111	
27112	
27113	27035
27114	
27115	
27116	
27117	
27118	
27120	
27122	
27123	
27124	
27125	
27126	
27127	
27128	
27129	
27130	
27131	
27132	
27133	
27134	
27135	
27136	
27140	
27141	
27142	
27143	
27144	
27145	
27146	
27150	
27151	
27152	
27153	
27154	
27155	
27156	
27157	
27160	
27161	
27162	
27163	
27164	
27165	
27166	
27168	
27169	
27170	
27177	
27178	
27180	
27181	
27182	
27183	
27184	
27185	
27186	
27187	
27188	
27190	
27191	
27192	27028
27200	
27203	
27204	
27205	
27206	
27207	
27208	
27209	
27210	27028
27211	
27212	
27213	
27214	
27215	
27216	
27217	
27220	
27226	
27227	
27228	
27229	
27230	
27231	
27232	
27233	
27234	
27235	
27240	
27241	
27243	
27244	
27245	
27246	
27247	
27248	
27250	
27256	
27257	
27258	
27259	
27260	
27266	
27267	
27268	
27269	
27270	
27271	
27272	
27273	
27274	
27275	
27276	
27277	
27278	
27279	
27280	
27282	
27283	
27286	
27287	
27289	
27290	
27293	
27294	27028
27296	
27297	27028
27298	27028
27299	
27300	
27305	
27306	
27307	
27308	
27309	
27310	
27317	
27318	
27320	
27324	
27325	
27328	
27329	
27330	
27331	
27332	
27333	
27334	
27335	
27336	
27338	
27339	
27340	
27341	
27342	
27343	
27344	
27345	
27346	
27347	
27348	
27349	
27350	
27359	
27360	
27362	
27363	
27364	
27366	
27367	
27368	
27369	
27370	
27371	
27372	
27373	27007
27374	
27375	
27376	
27377	
27378	
27379	
27380	
27388	
27389	
27390	
27391	
27392	
27400	
27410	
27411	
27412	
27413	
27414	
27415	
27416	
27417	
27418	
27419	
27420	
27421	
27422	
27423	
27424	
27425	
27430	
27437	
27438	
27439	
27440	
27450	
27460	
27466	
27468	
27469	
27470	
27500	
27510	
27511	
27512	
27513	
27514	
27515	
27516	
27517	
27518	
27519	
27520	
27527	
27528	27009
27529	
27530	
27531	
27532	
27533	
27540	
27543	
27544	
27545	
27546	
27547	
27548	
27549	
27550	
27554	
27555	
27556	
27557	
27558	
27559	
27560	
27568	
27569	
27570	
27576	
27577	
27578	
27579	
27590	
27591	
27592	
27593	
27594	
27595	
27596	
27600	
27610	
27611	
27612	
27613	
27614	
27615	
27616	
27617	
27618	
27619	
27620	
27623	
27624	
27625	
27626	
27627	
27628	
27630	
27631	
27632	
27633	
27634	
27635	
27636	
27637	
27638	
27639	
27640	
27646	
27647	
27648	
27649	
27650	
27651	
27652	
27653	
27654	
27655	
27656	
27657	
27658	
27659	
27660	
27661	
27662	
27663	
27664	
27665	
27666	
27667	
27668	
27670	27045
27671	
27672	
27673	
27675	
27676	
27677	
27678	
27679	
27680	
27685	
27686	
27687	
27688	
27689	
27690	
27691	
27692	
27693	
27694	
27695	
27696	
27697	
27698	
27699	
27700	
27710	
27711	
27712	
27713	
27714	
27715	
27720	
27721	
27722	
27723	
27724	
27725	
27726	
27727	
27728	
27729	
27730	
27737	
27738	
27740	
27742	
27743	
27744	
27745	
27747	
27748	
27749	
27750	
27751	
27752	
27760	
27765	
27766	
27767	
27768	
27770	
27773	
27774	
27775	
27776	
27777	
27778	
27779	
27780	
27785	
27786	
27787	
27788	
27789	
27790	
27791	
27792	
27793	
27794	
27795	
27796	
27797	
27798	
27800	
27810	
27811	
27812	
27813	
27814	
27815	
27816	
27817	
27818	
27820	
27821	
27822	
27823	
27824	
27825	
27826	
27830	
27832	
27833	27021
27834	
27835	
27836	
27837	
27840	
27841	
27842	
27843	
27844	
27845	
27849	
27850	
27860	27064
27861	
27863	
27864	
27865	
27866	
27867	
27868	
27869	
27870	27025
27876	
27877	
27878	
27879	
27880	27902
27888	
27889	
27890	
27891	27013
27892	
27893	
28001	28079
28002	28079
28003	28079
28004	28079
28005	28079
28006	28079
28007	28079
28008	28079
28009	28079
28010	28079
28011	28079
28012	28079
28013	28079
28014	28079
28015	28079
28016	28079
28017	28079
28018	28079
28019	28079
28020	28079
28021	28079
28022	28079
28023	28079
28024	28079
28025	28079
28026	28079
28027	28079
28028	28079
28029	28079
28030	28079
28031	28079
28032	28079
28033	28079
28034	28079
28035	28079
28036	28079
28037	28079
28038	28079
28039	28079
28040	28079
28041	28079
28042	28079
28043	28079
28044	28079
28045	28079
28046	28079
28047	28079
28048	28079
28049	28079
28050	28079
28051	28079
28052	28079
28053	28079
28054	28079
28055	28079
28070	28079
28071	28079
28080	28079
28082	28079
28083	28079
28085	28079
28086	28079
28087	28079
28100	28006
28108	28006
28109	28006
28110	28009
28119	
28120	
28130	
28140	28059
28150	28164
28160	
28170	28163
28180	28151
28189	
28190	
28191	
28192	28021
28193	28039
28194	28124
28195	
28196	
28200	28131
28209	
28210	28160
28211	
28212	28095
28213	28042
28214	28056
28219	
28220	28080
28221	28080
28222	28080
28223	28115
28224	28115
28229	28177
28230	28127
28231	28127
28232	28127
28240	28072
28248	
28250	28152
28260	28061
28270	28044
28279	
28280	28054
28290	28127
28292	
28293	28183
28294	28125
28295	28159
28296	28135
28297	
28300	28013
28310	
28311	
28312	
28320	28113
28330	28132
28339	
28340	28161
28341	28161
28342	28161
28343	28161
28350	28040
28359	28147
28360	28170
28370	28052
28380	28043
28390	28019
28391	28157
28400	28047
28410	28082
28411	28090
28412	
28413	28023
28419	
28420	
28430	28010
28440	28068
28450	28046
28459	
28460	28087
28470	28038
28479	
28480	
28490	28018
28491	
28492	
28500	28014
28510	28033
28511	28165
28512	28179
28513	
28514	28100
28515	28101
28521	28123
28522	28123
28523	28123
28524	28123
28529	28123
28530	28091
28540	28110
28550	28146
28560	28035
28570	28102
28580	28011
28590	28180
28594	28155
28595	28055
28596	28025
28597	28060
28598	28173
28600	28096
28607	28004
28609	
28610	28174
28620	28008
28630	28171
28640	28031
28648	
28649	28128
28650	28037
28660	28022
28668	
28669	
28670	28181
28679	
28680	28133
28690	28026
28691	28176
28692	
28693	28119
28694	28051
28695	28099
28696	28109
28700	28134
28701	28134
28702	28134
28703	28134
28706	
28707	
28708	
28709	
28710	28086
28720	28028
28721	
28722	28168
28723	28108
28729	
28730	
28737	
28739	
28740	28120
28741	
28742	
28743	28062
28749	
28750	28129
28751	28030
28752	
28753	
28754	
28755	
28756	28143
28760	28903
28770	28045
28791	28144
28792	28085
28793	
28794	28067
28800	28005
28801	28005
28802	28005
28803	28005
28804	28005
28805	28005
28806	28005
28807	28005
28810	28172
28811	28048
28812	
28813	
28814	28053
28815	
28816	
28817	28137
28818	
28820	28049
28821	28049
28822	28049
28823	28049
28830	28130
28840	28084
28850	28148
28851	
28860	28104
28861	
28862	
28863	28041
28864	28002
28870	28005
28880	28083
28890	28075
28891	28167
28900	28065
28901	28065
28902	28065
28903	28065
28904	28065
28905	28065
28906	28065
28907	28065
28909	28065
28910	28074
28911	28074
28912	28074
28913	28074
28914	28074
28915	28074
28916	28074
28917	28074
28918	28074
28919	28074
28920	28007
28921	28007
28922	28007
28923	28007
28924	28007
28925	28007
28930	28092
28931	28092
28932	28092
28933	28092
28934	28092
28935	28092
28936	28092
28937	28092
28938	28092
28939	28015
28940	28058
28941	28058
28942	28058
28943	28058
28944	28058
28945	28058
28946	28058
28947	28058
28950	28089
28970	28073
28971	28066
28976	28017
28977	28036
28978	28050
28979	28140
28980	28106
28981	28106
28982	28106
28983	28106
28984	28106
28990	28150
28991	28149
29001	29067
29002	29067
29003	29067
29004	29067
29005	29067
29006	29067
29007	29067
29008	29067
29009	29067
29010	29067
29011	29067
29012	29067
29013	29067
29014	29067
29015	29067
29016	29067
29017	29067
29018	29067
29070	29067
29071	29067
29080	29067
29100	29042
29108	
29109	29090
29110	29073
29120	29008
29130	29007
29140	29067
29150	29011
29160	29039
29170	29043
29180	29083
29190	29067
29193	
29194	
29195	29044
29196	29067
29197	29092
29200	29015
29210	29049
29220	29047
29230	29902
29239	
29240	29093
29250	
29260	
29300	29017
29310	29095
29311	
29312	29096
29313	29097
29314	
29315	29098
29320	29032
29327	29089
29328	29088
29329	
29330	29010
29340	29035
29350	29020
29360	29074
29370	29028
29380	29046
29391	
29392	29063
29393	
29394	
29395	
29400	29084
29410	29100
29420	29031
29430	29903
29440	29060
29450	29081
29451	29077
29452	29037
29460	29014
29461	29052
29462	29065
29470	29048
29471	29904
29480	29056
29490	29029
29491	
29492	
29493	29022
29494	29021
29500	29012
29510	
29520	
29530	29001
29531	29059
29532	29072
29533	
29540	
29550	29018
29551	29036
29552	
29560	29080
29566	29040
29567	29013
29569	
29570	29038
29580	
29590	29067
29591	29067
29593	
29600	29069
29601	29069
29602	29069
29603	29069
29604	29069
29610	29076
29611	29061
29612	
29620	29901
29630	
29631	
29639	
29640	29054
29649	29070
29650	29070
29651	29070
29660	29069
29670	29069
29678	
29679	29023
29680	29051
29688	
29689	
29690	29041
29691	29068
29692	
29693	
29700	29094
29710	29079
29711	29002
29712	29099
29713	
29714	29085
29715	29087
29716	29033
29718	
29719	29027
29720	
29730	29082
29738	29071
29740	
29749	
29750	29005
29751	
29752	29086
29753	29016
29754	29045
29755	29034
29760	
29770	29091
29780	29075
29787	
29788	29053
29789	
29790	
29791	29066
29792	29062
29793	
30001	30030
30002	30030
30003	30030
30004	30030
30005	30030
30006	30030
30007	30030
30008	30030
30009	30030
30010	30030
30011	30030
30012	30030
30070	30030
30071	30030
30080	30030
30100	30030
30107	
30108	
30109	
30110	30030
30120	
30130	30010
30139	
30140	30901
30148	
30149	
30150	
30151	30030
30152	
30153	
30154	
30155	
30156	
30157	
30158	
30160	30030
30161	
30162	
30163	
30164	
30165	
30166	
30167	
30168	30030
30169	
30170	30029
30176	30032
30177	
30178	
30179	
30180	30012
30189	
30190	30004
30191	30014
30192	
30193	
30194	
30195	
30196	
30200	30016
30201	30016
30202	30016
30203	30016
30204	30016
30205	30016
30300	30016
30310	30016
30319	30016
30320	
30329	
30330	
30331	
30332	
30333	
30334	
30335	
30338	
30350	
30351	
30353	
30360	30041
30364	
30365	
30366	
30367	
30368	
30369	
30370	
30380	
30381	
30382	
30383	
30384	
30385	
30389	
30390	
30391	
30392	
30393	
30394	30016
30395	
30396	
30397	
30398	
30399	
30400	30015
30410	
30411	
30412	
30413	
30414	
30420	30013
30430	30017
30438	
30439	
30440	30028
30441	
30442	
30500	30027
30506	30027
30507	30027
30508	30027
30509	30027
30510	30043
30520	30022
30528	
30529	
30530	30019
30535	
30540	30011
30550	30002
30558	
30559	
30560	30007
30561	
30562	30018
30563	
30564	30025
30565	30038
30566	
30570	30030
30579	
30580	
30588	
30589	
30590	
30591	
30592	
30593	
30594	
30600	30009
30609	
30610	30034
30611	30031
30612	30040
30613	
30620	30020
30626	
30627	
30628	
30629	
30640	30001
30648	
30649	
30700	30037
30708	
30709	
30710	30902
30720	
30729	
30730	30035
30739	
30740	30036
30800	30024
30810	
30811	
30812	
30813	
30814	
30815	
30816	
30817	
30818	
30820	30005
30830	
30831	
30832	
30833	
30834	
30835	
30836	
30837	
30840	30008
30848	
30849	
30850	30039
30858	
30859	30006
30860	
30868	
30870	30026
30875	
30876	
30877	
30878	
30879	
30880	30003
30889	
30890	30033
30891	
30892	30023
30893	
31001	31201
31002	31201
31003	31201
31004	31201
31005	31201
31006	31201
31007	31201
31008	31201
31009	31201
31010	31201
31011	31201
31012	31201
31013	31201
31014	31201
31015	31201
31016	31201
31070	31201
31071	31201
31080	31201
31100	31206
31109	31039
31110	
31119	
31130	31161
31131	31074
31132	31257
31133	
31140	31038
31150	31167
31151	31183
31152	31180
31153	
31154	
31160	31906
31170	31131
31171	
31172	31118
31173	
31174	
31175	31214
31176	
31177	31154
31178	31002
31179	
31180	31907
31190	
31191	
31192	31023
31193	
31194	
31195	31902
31200	
31208	
31210	31029
31219	
31220	31219
31227	
31228	
31229	
31230	31251
31239	31026
31240	31041
31241	
31242	31255
31243	
31250	31200
31251	31142
31252	31053
31253	31171
31254	
31260	31152
31261	31015
31262	31012
31263	
31264	
31270	31143
31271	
31272	
31280	
31281	
31282	
31283	
31284	31265
31290	
31291	31121
31292	
31293	31224
31300	31227
31310	31067
31311	
31312	
31313	31179
31314	31220
31315	
31320	31169
31330	31254
31340	31163
31350	31202
31360	31107
31370	31104
31380	31065
31382	31164
31383	
31390	31191
31391	31178
31392	31205
31393	31051
31394	31207
31395	
31396	
31397	
31398	
31400	31216
31409	
31410	31261
31411	31135
31412	31059
31413	31252
31414	31113
31415	31210
31416	31245
31417	31128
31418	31247
31420	31244
31421	
31422	31237
31430	31019
31438	31028
31439	31199
31440	31159
31448	
31449	
31450	31181
31451	
31452	31119
31453	31095
31454	31071
31460	
31470	
31471	31172
31472	
31473	
31480	
31481	
31482	
31483	
31484	
31485	
31486	
31487	31155
31490	31069
31491	31212
31492	
31493	31110
31494	
31495	31217
31496	31235
31500	31232
31510	31108
31511	31062
31512	31106
31513	31032
31514	31249
31515	31064
31520	31068
31521	31176
31522	
31523	
31530	31078
31540	31057
31550	31208
31560	31042
31570	31215
31579	31066
31580	31157
31587	31165
31588	31145
31589	31223
31590	31070
31591	31077
31592	31072
31593	31105
31600	31060
31610	31258
31620	31122
31621	
31630	
31638	
31639	
31640	31058
31650	31211
31660	31248
31670	31195
31671	
31680	31185
31689	31133
31690	31093
31691	31134
31692	
31693	31115
31694	
31695	
31696	
31697	31092
31698	
31699	
31700	
31710	31264
31711	31239
31712	
31713	
31714	
31715	
31720	
31730	
31740	31221
31744	31087
31745	31129
31746	31263
31747	31213
31748	31090
31749	31102
31750	31081
31751	
31752	
31753	31137
31754	
31760	31082
31770	31153
31780	31250
31789	
31790	
31791	31226
31792	
31793	
31794	
31795	
31796	
31797	
31798	31140
31799	
31800	31010
31809	
31810	
31820	31084
31829	
31830	31138
31839	31027
31840	
31849	31127
31850	
31860	31904
31866	
31867	
31868	
31869	
31870	31908
31876	31031
31877	
31878	31083
31879	
31880	
31890	31055
31891	
31892	
32001	32054
32002	32054
32003	32054
32004	32054
32005	32054
32070	32054
32071	32054
32080	32054
32100	
32101	32087
32102	
32103	
32111	
32112	
32120	
32130	
32135	
32136	
32137	
32138	
32139	
32140	
32141	
32150	
32151	
32152	
32153	
32160	32052
32161	
32164	
32170	32002
32172	
32200	
32211	
32212	
32213	
32226	
32227	
32228	
32229	
32235	32064
32236	
32300	
32310	
32311	
32312	
32314	
32315	
32317	
32318	
32320	
32329	
32330	
32334	
32336	
32337	
32338	
32340	32088
32348	
32350	
32356	32060
32357	
32358	32038
32360	
32365	
32366	
32368	
32369	
32370	
32371	
32372	
32373	32015
32375	
32400	32069
32410	32046
32411	
32412	
32413	32018
32415	
32416	
32417	
32418	
32419	
32420	32040
32425	
32426	
32428	
32429	
32430	
32431	
32432	
32433	
32440	
32448	
32449	
32450	
32452	
32453	
32454	32025
32455	
32456	
32457	
32459	
32500	32019
32510	
32512	
32514	32013
32515	
32516	
32520	32004
32521	
32522	
32523	
32525	32011
32526	
32530	
32534	
32536	
32537	
32539	
32540	32034
32545	
32546	
32547	
32548	
32549	32048
32550	32086
32551	
32552	
32554	
32555	
32556	
32557	32092
32558	
32560	
32562	
32563	
32570	
32573	
32574	
32575	
32577	
32600	32085
32610	
32611	
32612	
32613	32053
32615	
32616	32091
32617	
32618	
32619	
32620	
32621	
32622	
32624	
32625	32021
32626	
32627	
32630	32032
32631	32078
32632	32005
32633	
32634	32012
32635	
32636	
32637	
32640	
32641	
32643	32042
32644	
32646	
32648	32016
32650	32090
32651	
32652	32067
32654	
32655	
32660	32001
32664	
32665	
32666	
32667	
32668	
32669	
32670	32036
32678	
32679	
32680	
32688	
32689	32028
32690	
32691	
32692	32077
32693	
32695	
32696	
32697	
32698	
32699	
32700	32043
32701	32007
32702	32089
32703	
32704	
32705	
32706	
32707	
32708	
32710	32058
32711	
32720	32031
32730	
32740	32057
32747	
32748	
32749	
32750	32049
32751	
32760	
32764	
32765	
32766	
32767	
32768	
32769	
32770	32070
32774	
32778	
32779	
32780	32063
32781	32044
32782	
32784	
32785	
32786	
32787	
32788	
32789	
32790	
32791	
32792	
32793	
32794	
32800	32024
32810	
32811	
32812	
32813	
32814	
32815	
32816	
32817	
32820	
32821	
32823	
32824	
32825	
32826	
32828	
32830	32047
32838	
32839	
32840	32006
32846	
32847	
32848	
32849	
32850	
32858	
32859	
32860	
32868	
32869	
32870	
32879	
32880	
32890	32008
32892	
32895	
32896	
32897	
32898	
32899	
32900	
32901	
32910	
32911	
32915	
32920	
32930	32081
32940	
32950	
32960	
32970	
32971	
32980	
32981	
32990	
33001	33044
33002	33044
33003	33044
33004	33044
33005	33044
33006	33044
33007	33044
33008	33044
33009	33044
33010	33044
33011	33044
33012	33044
33013	33044
33070	33044
33071	33044
33080	33044
33100	
33111	
33112	
33114	33052
33115	
33116	
33117	
33118	
33119	
33120	33051
33125	
33126	33069
33127	
33128	
33129	
33130	
33138	
33139	
33140	
33150	33021
33154	
33155	
33156	
33157	
33158	
33159	
33160	
33161	
33162	
33163	
33170	
33171	
33172	
33173	
33174	
33180	33042
33186	
33187	
33188	
33189	
33190	
33191	
33192	
33193	
33194	33044
33195	
33196	
33199	
33200	33024
33201	33024
33202	33024
33203	33024
33204	33024
33205	33024
33206	33024
33207	33024
33208	33024
33209	33024
33210	33024
33211	33024
33212	33024
33213	33024
33290	33024
33299	33024
33300	33076
33310	
33311	
33312	
33313	
33314	
33315	
33316	
33317	
33318	
33320	33019
33324	
33325	
33326	
33327	
33328	
33329	
33330	
33340	
33341	
33342	
33343	
33344	
33345	
33346	
33347	
33350	33024
33390	
33391	
33392	
33393	
33394	33024
33400	33004
33401	33004
33402	33004
33403	33004
33404	33004
33405	33004
33410	
33411	
33412	
33414	
33416	
33417	
33418	
33420	
33422	
33423	
33424	
33425	
33426	
33427	
33428	
33429	
33430	
33438	
33439	
33440	
33448	
33449	
33450	
33456	
33457	
33458	
33459	
33460	33004
33468	
33469	
33470	
33490	33004
33491	
33492	
33500	33036
33507	
33508	
33509	
33510	
33518	
33519	
33520	33040
33527	
33528	
33529	
33530	
33534	
33535	
33536	
33537	
33538	
33539	
33540	
33546	
33547	
33548	
33549	
33550	33012
33554	
33555	
33556	
33557	
33558	33003
33559	
33560	33056
33566	
33567	
33568	
33569	
33570	
33576	
33577	
33578	
33579	
33580	
33581	
33582	
33583	
33584	
33585	
33586	
33587	
33588	
33589	
33590	
33591	
33592	
33593	
33594	
33595	
33596	
33597	
33598	
33599	
33600	
33610	
33611	
33612	
33613	
33614	
33615	
33616	
33617	
33618	
33619	
33620	
33627	
33628	
33629	
33630	
33637	
33638	
33639	
33640	
33650	
33660	
33669	
33670	
33673	
33675	
33676	
33677	
33678	
33679	
33680	
33681	
33682	
33683	
33684	
33685	
33686	
33687	
33688	
33690	
33691	33024
33692	
33693	
33694	
33695	
33696	
33697	
33700	
33707	
33708	
33710	33041
33716	
33717	33077
33718	
33719	
33720	33007
33721	
33724	
33725	
33726	
33727	
33728	
33729	
33730	33027
33731	
33732	
33733	
33734	33029
33735	33048
33736	
33737	
33738	
33739	
33740	33070
33746	33023
33747	
33748	
33749	
33750	
33756	
33757	
33758	
33759	
33760	33017
33768	
33769	
33770	33074
33774	
33775	33071
33776	33062
33777	
33778	
33779	
33780	
33782	
33783	
33784	
33785	
33786	
33787	
33788	
33789	
33790	
33791	
33792	
33793	
33794	
33795	33018
33796	
33798	
33799	
33800	
33810	
33811	
33812	33022
33813	
33814	
33815	
33816	
33817	
33818	
33819	
33820	33026
33825	
33826	
33827	
33828	
33829	
33830	
33836	
33837	
33838	
33839	
33840	
33841	
33842	
33843	
33844	
33845	
33846	
33850	
33857	
33858	
33859	
33860	33059
33865	
33866	
33867	
33868	
33869	
33870	33073
33873	
33874	
33875	
33876	
33877	
33878	
33879	
33880	
33885	
33886	
33887	
33888	
33889	
33890	
33891	
33892	
33900	
33909	
33910	
33912	
33919	
33920	
33929	
33930	
33934	
33935	
33936	
33937	
33938	
33939	
33940	
33945	
33946	
33947	
33948	
33949	
33950	
33957	
33958	
33959	
33960	
33969	
33970	
33979	
33980	
33986	
33987	
33988	
33989	
33990	
33991	
33992	
33993	
33994	
33995	
33996	
33997	
34001	34120
34002	34120
34003	34120
34004	34120
34005	34120
34006	34120
34070	34120
34071	34120
34080	34120
34100	34157
34110	34129
34111	
34112	
34113	34231
34114	34143
34115	
34116	
34117	
34118	
34120	34047
34126	
34127	34163
34128	
34129	
34130	
34131	34243
34132	34233
34133	34127
34159	
34160	
34170	
34190	34225
34191	
34192	
34200	34023
34208	34146
34209	
34210	34069
34218	34057
34219	
34220	34098
34230	34182
34239	
34240	34022
34246	34050
34247	
34248	
34249	
34250	34141
34257	
34259	
34260	
34261	34213
34300	34123
34304	
34305	
34306	
34307	
34309	
34310	34029
34320	34059
34337	34076
34338	
34340	34206
34347	
34349	
34350	34232
34400	34083
34405	
34406	
34407	
34408	34222
34409	
34410	34108
34411	34155
34419	
34420	34011
34429	
34430	34130
34439	34180
34440	34074
34447	
34449	
34450	34017
34460	
34465	34186
34466	34241
34467	34104
34468	
34469	
34470	
34473	
34475	
34477	
34478	34052
34479	34003
34480	34005
34483	
34484	34067
34485	
34486	
34487	
34488	34114
34490	34174
34491	
34492	
34800	34004
34810	
34811	
34813	34135
34815	
34820	34027
34828	
34829	34036
34830	34158
34839	
34840	34056
34844	
34846	34134
34847	
34848	
34849	
34850	34049
34858	
34859	
34869	
34870	
34878	
34879	
34880	34080
34882	34062
34886	34199
34887	34185
34888	
34889	
35001	35016
35002	35016
35003	35016
35004	35016
35005	35016
35006	35016
35007	35016
35008	35016
35009	35016
35010	35016
35011	35016
35012	35016
35013	35016
35014	35016
35015	35016
35016	35016
35017	35016
35018	35016
35019	35016
35070	35016
35071	35016
35080	35016
35100	
35106	
35107	
35108	
35109	
35110	
35118	
35119	
35120	
35128	
35129	
35130	
35138	
35139	
35140	
35149	
35200	35026
35210	35026
35211	35026
35212	35026
35213	35026
35214	35026
35215	35026
35216	
35217	
35218	35026
35219	35026
35220	
35229	35016
35230	
35240	
35250	
35259	
35260	
35269	
35270	
35280	
35290	
35299	
35300	
35307	
35308	
35309	
35310	
35319	
35320	35033
35328	
35329	
35330	
35333	
35338	
35339	
35340	
35349	
35350	35005
35360	
35368	
35369	
35400	
35411	
35412	
35413	
35414	
35415	
35420	35013
35421	
35422	
35423	
35430	
35431	
35432	
35450	
35457	
35458	
35459	
35460	
35468	
35469	
35470	35020
35478	
35479	
35480	
35488	
35489	
35500	35004
35507	
35508	
35509	
35510	
35520	
35530	
35539	
35540	
35541	
35542	
35543	
35544	
35550	
35558	
35559	
35560	35029
35561	
35570	
35571	
35572	
35580	
35600	
35610	
35611	
35612	
35613	
35620	
35625	
35626	
35627	
35628	
35629	35030
35630	
35637	35007
35638	
35639	
35640	35014
35649	
35650	
35660	
36001	36038
36002	36038
36003	36038
36004	36038
36005	36038
36070	36038
36071	36038
36080	36038
36100	
36110	
36116	
36117	
36118	
36119	
36120	
36121	
36139	
36140	
36141	
36142	
36143	36038
36150	
36151	
36152	
36153	
36154	
36156	36038
36157	
36158	
36160	36038
36161	36038
36162	36038
36163	36038
36164	36038
36190	
36191	
36192	
36193	
36194	
36201	36057
36202	36057
36203	36057
36204	36057
36205	36057
36206	36057
36207	36057
36208	36057
36209	36057
36210	36057
36211	36057
36212	36057
36213	36057
36214	36057
36215	36057
36216	36057
36270	36057
36271	36057
36280	36057
36281	36057
36282	36057
36300	
36307	
36308	
36309	
36310	36057
36312	36057
36313	36057
36314	36057
36315	36057
36316	
36317	36057
36318	36057
36320	
36330	36057
36331	36057
36339	36057
36340	
36350	
36360	
36370	
36378	
36379	
36380	
36388	
36389	
36390	36057
36391	
36392	36057
36393	
36400	
36410	
36411	
36412	
36413	
36414	
36415	
36416	
36417	
36418	
36419	
36420	
36428	
36429	
36430	
36435	
36436	
36437	
36438	
36440	
36446	
36447	
36448	
36449	
36450	
36455	
36456	
36457	
36458	
36459	
36460	
36470	
36471	
36472	
36474	
36475	
36490	
36491	
36492	
36493	
36494	
36500	
36510	
36511	
36512	
36514	
36515	
36516	
36517	
36518	
36519	
36520	36020
36524	
36525	
36526	
36527	
36528	
36529	
36530	
36537	
36538	
36539	
36540	
36542	
36543	
36544	
36545	
36546	
36547	
36548	
36550	
36555	
36556	
36557	
36558	
36559	
36560	
36567	
36568	
36569	
36570	
36579	
36580	
36581	
36582	
36583	
36584	
36585	
36586	
36587	
36588	
36589	
36590	36059
36596	
36597	
36598	
36599	
36600	36060
36610	
36611	
36612	
36613	
36614	
36615	
36616	
36617	
36618	
36619	
36620	36061
36626	
36627	
36628	
36629	
36630	
36633	
36634	
36635	
36636	
36637	
36638	
36639	
36640	
36645	
36646	
36647	
36648	
36649	
36650	
36652	
36653	
36654	
36655	
36656	
36657	
36658	
36659	
36660	
36667	
36668	
36669	
36670	
36675	
36676	
36677	
36678	
36679	
36680	
36681	
36682	
36683	
36684	
36685	
36686	
36687	
36688	
36689	
36690	
36691	
36692	
36693	
36700	
36710	
36711	
36712	
36713	
36714	
36715	
36720	
36721	
36729	
36730	
36739	
36740	
36746	
36747	
36748	
36749	
36750	
36760	
36770	
36779	
36780	
36788	
36789	
36790	
36791	
36792	
36794	
36800	
36810	
36811	
36812	
36813	
36814	
36815	
36816	
36817	
36818	
36820	
36826	
36827	
36828	
36829	
36830	
36835	
36836	
36837	
36838	
36839	
36840	
36841	
36842	
36843	
36844	
36845	
36846	
36847	
36848	
36849	
36851	
36852	
36853	
36854	
36855	
36856	
36857	
36858	
36859	
36860	
36861	
36862	
36863	
36864	
36865	
36866	
36867	
36868	
36869	
36870	
36872	
36873	
36874	
36875	
36876	
36877	
36878	
36879	
36880	
36883	
36884	
36885	
36886	
36887	
36888	
36889	
36890	36031
36891	
36892	
36893	
36895	
36900	
36910	
36911	
36912	
36913	
36914	
36915	
36920	
36930	
36937	
36938	
36939	
36940	
36945	
36946	
36947	
36949	
36950	
36954	
36955	
36957	
36958	
36959	
36960	
36966	
36967	
36968	
36969	
36970	
36979	
36980	
36988	
36989	
36990	
36991	
36992	
36993	
36995	
37001	37274
37002	37274
37003	37274
37004	37274
37005	37274
37006	37274
37007	37274
37008	37274
37009	37274
37071	37274
37080	37274
37100	37170
37110	
37111	
37114	
37115	
37116	
37120	37117
37129	
37130	
37139	
37140	
37147	37360
37148	
37149	
37150	37370
37159	37262
37160	37364
37170	
37171	
37172	37301
37173	
37174	
37175	37250
37176	37028
37181	
37183	
37184	37362
37185	37354
37186	
37187	
37188	37085
37189	
37190	
37191	37070
37192	
37193	37067
37197	
37198	
37200	37135
37207	
37208	37289
37209	
37210	37376
37214	
37216	
37217	
37219	
37220	
37230	37160
37240	37173
37246	37311
37247	37266
37248	37003
37250	37014
37251	37184
37253	
37254	37190
37255	37044
37256	
37257	37302
37258	
37259	37275
37260	37373
37267	37363
37269	
37270	37285
37271	37039
37281	37113
37290	37052
37291	
37292	37223
37300	37246
37310	37174
37311	37296
37312	37007
37313	37178
37314	37276
37315	37179
37316	37057
37317	
37318	
37319	37083
37320	37358
37329	
37330	37038
37336	37164
37337	
37338	37375
37339	37374
37340	
37350	37016
37400	37081
37405	37082
37406	
37408	37382
37409	
37410	37239
37418	37031
37419	
37420	37152
37426	
37427	
37428	
37429	
37430	37207
37439	
37440	
37446	37353
37447	37271
37448	
37449	37142
37450	
37451	37088
37452	
37453	
37454	37346
37455	
37456	37344
37458	
37460	
37465	37273
37466	37281
37467	
37468	
37470	37279
37478	37009
37479	
37480	
37481	37140
37488	
37490	
37491	
37492	
37493	
37494	37183
37495	37267
37496	37097
37497	
37500	37107
37510	
37515	37119
37516	37157
37520	37054
37521	37269
37522	37371
37523	37245
37524	37234
37530	37307
37531	37306
37532	37199
37540	37136
37541	37091
37542	37221
37550	37074
37551	37166
37552	
37553	37258
37554	37006
37555	37011
37589	37321
37590	37204
37591	
37592	37272
37593	
37594	
37595	
37596	
37600	37316
37606	37260
37607	
37608	
37609	
37610	
37617	
37618	37196
37619	
37621	
37624	37010
37630	37068
37638	37304
37639	37026
37640	37001
37650	37305
37656	37098
37657	37313
37658	
37659	
37660	37193
37670	37298
37671	37284
37680	37331
37682	
37683	37195
37684	37112
37690	
37700	37046
37710	37078
37711	37109
37712	
37713	37332
37714	37071
37715	
37716	
37717	37343
37718	37013
37720	
37724	
37727	
37730	37171
37740	37297
37748	37261
37749	37218
37750	37103
37751	37146
37752	37315
37753	
37754	
37755	37035
37756	
37759	
37760	37172
37762	37125
37763	37287
37764	37339
37765	
37766	
37767	37089
37768	
37770	37156
37773	37063
37774	37155
37775	37133
37776	37213
37777	37312
37778	
37779	
37780	37188
37781	37203
37785	37143
37786	
37787	37242
37788	37237
37789	
37790	37139
37791	
37792	
37793	
37794	
37795	
37796	
37797	37073
37798	
37799	
37800	37008
37810	37148
37820	37247
37830	37108
37840	37324
37850	37215
37860	37162
37861	37114
37863	37029
37864	
37865	37169
37870	37021
37871	37236
37873	
37874	37141
37881	37330
37882	
37890	
37891	
37892	
37893	
37894	37175
37900	37294
38001	38038
38002	38038
38003	38038
38004	38038
38005	38038
38006	38038
38007	38038
38008	38038
38009	38038
38010	38038
38070	38038
38071	38038
38080	38038
38107	38038
38108	38023
38109	
38110	38038
38111	38038
38120	
38129	
38130	
38139	
38140	
38150	
38160	38038
38170	38038
38180	
38190	
38200	38023
38201	38023
38202	38023
38203	38023
38204	38023
38205	38023
38206	38023
38207	38023
38208	38023
38240	
38250	
38260	
38270	
38280	38046
38290	
38291	38023
38292	
38293	38023
38294	
38296	38023
38297	
38300	38026
38310	
38311	
38312	
38313	
38314	
38315	
38320	
38329	38023
38330	
38340	
38350	38043
38355	
38356	
38357	
38358	
38359	
38360	38041
38370	38025
38379	
38380	38051
38389	
38390	38039
38398	
38399	
38400	38028
38410	38031
38411	
38412	
38413	
38414	
38415	
38416	
38417	
38418	
38419	
38420	38034
38428	
38429	
38430	
38434	
38435	38044
38438	
38439	
38440	38018
38441	
38449	
38450	38015
38458	
38459	
38460	
38470	38042
38479	
38480	38010
38489	
38500	38020
38508	
38509	
38510	
38520	
38530	38011
38540	
38550	38004
38560	
38570	38012
38579	
38580	
38588	
38589	
38590	
38591	
38592	
38593	
38594	
38595	
38600	
38610	
38611	
38612	
38613	
38614	
38615	
38616	
38617	
38618	
38619	
38620	38035
38626	
38627	
38628	
38629	
38630	
38631	
38632	
38639	
38640	38006
38649	
38650	
38652	
38660	
38670	
38677	
38678	
38679	
38680	38019
38683	
38684	
38685	
38686	
38687	
38688	
38689	
38690	38040
38700	38037
38710	38008
38711	
38712	
38713	
38714	
38715	38030
38720	38033
38726	38007
38727	
38728	
38729	
38730	
38738	
38739	
38740	
38749	
38750	38027
38758	
38759	
38760	
38767	
38768	
38769	
38770	38045
38779	
38780	38047
38787	38016
38788	
38789	38029
38800	
38801	
38810	
38811	
38812	38003
38813	
38820	38021
38829	
38830	38002
38840	38050
38849	
38850	
38852	
38860	
38869	
38870	38049
38879	
38890	
38891	
38892	
38900	
38910	
38911	38013
38912	
38913	
38914	
38915	
38916	
38917	
39001	39075
39002	39075
39003	39075
39004	39075
39005	39075
39006	39075
39007	39075
39008	39075
39009	39075
39010	39075
39011	39075
39012	39075
39070	39075
39071	39075
39080	39075
39100	39073
39108	
39110	
39120	
39130	
39140	
39150	
39160	
39170	39011
39180	39047
39191	
39192	
39193	
39195	39006
39197	39005
39200	39059
39210	
39212	
39213	39065
39220	
39230	
39232	
39250	
39292	
39294	
39300	39087
39310	39044
39311	39018
39312	
39313	39054
39314	
39315	
39318	
39320	
39329	
39330	39076
39340	39085
39350	
39360	
39400	39025
39407	
39408	
39409	
39410	
39417	
39418	
39419	39093
39420	
39430	39046
39438	
39450	39004
39451	
39460	
39470	
39477	
39478	
39479	
39490	39077
39491	
39500	39012
39507	
39509	39041
39510	
39511	
39513	39066
39517	
39518	39086
39520	39024
39525	
39526	
39527	39068
39528	
39530	
39538	39060
39539	
39540	39080
39547	
39548	
39549	
39550	
39551	
39553	
39554	
39555	39089
39556	
39557	
39558	
39559	
39560	
39569	
39570	39055
39571	39013
39572	39050
39573	
39574	
39575	
39577	39096
39580	
39582	
39583	
39584	
39586	
39587	39015
39588	
39590	
39591	
39592	
39593	
39594	
39595	
39600	
39608	
39609	39016
39610	
39611	
39612	
39613	
39618	
39619	
39620	
39626	
39627	39048
39630	
39638	39100
39639	39081
39640	39098
39649	
39650	
39660	
39670	39056
39679	
39680	
39681	
39682	
39683	
39685	39097
39686	39071
39687	
39688	
39689	
39690	
39691	
39692	
39694	39074
39696	39082
39697	
39698	39078
39699	
39700	39020
39706	
39707	
39709	
39710	
39715	39028
39716	
39718	
39719	
39720	
39722	39037
39723	
39724	
39727	
39728	39072
39730	
39738	
39740	39079
39749	
39750	39023
39760	
39761	
39762	
39764	
39766	
39770	39035
39776	39036
39777	
39778	
39788	
39790	39009
39791	
39792	
39793	
39794	
39795	39029
39798	
39800	39057
39805	
39806	
39808	
39809	
39812	
39813	39007
39815	
39820	39038
39840	39002
39849	
39850	
39860	39058
39880	39101
40001	40194
40002	40194
40003	40194
40004	40194
40005	40194
40006	40194
40070	40194
40071	40194
40080	40194
40100	
40109	
40120	40094
40121	40017
40122	
40123	
40130	
40133	40118
40134	40180
40135	
40136	
40140	40216
40141	40001
40142	
40144	40028
40145	40135
40146	40107
40150	40225
40151	40104
40152	40233
40153	
40154	
40160	40203
40161	40139
40162	
40163	40123
40164	40020
40165	40162
40170	
40171	
40172	40156
40173	40019
40174	40220
40175	40125
40176	
40180	
40181	
40182	40034
40183	40136
40184	
40185	
40190	40031
40191	40077
40192	
40193	
40194	
40195	
40196	40112
40197	40906
40200	40063
40210	
40211	
40212	40177
40213	40219
40214	40124
40215	
40216	
40217	40078
40218	40084
40219	40228
40220	40149
40230	
40231	
40232	
40233	
40234	40127
40235	40013
40236	40108
40237	40174
40238	
40239	40905
40240	40095
40241	
40242	
40250	40134
40260	40086
40270	40043
40280	40141
40290	40173
40291	
40292	40012
40293	40234
40294	40160
40295	40182
40296	40159
40297	40179
40298	40081
40299	
40300	40195
40310	40186
40311	40198
40312	40070
40313	40202
40314	
40315	
40317	40210
40318	
40320	40040
40330	40088
40331	
40332	
40340	40004
40350	40073
40351	40192
40352	40110
40353	40100
40354	
40355	40089
40356	40037
40357	40092
40358	40087
40359	
40360	40041
40370	40208
40380	40193
40389	
40390	40214
40391	40072
40392	40035
40393	40075
40394	
40395	40222
40396	40036
40397	
40400	40076
40408	40146
40410	
40419	
40420	
40421	40901
40422	40152
40423	
40424	
40430	40030
40440	40185
40441	40128
40442	40176
40443	
40444	40126
40445	40106
40446	40121
40447	40148
40449	
40450	40138
40460	40189
40461	
40462	
40463	40058
40464	
40465	40178
40466	
40467	40201
40468	40129
40469	40069
40470	40145
40480	40057
40490	
40491	
40492	40018
40493	40231
40494	40022
40495	40068
40496	
40500	40170
40510	
40512	
40513	40171
40514	
40515	40172
40516	40079
40517	40196
40518	
40520	40024
40529	
40530	40025
40531	
40532	
40533	40014
40540	
40541	40099
40542	
40550	
40551	
40552	
40553	
40554	40115
40555	40008
40556	40109
40560	40032
40567	40154
40568	
40569	40097
40590	40045
40591	40053
40592	40054
40593	40046
40594	
41001	41091
41002	41091
41003	41091
41004	41091
41005	41091
41006	41091
41007	41091
41008	41091
41009	41091
41010	41091
41011	41091
41012	41091
41013	41091
41014	41091
41015	41091
41016	41091
41017	41091
41018	41091
41019	41091
41020	41091
41070	41091
41071	41091
41080	41091
41089	41038
41092	41091
41100	41034
41110	41016
41111	41010
41120	41044
41130	41079
41140	41902
41150	
41200	41005
41209	
41210	41049
41218	
41219	
41220	41019
41230	41027
41240	41009
41250	41080
41300	
41309	41081
41310	41018
41318	41101
41319	
41320	41023
41330	
41339	
41340	41092
41350	41099
41359	
41360	41073
41370	41032
41380	41002
41388	41088
41389	
41390	41048
41400	41039
41409	
41410	41024
41420	41042
41429	41022
41430	41056
41439	41901
41440	41055
41449	41006
41450	41033
41460	
41470	41074
41479	41078
41500	41004
41510	41058
41520	41102
41530	41065
41540	41077
41550	41001
41560	41041
41563	
41564	41054
41565	41046
41566	41072
41567	41050
41568	41084
41569	41061
41570	41014
41580	41026
41590	41082
41599	
41600	41011
41610	41071
41620	41060
41630	
41640	41068
41650	41090
41657	41037
41658	41062
41659	
41660	41100
41661	41008
41670	41076
41700	41038
41701	41038
41702	41038
41703	41038
41704	41038
41710	41095
41719	41904
41720	41069
41727	
41728	
41730	41020
41731	
41740	41053
41749	
41750	41063
41760	41036
41770	41064
41780	41035
41800	41087
41804	41067
41805	41015
41806	41094
41807	41040
41808	41098
41809	41003
41810	41030
41820	41025
41830	
41840	41075
41849	41012
41850	41097
41860	41045
41870	41013
41880	41083
41888	41043
41889	
41890	41031
41897	41057
41898	
41899	
41900	41021
41907	41096
41908	41028
41909	41085
41910	
41920	41086
41927	41059
41928	41070
41930	41017
41940	41093
41950	41029
41960	41047
41970	41089
41980	41007
41989	
42001	42173
42002	42173
42003	42173
42004	42173
42005	42173
42070	42173
42071	42173
42080	42173
42100	42004
42107	
42108	42075
42110	42134
42112	
42113	
42120	42096
42126	
42127	42171
42128	
42130	42044
42132	
42134	
42138	
42140	42164
42141	
42142	
42145	42061
42146	
42147	
42148	
42149	42129
42150	42215
42153	42160
42154	
42156	
42157	42069
42158	42078
42159	
42161	42027
42162	
42164	
42165	
42166	
42167	
42169	
42172	
42173	
42174	42165
42175	
42180	
42181	
42189	
42190	42095
42191	
42192	42205
42193	
42200	42020
42210	
42211	
42212	
42213	
42214	42212
42216	
42218	
42220	
42222	
42223	
42225	
42230	
42240	42113
42248	
42250	42025
42257	
42258	42018
42259	
42260	42167
42269	42119
42290	
42291	42144
42294	
42300	
42310	
42311	
42313	
42315	42155
42317	42189
42318	42194
42320	42103
42328	
42329	
42330	42162
42340	
42341	
42342	42086
42344	
42345	
42350	
42351	42007
42360	42035
42365	42177
42366	
42367	42048
42368	
42391	
43001	43148
43002	43148
43003	43148
43004	43148
43005	43148
43006	43148
43007	43148
43008	43148
43070	43148
43071	43148
43080	43148
43100	
43110	43907
43120	43047
43130	43148
43140	43109
43141	43166
43142	43134
43143	
43144	43160
43150	
43151	43100
43152	43103
43153	43066
43154	
43155	
43178	
43200	43123
43201	43123
43202	43123
43203	43123
43204	43123
43205	43123
43206	43123
43300	43092
43310	43045
43311	43167
43312	
43320	43118
43321	
43330	43129
43340	43088
43350	43031
43360	43049
43361	43096
43362	
43363	43157
43364	
43365	
43370	43099
43371	43075
43372	
43373	43035
43374	43174
43375	43173
43376	43112
43379	
43380	43169
43381	
43382	43081
43390	
43391	43178
43392	43042
43393	43011
43400	43086
43410	
43411	43029
43412	43147
43413	
43414	
43415	
43420	43139
43421	43141
43422	43021
43423	43107
43424	43142
43425	43061
43426	43130
43427	
43428	43105
43429	
43430	
43439	
43440	43054
43448	
43449	43146
43450	43124
43459	
43460	43005
43461	
43470	43145
43479	43003
43480	43171
43481	
43490	43172
43491	
43500	43155
43510	
43511	43149
43512	43025
43513	43121
43514	43077
43515	43063
43516	43068
43517	
43518	
43519	43104
43520	43133
43527	
43528	43008
43529	
43530	43004
43540	
43548	
43549	
43550	43156
43558	43062
43559	
43560	43044
43569	
43570	43138
43580	43901
43590	
43591	43006
43592	43052
43593	43102
43594	43106
43595	43117
43596	43071
43597	43018
43700	43163
43710	43140
43711	43020
43712	43074
43713	43137
43714	
43715	
43716	43002
43717	43028
43718	43079
43719	43024
43720	43016
43729	
43730	43055
43736	
43737	
43738	43023
43739	43114
43740	43093
43746	43150
43747	
43748	43067
43749	43065
43750	43060
43760	43095
43761	43111
43762	43126
43763	
43764	43043
43765	43144
43770	43094
43771	43127
43772	43033
43773	
43774	
43775	43076
43776	43040
43777	43070
43780	43064
43781	43056
43782	43175
43783	43110
43784	43048
43785	43032
43786	43022
43787	43041
43790	43125
43791	43019
43792	
43800	43161
43810	43108
43811	
43812	
43813	43010
43814	43170
43815	43001
43816	43120
43817	43113
43820	43037
43830	43153
43839	43050
43840	43905
43850	43038
43860	43013
43870	43014
43877	43902
43878	43078
43879	
43880	
43881	43051
43882	
43883	
43884	43030
43885	43135
43886	
43887	43098
43890	
43891	
43892	
43893	43012
43894	43903
43895	43906
43896	43904
43897	
44001	44216
44002	44216
44003	44216
44070	44216
44071	44216
44080	44216
44100	44009
44110	44117
44111	44229
44112	44235
44113	44163
44114	
44115	44120
44120	44215
44121	
44122	
44123	
44124	44159
44125	44198
44126	
44130	44263
44131	44264
44132	44135
44133	
44134	
44140	
44141	
44142	44126
44143	44106
44144	44262
44145	44021
44146	44156
44147	44074
44150	44017
44155	
44156	44130
44157	44123
44158	
44159	44150
44160	44016
44161	
44162	
44163	
44164	
44165	44028
44166	44200
44167	44053
44168	
44169	
44190	
44191	
44192	
44193	44082
44194	44075
44195	44216
44200	44050
44210	
44211	
44212	44024
44213	
44220	44035
44221	
44222	44222
44223	
44230	44219
44231	44065
44232	44039
44233	44168
44300	44153
44310	44197
44311	44258
44313	44169
44314	44042
44315	44190
44320	44033
44330	44047
44340	44112
44350	44056
44357	44034
44358	
44359	44220
44360	44209
44366	44174
44367	44045
44368	
44369	
44370	44076
44380	44261
44381	44228
44382	
44390	44207
44391	
44392	
44393	44232
44394	
44395	44007
44396	
44397	
44400	44158
44409	
44410	44160
44411	44193
44412	44137
44413	44244
44414	44165
44415	
44420	44143
44421	
44422	44002
44423	
44424	
44430	44240
44431	
44432	44012
44433	44121
44440	44103
44441	
44450	44192
44459	44054
44460	44210
44470	
44477	44010
44478	
44479	44171
44480	44206
44490	44101
44491	
44492	
44493	
44494	44252
44495	
44496	
44497	
44500	44025
44509	44022
44510	44191
44520	44205
44530	44122
44540	44008
44547	44029
44548	44172
44549	44006
44550	44014
44555	44183
44556	
44557	
44558	
44559	
44560	44071
44561	44212
44562	
44563	44044
44564	44145
44565	
44566	
44570	44051
44579	44107
44580	44246
44586	44179
44587	44114
44588	44037
44589	
44590	44031
44591	44265
44592	
44593	44237
44594	44241
44595	44247
44596	44108
44597	44225
44600	44013
44610	44049
44620	44245
44621	44147
44622	44027
44623	44086
44624	44141
44630	44068
44640	
44641	44230
44642	44038
44643	
44650	44105
44651	44077
44652	44154
44653	44223
44660	
44661	
44700	44155
44706	44066
44707	
44708	44176
44709	44224
44710	44195
44711	44111
44712	
44720	44177
44721	44020
44730	
44740	
44741	44110
44742	
44750	44144
44760	44238
44769	
44770	44099
44779	
44780	44161
44790	44043
44791	
44792	
44793	44203
45001	45168
45002	45168
45003	45168
45004	45168
45005	45168
45006	45168
45007	45168
45008	45168
45070	45168
45071	45168
45080	45168
45100	45163
45109	
45110	45001
45111	45052
45112	45023
45113	45057
45114	45096
45120	45153
45121	
45122	45016
45123	45083
45124	45042
45125	45140
45126	45055
45127	45182
45128	45098
45130	45113
45138	
45139	
45140	45112
45150	45109
45159	45075
45160	45070
45161	45133
45162	45116
45163	45174
45164	45067
45165	45151
45170	45152
45179	45194
45180	45031
45181	45032
45182	45015
45183	45183
45190	45107
45191	
45200	45081
45210	45205
45211	45145
45212	45085
45213	45127
45214	45047
45215	45199
45216	45038
45217	45176
45220	45201
45221	45064
45222	45021
45223	
45224	
45230	45119
45240	45002
45250	45014
45260	45196
45270	45102
45280	45122
45290	45128
45291	45051
45292	
45300	45121
45310	45198
45311	
45312	45026
45313	45202
45314	45050
45340	45123
45350	45115
45360	45195
45370	45156
45400	45106
45410	45193
45420	45012
45430	45094
45440	45190
45450	45124
45460	45090
45470	45200
45479	45092
45480	45177
45489	
45500	45173
45510	45066
45511	45077
45512	
45513	
45514	45143
45515	45091
45516	45136
45517	45062
45518	45069
45519	
45520	45188
45521	
45522	
45523	
45524	
45525	
45526	45901
45529	45203
45530	45158
45531	45036
45532	45039
45533	45037
45534	45095
45540	45060
45541	45100
45542	45040
45543	45126
45544	45058
45560	45125
45567	45082
45568	45184
45569	45169
45570	45138
45571	
45572	
45573	45111
45574	45065
45575	45010
45576	45103
45577	45139
45578	45033
45580	45030
45588	45073
45589	45029
45590	45088
45591	45204
45592	45025
45593	45019
45594	45189
45600	45165
45610	45110
45611	45130
45612	45181
45613	
45614	
45620	45105
45621	45160
45622	45097
45630	45114
45631	45011
45632	45159
45633	
45634	45022
45635	45164
45636	45093
45637	45049
45638	45132
45640	
45641	45043
45642	45035
45643	
45644	45120
45645	45074
45646	45154
45650	45063
45651	45170
45652	45146
45653	45155
45654	45150
45660	45020
45661	45009
45662	45006
45663	
45664	45072
45670	45108
45671	45162
45672	
45673	
45674	45148
45675	
45676	
45677	
45678	
45680	
45681	
45682	
45683	
45684	
45685	
45686	
45687	
45690	45137
45691	
45692	45089
45693	
45694	
45695	
45700	45053
45710	45087
45720	45034
45730	45187
45740	45197
45749	45191
45750	45078
45760	45071
45770	45149
45780	45166
45789	45175
45790	45141
45800	45142
45810	45192
45820	45167
45830	45101
45840	45135
45850	45186
45860	45185
45870	45084
45880	45054
45890	45027
45900	45013
45908	
45909	
45910	45061
45917	45117
45918	45131
45919	45076
45920	45171
45930	45099
45940	45180
45950	45041
45960	45056
46001	46250
46002	46250
46003	46250
46004	46250
46005	46250
46006	46250
46007	46250
46008	46250
46009	46250
46010	46250
46011	46250
46012	46250
46013	46250
46014	46250
46015	46250
46016	46250
46017	46250
46018	46250
46019	46250
46020	46250
46021	46250
46022	46250
46023	46250
46024	46250
46025	46250
46026	46250
46035	46250
46070	46250
46071	46250
46080	46250
46100	46078
46110	46135
46111	46216
46112	
46113	46171
46114	46260
46115	46025
46116	
46117	46070
46118	46228
46119	46178
46120	46013
46127	
46130	46164
46131	46074
46132	46032
46133	46166
46134	46126
46135	
46136	46177
46137	
46138	46207
46139	46199
46140	
46141	46092
46142	
46143	46242
46144	
46145	46252
46146	46088
46147	46087
46148	
46149	46134
46150	
46160	46147
46162	
46163	46161
46164	46191
46165	46076
46166	46133
46167	46112
46168	
46169	
46170	46258
46171	46089
46172	46018
46173	46050
46174	46114
46175	46079
46176	46106
46177	46247
46178	
46179	46041
46180	46051
46181	
46182	
46183	46116
46184	46903
46185	46202
46190	46214
46191	46256
46192	
46193	46176
46194	46212
46195	46156
46196	46093
46197	
46198	
46199	46099
46200	46186
46210	46193
46220	46194
46225	
46229	
46230	46031
46240	46085
46249	
46250	46019
46260	46011
46266	46040
46267	46130
46268	
46269	46246
46270	
46290	46015
46291	46063
46292	46162
46293	
46294	
46295	
46300	46249
46310	46254
46311	
46312	
46313	
46314	46129
46315	46095
46317	46259
46320	46232
46321	
46330	46080
46339	
46340	46213
46350	46108
46351	
46352	
46353	
46354	
46355	
46356	
46357	
46360	46077
46367	46261
46368	46158
46369	46012
46370	46111
46380	46109
46388	46136
46389	46248
46390	
46391	
46392	46229
46393	46148
46394	
46400	46105
46408	
46409	
46410	46235
46417	46215
46418	46125
46419	
46420	
46430	46233
46439	
46440	46035
46450	46060
46460	46230
46469	46065
46470	
46500	46220
46501	46192
46510	46103
46511	46058
46512	46122
46513	
46514	46052
46515	46101
46520	
46529	46082
46530	46205
46540	
46550	46014
46560	46163
46590	46120
46591	
46592	46224
46593	46028
46594	46024
46595	46245
46600	46017
46610	46139
46611	46064
46612	46098
46613	46155
46614	46123
46620	46044
46621	46263
46622	46239
46623	46144
46624	46142
46625	46097
46630	46128
46635	46124
46640	46170
46650	46081
46659	
46660	46160
46666	46209
46667	46045
46668	46151
46669	
46670	46203
46680	46029
46687	46008
46688	46197
46689	46904
46690	46020
46691	46251
46692	46174
46700	46131
46701	46131
46702	46131
46703	46131
46710	46113
46711	
46712	46195
46713	
46714	46188
46715	46037
46716	46208
46717	46127
46720	46255
46721	46198
46722	
46723	46034
46724	46187
46725	
46726	
46727	
46728	46131
46729	46002
46730	46131
46740	46083
46749	
46750	46231
46758	46046
46759	
46760	46238
46770	46143
46780	46181
46790	46146
46791	46059
46792	
46800	46145
46810	46118
46811	
46812	46042
46813	46096
46814	
46815	46157
46816	46217
46817	46121
46818	
46819	46180
46820	46039
46821	46107
46822	46073
46823	46179
46824	46206
46825	46071
46830	46062
46837	46104
46838	
46839	
46840	46200
46841	46090
46842	
46843	
46844	
46850	46183
46860	46006
46868	46047
46869	
46870	46184
46880	46072
46890	46004
46891	
46892	46173
46893	46027
46894	
46900	46244
46901	
46909	
46910	
46920	46169
46930	46102
46940	46159
46950	46110
46960	46021
46970	46005
46980	46190
46988	
46989	
47001	47186
47002	47186
47003	47186
47004	47186
47005	47186
47006	47186
47007	47186
47008	47186
47009	47186
47010	47186
47011	47186
47012	47186
47013	47186
47014	47186
47015	47186
47016	47186
47017	47186
47018	47186
47070	47186
47071	47186
47080	47186
47100	47165
47110	47036
47111	47210
47112	47113
47113	47213
47114	
47115	
47116	47121
47120	47097
47129	
47130	47161
47131	
47132	47146
47133	
47134	
47140	47076
47150	47193
47151	47023
47152	47186
47153	47186
47155	47155
47160	
47161	
47162	47007
47164	47145
47165	47032
47166	47194
47169	
47170	47133
47171	47044
47172	47224
47173	47105
47174	47221
47175	47117
47176	47061
47177	47009
47180	47206
47181	47200
47182	47047
47183	47169
47184	47062
47185	47034
47186	47060
47190	47230
47191	47051
47192	47041
47193	
47194	
47195	47010
47196	47111
47197	47186
47200	47184
47209	47144
47210	47011
47219	
47220	47124
47230	47082
47231	47159
47232	47192
47237	
47238	
47239	47218
47240	47182
47250	47090
47260	47027
47270	47050
47280	47055
47281	
47282	47174
47283	47130
47290	47057
47300	47114
47310	47030
47311	
47312	47012
47313	
47314	
47315	47116
47316	
47317	
47318	
47319	
47320	
47328	47110
47329	
47330	47173
47331	47154
47340	47157
47350	47129
47359	
47360	47127
47400	47085
47410	47104
47418	
47419	
47420	47075
47430	47112
47440	
47450	47123
47451	
47452	47232
47453	47132
47454	
47460	47031
47461	47025
47462	47020
47463	47189
47464	47102
47465	47228
47470	47035
47480	47065
47490	47139
47491	47158
47492	
47493	47156
47494	
47500	47101
47509	
47510	47004
47511	47160
47512	47037
47513	47167
47520	47045
47529	47204
47530	
47600	47214
47606	
47607	
47608	
47609	
47610	47231
47620	47217
47630	47099
47639	47212
47640	47115
47641	47043
47650	47058
47664	
47670	
47671	47177
47672	47183
47673	
47674	47013
47675	
47676	47229
47680	47084
47686	47089
47687	47088
47688	47091
47689	
47690	47185
47691	47094
47692	47048
47800	47086
47810	47205
47811	
47812	47109
47813	
47814	
47815	
47816	
47820	47197
47830	47164
47831	47125
47832	47029
47840	47207
47850	47220
47851	47148
47860	47223
47862	47178
47870	47163
47880	47016
47881	
47882	47042
47883	47227
48001	48020
48002	48020
48003	48020
48004	48020
48005	48020
48006	48020
48007	48020
48008	48020
48009	48020
48010	48020
48011	48020
48012	48020
48013	48020
48014	48020
48015	48020
48070	48020
48071	48020
48080	48020
48100	48069
48110	48040
48111	48053
48112	48061
48113	48038
48114	48010
48115	48066
48116	48035
48120	48064
48130	48012
48140	
48141	48026
48142	48023
48143	48093
48144	48024
48145	48088
48150	48904
48160	48901
48170	
48180	48903
48190	48086
48191	48037
48192	48042
48194	
48195	48052
48196	48081
48200	
48210	48072
48211	
48212	48059
48213	48050
48215	48910
48220	48001
48230	48032
48240	48019
48249	
48250	48095
48260	48034
48269	48058
48270	48060
48276	
48277	48030
48278	
48280	48057
48287	48028
48288	48049
48289	
48291	48091
48300	48046
48309	48079
48310	48031
48311	48048
48312	48909
48313	48033
48314	48041
48315	48907
48320	48911
48330	48055
48340	48003
48350	48021
48360	48068
48370	48017
48380	48070
48381	48007
48382	48062
48383	48914
48390	48092
48391	
48392	48067
48393	48906
48394	48908
48395	48076
48410	48075
48419	
48450	48029
48460	48074
48480	
48490	48065
48498	48005
48499	48025
48500	
48508	48913
48510	
48520	
48530	48083
48550	48071
48600	
48610	48089
48620	
48630	48043
48640	48016
48650	48014
48700	48073
48710	48018
48800	48090
48810	48912
48820	
48830	
48840	48045
48850	
48860	48096
48869	
48870	
48879	48008
48880	
48890	
48891	48022
48895	48051
48900	48013
48901	48013
48902	48013
48903	48013
48910	48084
48920	48078
48930	48044
48940	48054
48950	48902
48960	
48970	48015
48980	48082
48990	48044
48991	48044
48992	48044
48993	48044
48998	48044
49001	49275
49002	49275
49003	49275
49004	49275
49005	49275
49006	49275
49007	49275
49008	49275
49009	49275
49010	49275
49011	49275
49012	49275
49013	49275
49014	49275
49015	49275
49016	49275
49017	49275
49018	49275
49019	49275
49020	49275
49021	49275
49022	49275
49023	49275
49024	49275
49025	49275
49026	49275
49027	49275
49028	49275
49029	49275
49030	49275
49031	49275
49032	49275
49070	49275
49071	49275
49080	49275
49100	49260
49110	49043
49120	49119
49121	49122
49122	49222
49123	49022
49124	49016
49125	49047
49126	
49127	49160
49128	49035
49129	
49130	49108
49131	49252
49132	49263
49133	49232
49134	49248
49135	
49136	49242
49137	49268
49140	49214
49141	
49142	49141
49143	49155
49144	49186
49145	49153
49146	
49147	49138
49148	
49149	49123
49150	49125
49151	
49152	49210
49153	49234
49154	49146
49155	49024
49156	49093
49157	49103
49158	49245
49159	
49160	49036
49161	
49162	
49163	49111
49164	49237
49165	
49166	49247
49167	49135
49168	
49170	
49171	
49172	
49173	
49174	
49176	
49177	
49178	49149
49180	
49181	49269
49182	
49183	
49190	49127
49191	
49192	
49200	49023
49210	49008
49211	
49212	49136
49213	49064
49214	
49215	49101
49216	49077
49220	49065
49230	
49231	
49232	
49240	49264
49250	
49251	
49252	49221
49253	49131
49254	49124
49255	
49260	
49270	
49271	
49272	
49280	49152
49281	
49290	
49300	49166
49310	49121
49317	49112
49318	49150
49319	
49320	
49321	
49322	
49323	
49324	
49325	
49326	49177
49327	
49329	
49330	
49331	
49332	
49333	
49334	
49335	
49336	49139
49337	
49340	49097
49341	49134
49342	49062
49343	
49344	
49345	
49346	
49347	
49348	
49349	
49350	
49352	
49357	
49358	
49359	49224
49360	49085
49361	
49362	
49390	
49391	
49392	49145
49393	
49394	49174
49395	
49396	49050
49400	49081
49410	49080
49419	49040
49420	49226
49430	49241
49440	49034
49450	49230
49500	49003
49510	49071
49511	
49512	
49513	49184
49514	
49515	49173
49516	49223
49517	
49518	
49519	49172
49520	49069
49521	
49522	49104
49523	49209
49524	
49525	
49530	49053
49539	
49540	49099
49541	49098
49542	49233
49543	
49550	49068
49559	49087
49560	
49561	
49562	49262
49563	
49570	49100
49571	
49572	49094
49573	
49574	
49580	49154
49582	
49583	49162
49590	49114
49591	49176
49592	49208
49593	
49594	49110
49600	49021
49610	49206
49618	49079
49619	49018
49620	49200
49621	49092
49622	
49623	
49624	49117
49625	49205
49626	
49627	
49628	49193
49629	49027
49630	49250
49637	49055
49638	
49639	
49640	49046
49650	49188
49660	49041
49670	49082
49680	
49690	49187
49691	
49692	49113
49693	49075
49694	49109
49695	49243
49696	
49697	
49698	
49699	
49700	49054
49706	
49707	49197
49708	
49709	49031
49710	49058
49714	49084
49715	49158
49716	49013
49717	
49718	49115
49719	
49720	49151
49721	49061
49722	
49730	49056
49731	49132
49740	49091
49741	
49742	
49743	
49750	49207
49751	49025
49760	
49770	49238
49780	49159
49781	49220
49782	
49783	
49800	49219
49810	49129
49820	49239
49830	49020
49831	49030
49832	49107
49833	49083
49834	49002
49835	49163
49836	
49840	49235
49850	49156
49860	49249
49870	49270
49871	49267
49880	49147
49881	
49882	49228
50001	50297
50002	50297
50003	50297
50004	50297
50005	50297
50006	50297
50007	50297
50008	50297
50009	50297
50010	50297
50011	50297
50012	50297
50013	50297
50014	50297
50015	50297
50016	50297
50017	50297
50018	50297
50019	50297
50020	
50021	50297
50022	50297
50059	50297
50070	50297
50071	50297
50080	50297
50090	50297
50100	50025
50108	50024
50109	50026
50110	
50120	
50130	50045
50131	50136
50132	50085
50133	50023
50134	50133
50135	50164
50136	50139
50137	50218
50138	50275
50139	
50140	50039
50141	50131
50142	50114
50143	
50144	50171
50150	50124
50151	50149
50152	50167
50153	
50154	50264
50155	50005
50156	50291
50160	50137
50161	50206
50162	50903
50163	50104
50164	50170
50170	50165
50171	50219
50172	50017
50173	50193
50174	50285
50175	
50176	
50177	50059
50178	50022
50180	50272
50190	
50191	
50192	
50193	
50194	
50195	50203
50196	50182
50197	50297
50198	
50200	50038
50210	50192
50211	50076
50212	50072
50213	
50214	50071
50215	50178
50216	50287
50217	50263
50219	
50220	50034
50227	50246
50228	50065
50229	50054
50230	50020
50236	50125
50237	50129
50238	
50239	
50240	50177
50246	50057
50247	
50248	50243
50249	
50250	50126
50257	50121
50258	50198
50259	
50260	50175
50266	50032
50267	50166
50268	
50269	
50270	50225
50280	50068
50290	50099
50291	50172
50292	50081
50293	50253
50294	
50295	
50296	
50297	
50298	50209
50299	
50300	50067
50310	50293
50311	50257
50312	50079
50313	50029
50314	50084
50315	50155
50316	
50320	50110
50322	
50323	
50324	
50325	50255
50326	50086
50330	50169
50331	
50332	50046
50333	
50334	50242
50335	
50336	
50340	50159
50341	50194
50342	50201
50343	50279
50344	50176
50345	50009
50346	50075
50347	50002
50348	50037
50360	50094
50366	
50367	
50368	
50369	
50370	50289
50371	50273
50372	50274
50373	
50374	
50375	50001
50376	50090
50390	50116
50391	
50400	50073
50408	50004
50409	50088
50410	50089
50411	
50420	50066
50430	50163
50440	50180
50441	50056
50450	50181
50460	50143
50461	50018
50470	50098
50480	50200
50481	50007
50482	50295
50490	
50491	
50500	50251
50510	50190
50511	50157
50512	50261
50513	
50514	
50520	50153
50529	
50530	50191
50540	50055
50546	
50547	
50548	50063
50549	
50550	50160
50560	50003
50561	50052
50562	50111
50570	50006
50580	50280
50581	50141
50582	50140
50583	50265
50584	50234
50590	50030
50591	50014
50592	
50596	
50600	50095
50610	
50611	50100
50612	
50614	
50615	50276
50616	
50617	
50619	
50620	
50629	50247
50630	50008
50637	50223
50638	50064
50639	50107
50640	50147
50641	50053
50650	50118
50660	50252
50668	50217
50669	
50670	50230
50678	50267
50679	50135
50680	50248
50682	50245
50683	
50684	50232
50685	
50686	50186
50687	
50688	50144
50689	50268
50690	50204
50691	50013
50692	50132
50693	50262
50694	
50695	50051
50696	50078
50700	50074
50709	
50710	50152
50720	
50730	50062
50740	50115
50741	
50750	50208
50760	50278
50770	50222
50780	50240
50781	50012
50782	50083
50783	50019
50784	50296
50786	50119
50790	50101
50792	50092
50793	50102
50794	50189
50795	50105
50800	50298
50810	
50820	
50830	50288
50840	50235
51001	51001
51002	51001
51003	51001
51004	51001
51005	51001
51070	51001
51071	51001
51080	51001
52001	52001
52002	52001
52003	52001
52004	52001
52005	52001
52006	52001
52070	52001
52071	52001
52080	52001
