codigo	nombre	provincia	desde
01001	Alegría-Dulantzi	01	2021-01-01
01002	Amurrio	01	2021-01-01
01003	Aramaio	01	2021-01-01
01004	Artziniega	01	2021-01-01
01006	Armiñón	01	2021-01-01
01008	Arratzua-Ubarrundia	01	2021-01-01
01009	Asparrena	01	2021-01-01
01010	Ayala/Aiara	01	2021-01-01
01011	Baños de Ebro/Mañueta	01	2021-01-01
01013	Barrundia	01	2021-01-01
01014	Berantevilla	01	2021-01-01
01016	Bernedo	01	2021-01-01
01017	Campezo/Kanpezu	01	2021-01-01
01018	Zigoitia	01	2021-01-01
01019	Kripan	01	2021-01-01
01020	Kuartango	01	2021-01-01
01021	Elburgo/Burgelu	01	2021-01-01
01022	Elciego	01	2021-01-01
01023	Elvillar/Bilar	01	2021-01-01
01027	Iruraiz-Gauna	01	2021-01-01
01028	Labastida/Bastida	01	2021-01-01
01030	Lagrán	01	2021-01-01
01031	Laguardia	01	2021-01-01
01032	Lanciego/Lantziego	01	2021-01-01
01033	Lapuebla de Labarca	01	2021-01-01
01034	Leza	01	2021-01-01
01036	Laudio/Llodio	01	2021-01-01
01037	Arraia-Maeztu	01	2021-01-01
01039	Moreda de Álava/Moreda Araba	01	2021-01-01
01041	Navaridas	01	2021-01-01
01042	Okondo	01	2021-01-01
01043	Oyón-Oion	01	2021-01-01
01044	Peñacerrada-Urizaharra	01	2021-01-01
01046	Erriberagoitia/Ribera Alta	01	2021-01-01
01047	Ribera Baja/Erriberabeitia	01	2021-01-01
01049	Añana	01	2021-01-01
01051	Agurain/Salvatierra	01	2021-01-01
01052	Samaniego	01	2021-01-01
01053	San Millán/Donemiliaga	01	2021-01-01
01054	Urkabustaiz	01	2021-01-01
01055	Valdegovía/Gaubea	01	2021-01-01
01056	Harana/Valle de Arana	01	2021-01-01
01057	Villabuena de Álava/Eskuernaga	01	2021-01-01
01058	Legutio	01	2021-01-01
01059	Vitoria-Gasteiz	01	2021-01-01
01060	Yécora/Iekora	01	2021-01-01
01061	Zalduondo	01	2021-01-01
01062	Zambrana	01	2021-01-01
01063	Zuia	01	2021-01-01
01901	Iruña Oka/Iruña de Oca	01	2021-01-01
01902	Lantarón	01	2021-01-01
02001	Abengibre	02	2021-01-01
02002	Alatoz	02	2021-01-01
02003	Albacete	02	2021-01-01
02004	Albatana	02	2021-01-01
02005	Alborea	02	2021-01-01
02006	Alcadozo	02	2021-01-01
02007	Alcalá del Júcar	02	2021-01-01
02008	Alcaraz	02	2021-01-01
02009	Almansa	02	2021-01-01
02010	Alpera	02	2021-01-01
02011	Ayna	02	2021-01-01
02012	Balazote	02	2021-01-01
02013	Balsa de Ves	02	2021-01-01
02014	Ballestero, El	02	2021-01-01
02015	Barrax	02	2021-01-01
02016	Bienservida	02	2021-01-01
02017	Bogarra	02	2021-01-01
02018	Bonete	02	2021-01-01
02019	Bonillo, El	02	2021-01-01
02020	Carcelén	02	2021-01-01
02021	Casas de Juan Núñez	02	2021-01-01
02022	Casas de Lázaro	02	2021-01-01
02023	Casas de Ves	02	2021-01-01
02024	Casas-Ibáñez	02	2021-01-01
02025	Caudete	02	2021-01-01
02026	Cenizate	02	2021-01-01
02027	Corral-Rubio	02	2021-01-01
02028	Cotillas	02	2021-01-01
02029	Chinchilla de Monte-Aragón	02	2021-01-01
02030	Elche de la Sierra	02	2021-01-01
02031	Férez	02	2021-01-01
02032	Fuensanta	02	2021-01-01
02033	Fuente-Álamo	02	2021-01-01
02034	Fuentealbilla	02	2021-01-01
02035	Gineta, La	02	2021-01-01
02036	Golosalvo	02	2021-01-01
02037	Hellín	02	2021-01-01
02038	Herrera, La	02	2021-01-01
02039	Higueruela	02	2021-01-01
02040	Hoya-Gonzalo	02	2021-01-01
02041	Jorquera	02	2021-01-01
02042	Letur	02	2021-01-01
02043	Lezuza	02	2021-01-01
02044	Liétor	02	2021-01-01
02045	Madrigueras	02	2021-01-01
02046	Mahora	02	2021-01-01
02047	Masegoso	02	2021-01-01
02048	Minaya	02	2021-01-01
02049	Molinicos	02	2021-01-01
02050	Montalvos	02	2021-01-01
02051	Montealegre del Castillo	02	2021-01-01
02052	Motilleja	02	2021-01-01
02053	Munera	02	2021-01-01
02054	Navas de Jorquera	02	2021-01-01
02055	Nerpio	02	2021-01-01
02056	Ontur	02	2021-01-01
02057	Ossa de Montiel	02	2021-01-01
02058	Paterna del Madera	02	2021-01-01
02059	Peñascosa	02	2021-01-01
02060	Peñas de San Pedro	02	2021-01-01
02061	Pétrola	02	2021-01-01
02062	Povedilla	02	2021-01-01
02063	Pozohondo	02	2021-01-01
02064	Pozo-Lorente	02	2021-01-01
02065	Pozuelo	02	2021-01-01
02066	Recueja, La	02	2021-01-01
02067	Riópar	02	2021-01-01
02068	Robledo	02	2021-01-01
02069	Roda, La	02	2021-01-01
02070	Salobre	02	2021-01-01
02071	San Pedro	02	2021-01-01
02072	Socovos	02	2021-01-01
02073	Tarazona de la Mancha	02	2021-01-01
02074	Tobarra	02	2021-01-01
02075	Valdeganga	02	2021-01-01
02076	Vianos	02	2021-01-01
02077	Villa de Ves	02	2021-01-01
02078	Villalgordo del Júcar	02	2021-01-01
02079	Villamalea	02	2021-01-01
02080	Villapalacios	02	2021-01-01
02081	Villarrobledo	02	2021-01-01
02082	Villatoya	02	2021-01-01
02083	Villavaliente	02	2021-01-01
02084	Villaverde de Guadalimar	02	2021-01-01
02085	Viveros	02	2021-01-01
02086	Yeste	02	2021-01-01
02901	Pozo Cañada	02	2021-01-01
03001	Atzúbia, l'	03	2021-01-01
03002	Agost	03	2021-01-01
03003	Agres	03	2021-01-01
03004	Aigües	03	2021-01-01
03005	Albatera	03	2021-01-01
03006	Alcalalí	03	2021-01-01
03007	Alcosser	03	2021-01-01
03008	Alcoleja	03	2021-01-01
03009	Alcoi/Alcoy	03	2021-01-01
03010	Alfafara	03	2021-01-01
03011	Alfàs del Pi, l'	03	2021-01-01
03012	Algorfa	03	2021-01-01
03013	Algueña	03	2021-01-01
03014	Alacant/Alicante	03	2021-01-01
03015	Almoradí	03	2021-01-01
03016	Almudaina	03	2021-01-01
03017	Alqueria d'Asnar, l'	03	2021-01-01
03018	Altea	03	2021-01-01
03019	Aspe	03	2021-01-01
03020	Balones	03	2021-01-01
03021	Banyeres de Mariola	03	2021-01-01
03022	Benasau	03	2021-01-01
03023	Beneixama	03	2021-01-01
03024	Benejúzar	03	2021-01-01
03025	Benferri	03	2021-01-01
03026	Beniarbeig	03	2021-01-01
03027	Beniardà	03	2021-01-01
03028	Beniarrés	03	2021-01-01
03029	Benigembla	03	2021-01-01
03030	Benidoleig	03	2021-01-01
03031	Benidorm	03	2021-01-01
03032	Benifallim	03	2021-01-01
03033	Benifato	03	2021-01-01
03034	Benijófar	03	2021-01-01
03035	Benilloba	03	2021-01-01
03036	Benillup	03	2021-01-01
03037	Benimantell	03	2021-01-01
03038	Benimarfull	03	2021-01-01
03039	Benimassot	03	2021-01-01
03040	Benimeli	03	2021-01-01
03041	Benissa	03	2021-01-01
03042	Poble Nou de Benitatxell, el/Benitachell	03	2021-01-01
03043	Biar	03	2021-01-01
03044	Bigastro	03	2021-01-01
03045	Bolulla	03	2021-01-01
03046	Busot	03	2021-01-01
03047	Calp	03	2021-01-01
03048	Callosa d'en Sarrià	03	2021-01-01
03049	Callosa de Segura	03	2021-01-01
03050	Campello, el	03	2021-01-01
03051	Camp de Mirra, el/Campo de Mirra	03	2021-01-01
03052	Cañada	03	2021-01-01
03053	Castalla	03	2021-01-01
03054	Castell de Castells	03	2021-01-01
03055	Catral	03	2021-01-01
03056	Cocentaina	03	2021-01-01
03057	Confrides	03	2021-01-01
03058	Cox	03	2021-01-01
03059	Crevillent	03	2021-01-01
03060	Quatretondeta	03	2021-01-01
03061	Daya Nueva	03	2021-01-01
03062	Daya Vieja	03	2021-01-01
03063	Dénia	03	2021-01-01
03064	Dolores	03	2021-01-01
03065	Elx/Elche	03	2021-01-01
03066	Elda	03	2021-01-01
03067	Fageca	03	2021-01-01
03068	Famorca	03	2021-01-01
03069	Finestrat	03	2021-01-01
03070	Formentera del Segura	03	2021-01-01
03071	Gata de Gorgos	03	2021-01-01
03072	Gaianes	03	2021-01-01
03073	Gorga	03	2021-01-01
03074	Granja de Rocamora	03	2021-01-01
03075	Castell de Guadalest, el	03	2021-01-01
03076	Guardamar del Segura	03	2021-01-01
03077	Fondó de les Neus, el/Hondón de las Nieves	03	2021-01-01
03078	Hondón de los Frailes	03	2021-01-01
03079	Ibi	03	2021-01-01
03080	Jacarilla	03	2021-01-01
03081	Xaló	03	2021-01-01
03082	Xàbia/Jávea	03	2021-01-01
03083	Xixona/Jijona	03	2021-01-01
03084	Orxa, l'/Lorcha	03	2021-01-01
03085	Llíber	03	2021-01-01
03086	Millena	03	2021-01-01
03088	Monforte del Cid	03	2021-01-01
03089	Monòver/Monóvar	03	2021-01-01
03090	Mutxamel	03	2021-01-01
03091	Murla	03	2021-01-01
03092	Muro de Alcoy	03	2021-01-01
03093	Novelda	03	2021-01-01
03094	Nucia, la	03	2021-01-01
03095	Ondara	03	2021-01-01
03096	Onil	03	2021-01-01
03097	Orba	03	2021-01-01
03098	Orxeta	03	2021-01-01
03099	Orihuela	03	2021-01-01
03100	Parcent	03	2021-01-01
03101	Pedreguer	03	2021-01-01
03102	Pego	03	2021-01-01
03103	Penàguila	03	2021-01-01
03104	Petrer	03	2021-01-01
03105	Pinós, el/Pinoso	03	2021-01-01
03106	Planes	03	2021-01-01
03107	Polop	03	2021-01-01
03109	Rafal	03	2021-01-01
03110	Ràfol d'Almúnia, el	03	2021-01-01
03111	Redován	03	2021-01-01
03112	Relleu	03	2021-01-01
03113	Rojales	03	2021-01-01
03114	Romana, la	03	2021-01-01
03115	Sagra	03	2021-01-01
03116	Salinas	03	2021-01-01
03117	Sanet y Negrals	03	2021-01-01
03118	San Fulgencio	03	2021-01-01
03119	Sant Joan d'Alacant	03	2021-01-01
03120	San Miguel de Salinas	03	2021-01-01
03121	Santa Pola	03	2021-01-01
03122	Sant Vicent del Raspeig/San Vicente del Raspeig	03	2021-01-01
03123	Sax	03	2021-01-01
03124	Sella	03	2021-01-01
03125	Senija	03	2021-01-01
03127	Tàrbena	03	2021-01-01
03128	Teulada	03	2021-01-01
03129	Tibi	03	2021-01-01
03130	Tollos	03	2021-01-01
03131	Tormos	03	2021-01-01
03132	Torre de les Maçanes, la/Torremanzanas	03	2021-01-01
03133	Torrevieja	03	2021-01-01
03134	Vall d'Alcalà, la	03	2021-01-01
03135	Vall d'Ebo, la	03	2021-01-01
03136	Vall de Gallinera, la	03	2021-01-01
03137	Vall de Laguar, la	03	2021-01-01
03138	Verger, el	03	2021-01-01
03139	Vila Joiosa, la/Villajoyosa	03	2021-01-01
03140	Villena	03	2021-01-01
03901	Poblets, els	03	2021-01-01
03902	Pilar de la Horadada	03	2021-01-01
03903	Montesinos, Los	03	2021-01-01
03904	San Isidro	03	2021-01-01
04001	Abla	04	2021-01-01
04002	Abrucena	04	2021-01-01
04003	Adra	04	2021-01-01
04004	Albanchez	04	2021-01-01
04005	Alboloduy	04	2021-01-01
04006	Albox	04	2021-01-01
04007	Alcolea	04	2021-01-01
04008	Alcóntar	04	2021-01-01
04009	Alcudia de Monteagud	04	2021-01-01
04010	Alhabia	04	2021-01-01
04011	Alhama de Almería	04	2021-01-01
04012	Alicún	04	2021-01-01
04013	Almería	04	2021-01-01
04014	Almócita	04	2021-01-01
04015	Alsodux	04	2021-01-01
04016	Antas	04	2021-01-01
04017	Arboleas	04	2021-01-01
04018	Armuña de Almanzora	04	2021-01-01
04019	Bacares	04	2021-01-01
04020	Bayárcal	04	2021-01-01
04021	Bayarque	04	2021-01-01
04022	Bédar	04	2021-01-01
04023	Beires	04	2021-01-01
04024	Benahadux	04	2021-01-01
04026	Benitagla	04	2021-01-01
04027	Benizalón	04	2021-01-01
04028	Bentarique	04	2021-01-01
04029	Berja	04	2021-01-01
04030	Canjáyar	04	2021-01-01
04031	Cantoria	04	2021-01-01
04032	Carboneras	04	2021-01-01
04033	Castro de Filabres	04	2021-01-01
04034	Cóbdar	04	2021-01-01
04035	Cuevas del Almanzora	04	2021-01-01
04036	Chercos	04	2021-01-01
04037	Chirivel	04	2021-01-01
04038	Dalías	04	2021-01-01
04041	Enix	04	2021-01-01
04043	Felix	04	2021-01-01
04044	Fines	04	2021-01-01
04045	Fiñana	04	2021-01-01
04046	Fondón	04	2021-01-01
04047	Gádor	04	2021-01-01
04048	Gallardos, Los	04	2021-01-01
04049	Garrucha	04	2021-01-01
04050	Gérgal	04	2021-01-01
04051	Huécija	04	2021-01-01
04052	Huércal de Almería	04	2021-01-01
04053	Huércal-Overa	04	2021-01-01
04054	Íllar	04	2021-01-01
04055	Instinción	04	2021-01-01
04056	Laroya	04	2021-01-01
04057	Laujar de Andarax	04	2021-01-01
04058	Líjar	04	2021-01-01
04059	Lubrín	04	2021-01-01
04060	Lucainena de las Torres	04	2021-01-01
04061	Lúcar	04	2021-01-01
04062	Macael	04	2021-01-01
04063	María	04	2021-01-01
04064	Mojácar	04	2021-01-01
04065	Nacimiento	04	2021-01-01
04066	Níjar	04	2021-01-01
04067	Ohanes	04	2021-01-01
04068	Olula de Castro	04	2021-01-01
04069	Olula del Río	04	2021-01-01
04070	Oria	04	2021-01-01
04071	Padules	04	2021-01-01
04072	Partaloa	04	2021-01-01
04073	Paterna del Río	04	2021-01-01
04074	Pechina	04	2021-01-01
04075	Pulpí	04	2021-01-01
04076	Purchena	04	2021-01-01
04077	Rágol	04	2021-01-01
04078	Rioja	04	2021-01-01
04079	Roquetas de Mar	04	2021-01-01
04080	Santa Cruz de Marchena	04	2021-01-01
04081	Santa Fe de Mondújar	04	2021-01-01
04082	Senés	04	2021-01-01
04083	Serón	04	2021-01-01
04084	Sierro	04	2021-01-01
04085	Somontín	04	2021-01-01
04086	Sorbas	04	2021-01-01
04087	Suflí	04	2021-01-01
04088	Tabernas	04	2021-01-01
04089	Taberno	04	2021-01-01
04090	Tahal	04	2021-01-01
04091	Terque	04	2021-01-01
04092	Tíjola	04	2021-01-01
04093	Turre	04	2021-01-01
04094	Turrillas	04	2021-01-01
04095	Uleila del Campo	04	2021-01-01
04096	Urrácal	04	2021-01-01
04097	Velefique	04	2021-01-01
04098	Vélez-Blanco	04	2021-01-01
04099	Vélez-Rubio	04	2021-01-01
04100	Vera	04	2021-01-01
04101	Viator	04	2021-01-01
04102	Vícar	04	2021-01-01
04103	Zurgena	04	2021-01-01
04901	Tres Villas, Las	04	2021-01-01
04902	Ejido, El	04	2021-01-01
04903	Mojonera, La	04	2021-01-01
04904	Balanegra	04	2021-01-01
05001	Adanero	05	2021-01-01
05002	Adrada, La	05	2021-01-01
05005	Albornos	05	2021-01-01
05007	Aldeanueva de Santa Cruz	05	2021-01-01
05008	Aldeaseca	05	2021-01-01
05010	Aldehuela, La	05	2021-01-01
05012	Amavida	05	2021-01-01
05013	Arenal, El	05	2021-01-01
05014	Arenas de San Pedro	05	2021-01-01
05015	Arevalillo	05	2021-01-01
05016	Arévalo	05	2021-01-01
05017	Aveinte	05	2021-01-01
05018	Avellaneda	05	2021-01-01
05019	Ávila	05	2021-01-01
05021	Barco de Ávila, El	05	2021-01-01
05022	Barraco, El	05	2021-01-01
05023	Barromán	05	2021-01-01
05024	Becedas	05	2021-01-01
05025	Becedillas	05	2021-01-01
05026	Bercial de Zapardiel	05	2021-01-01
05027	Berlanas, Las	05	2021-01-01
05029	Bernuy-Zapardiel	05	2021-01-01
05030	Berrocalejo de Aragona	05	2021-01-01
05033	Blascomillán	05	2021-01-01
05034	Blasconuño de Matacabras	05	2021-01-01
05035	Blascosancho	05	2021-01-01
05036	Bohodón, El	05	2021-01-01
05037	Bohoyo	05	2021-01-01
05038	Bonilla de la Sierra	05	2021-01-01
05039	Brabos	05	2021-01-01
05040	Bularros	05	2021-01-01
05041	Burgohondo	05	2021-01-01
05042	Cabezas de Alambre	05	2021-01-01
05043	Cabezas del Pozo	05	2021-01-01
05044	Cabezas del Villar	05	2021-01-01
05045	Cabizuela	05	2021-01-01
05046	Canales	05	2021-01-01
05047	Candeleda	05	2021-01-01
05048	Cantiveros	05	2021-01-01
05049	Cardeñosa	05	2021-01-01
05051	Carrera, La	05	2021-01-01
05052	Casas del Puerto	05	2021-01-01
05053	Casasola	05	2021-01-01
05054	Casavieja	05	2021-01-01
05055	Casillas	05	2021-01-01
05056	Castellanos de Zapardiel	05	2021-01-01
05057	Cebreros	05	2021-01-01
05058	Cepeda la Mora	05	2021-01-01
05059	Cillán	05	2021-01-01
05060	Cisla	05	2021-01-01
05061	Colilla, La	05	2021-01-01
05062	Collado de Contreras	05	2021-01-01
05063	Collado del Mirón	05	2021-01-01
05064	Constanzana	05	2021-01-01
05065	Crespos	05	2021-01-01
05066	Cuevas del Valle	05	2021-01-01
05067	Chamartín	05	2021-01-01
05069	Donjimeno	05	2021-01-01
05070	Donvidas	05	2021-01-01
05072	Espinosa de los Caballeros	05	2021-01-01
05073	Flores de Ávila	05	2021-01-01
05074	Fontiveros	05	2021-01-01
05075	Fresnedilla	05	2021-01-01
05076	Fresno, El	05	2021-01-01
05077	Fuente el Saúz	05	2021-01-01
05078	Fuentes de Año	05	2021-01-01
05079	Gallegos de Altamiros	05	2021-01-01
05080	Gallegos de Sobrinos	05	2021-01-01
05081	Garganta del Villar	05	2021-01-01
05082	Gavilanes	05	2021-01-01
05083	Gemuño	05	2021-01-01
05084	Gilbuena	05	2021-01-01
05085	Gil García	05	2021-01-01
05086	Gimialcón	05	2021-01-01
05087	Gotarrendura	05	2021-01-01
05088	Grandes y San Martín	05	2021-01-01
05089	Guisando	05	2021-01-01
05090	Gutierre-Muñoz	05	2021-01-01
05092	Hernansancho	05	2021-01-01
05093	Herradón de Pinares	05	2021-01-01
05094	Herreros de Suso	05	2021-01-01
05095	Higuera de las Dueñas	05	2021-01-01
05096	Hija de Dios, La	05	2021-01-01
05097	Horcajada, La	05	2021-01-01
05099	Horcajo de las Torres	05	2021-01-01
05100	Hornillo, El	05	2021-01-01
05101	Hoyocasero	05	2021-01-01
05102	Hoyo de Pinares, El	05	2021-01-01
05103	Hoyorredondo	05	2021-01-01
05104	Hoyos del Collado	05	2021-01-01
05105	Hoyos del Espino	05	2021-01-01
05106	Hoyos de Miguel Muñoz	05	2021-01-01
05107	Hurtumpascual	05	2021-01-01
05108	Junciana	05	2021-01-01
05109	Langa	05	2021-01-01
05110	Lanzahíta	05	2021-01-01
05112	Losar del Barco, El	05	2021-01-01
05113	Llanos de Tormes, Los	05	2021-01-01
05114	Madrigal de las Altas Torres	05	2021-01-01
05115	Maello	05	2021-01-01
05116	Malpartida de Corneja	05	2021-01-01
05117	Mamblas	05	2021-01-01
05118	Mancera de Arriba	05	2021-01-01
05119	Manjabálago y Ortigosa de Rioalmar	05	2021-01-01
05120	Marlín	05	2021-01-01
05121	Martiherrero	05	2021-01-01
05122	Martínez	05	2021-01-01
05123	Mediana de Voltoya	05	2021-01-01
05124	Medinilla	05	2021-01-01
05125	Mengamuñoz	05	2021-01-01
05126	Mesegar de Corneja	05	2021-01-01
05127	Mijares	05	2021-01-01
05128	Mingorría	05	2021-01-01
05129	Mirón, El	05	2021-01-01
05130	Mironcillo	05	2021-01-01
05131	Mirueña de los Infanzones	05	2021-01-01
05132	Mombeltrán	05	2021-01-01
05133	Monsalupe	05	2021-01-01
05134	Moraleja de Matacabras	05	2021-01-01
05135	Muñana	05	2021-01-01
05136	Muñico	05	2021-01-01
05138	Muñogalindo	05	2021-01-01
05139	Muñogrande	05	2021-01-01
05140	Muñomer del Peco	05	2021-01-01
05141	Muñopepe	05	2021-01-01
05142	Muñosancho	05	2021-01-01
05143	Muñotello	05	2021-01-01
05144	Narrillos del Álamo	05	2021-01-01
05145	Narrillos del Rebollar	05	2021-01-01
05147	Narros del Castillo	05	2021-01-01
05148	Narros del Puerto	05	2021-01-01
05149	Narros de Saldueña	05	2021-01-01
05151	Navacepedilla de Corneja	05	2021-01-01
05152	Nava de Arévalo	05	2021-01-01
05153	Nava del Barco	05	2021-01-01
05154	Navadijos	05	2021-01-01
05155	Navaescurial	05	2021-01-01
05156	Navahondilla	05	2021-01-01
05157	Navalacruz	05	2021-01-01
05158	Navalmoral	05	2021-01-01
05159	Navalonguilla	05	2021-01-01
05160	Navalosa	05	2021-01-01
05161	Navalperal de Pinares	05	2021-01-01
05162	Navalperal de Tormes	05	2021-01-01
05163	Navaluenga	05	2021-01-01
05164	Navaquesera	05	2021-01-01
05165	Navarredonda de Gredos	05	2021-01-01
05166	Navarredondilla	05	2021-01-01
05167	Navarrevisca	05	2021-01-01
05168	Navas del Marqués, Las	05	2021-01-01
05169	Navatalgordo	05	2021-01-01
05170	Navatejares	05	2021-01-01
05171	Neila de San Miguel	05	2021-01-01
05172	Niharra	05	2021-01-01
05173	Ojos-Albos	05	2021-01-01
05174	Orbita	05	2021-01-01
05175	Oso, El	05	2021-01-01
05176	Padiernos	05	2021-01-01
05177	Pajares de Adaja	05	2021-01-01
05178	Palacios de Goda	05	2021-01-01
05179	Papatrigo	05	2021-01-01
05180	Parral, El	05	2021-01-01
05181	Pascualcobo	05	2021-01-01
05182	Pedro Bernardo	05	2021-01-01
05183	Pedro-Rodríguez	05	2021-01-01
05184	Peguerinos	05	2021-01-01
05185	Peñalba de Ávila	05	2021-01-01
05186	Piedrahíta	05	2021-01-01
05187	Piedralaves	05	2021-01-01
05188	Poveda	05	2021-01-01
05189	Poyales del Hoyo	05	2021-01-01
05190	Pozanco	05	2021-01-01
05191	Pradosegar	05	2021-01-01
05192	Puerto Castilla	05	2021-01-01
05193	Rasueros	05	2021-01-01
05194	Riocabado	05	2021-01-01
05195	Riofrío	05	2021-01-01
05196	Rivilla de Barajas	05	2021-01-01
05197	Salobral	05	2021-01-01
05198	Salvadiós	05	2021-01-01
05199	San Bartolomé de Béjar	05	2021-01-01
05200	San Bartolomé de Corneja	05	2021-01-01
05201	San Bartolomé de Pinares	05	2021-01-01
05204	Sanchidrián	05	2021-01-01
05205	Sanchorreja	05	2021-01-01
05206	San Esteban de los Patos	05	2021-01-01
05207	San Esteban del Valle	05	2021-01-01
05208	San Esteban de Zapardiel	05	2021-01-01
05209	San García de Ingelmos	05	2021-01-01
05210	San Juan de la Encinilla	05	2021-01-01
05211	San Juan de la Nava	05	2021-01-01
05212	San Juan del Molinillo	05	2021-01-01
05213	San Juan del Olmo	05	2021-01-01
05214	San Lorenzo de Tormes	05	2021-01-01
05215	San Martín de la Vega del Alberche	05	2021-01-01
05216	San Martín del Pimpollar	05	2021-01-01
05217	San Miguel de Corneja	05	2021-01-01
05218	San Miguel de Serrezuela	05	2021-01-01
05219	San Pascual	05	2021-01-01
05220	San Pedro del Arroyo	05	2021-01-01
05221	Santa Cruz del Valle	05	2021-01-01
05222	Santa Cruz de Pinares	05	2021-01-01
05224	Santa María del Arroyo	05	2021-01-01
05225	Santa María del Berrocal	05	2021-01-01
05226	Santa María de los Caballeros	05	2021-01-01
05227	Santa María del Tiétar	05	2021-01-01
05228	Santiago del Collado	05	2021-01-01
05229	Santo Domingo de las Posadas	05	2021-01-01
05230	Santo Tomé de Zabarcos	05	2021-01-01
05231	San Vicente de Arévalo	05	2021-01-01
05232	Serrada, La	05	2021-01-01
05233	Serranillos	05	2021-01-01
05234	Sigeres	05	2021-01-01
05235	Sinlabajos	05	2021-01-01
05236	Solana de Ávila	05	2021-01-01
05237	Solana de Rioalmar	05	2021-01-01
05238	Solosancho	05	2021-01-01
05239	Sotalbo	05	2021-01-01
05240	Sotillo de la Adrada	05	2021-01-01
05241	Tiemblo, El	05	2021-01-01
05242	Tiñosillos	05	2021-01-01
05243	Tolbaños	05	2021-01-01
05244	Tormellas	05	2021-01-01
05245	Tornadizos de Ávila	05	2021-01-01
05246	Tórtoles	05	2021-01-01
05247	Torre, La	05	2021-01-01
05249	Umbrías	05	2021-01-01
05251	Vadillo de la Sierra	05	2021-01-01
05252	Valdecasa	05	2021-01-01
05253	Vega de Santa María	05	2021-01-01
05254	Velayos	05	2021-01-01
05256	Villaflor	05	2021-01-01
05257	Villafranca de la Sierra	05	2021-01-01
05258	Villanueva de Gómez	05	2021-01-01
05259	Villanueva del Aceral	05	2021-01-01
05260	Villanueva del Campillo	05	2021-01-01
05261	Villar de Corneja	05	2021-01-01
05262	Villarejo del Valle	05	2021-01-01
05263	Villatoro	05	2021-01-01
05264	Viñegra de Moraña	05	2021-01-01
05265	Vita	05	2021-01-01
05266	Zapardiel de la Cañada	05	2021-01-01
05267	Zapardiel de la Ribera	05	2021-01-01
05901	San Juan de Gredos	05	2021-01-01
05902	Santa María del Cubillo	05	2021-01-01
05903	Diego del Carpio	05	2021-01-01
05904	Santiago del Tormes	05	2021-01-01
05905	Villanueva de Ávila	05	2021-01-01
06001	Acedera	06	2021-01-01
06002	Aceuchal	06	2021-01-01
06003	Ahillones	06	2021-01-01
06004	Alange	06	2021-01-01
06005	Albuera, La	06	2021-01-01
06006	Alburquerque	06	2021-01-01
06007	Alconchel	06	2021-01-01
06008	Alconera	06	2021-01-01
06009	Aljucén	06	2021-01-01
06010	Almendral	06	2021-01-01
06011	Almendralejo	06	2021-01-01
06012	Arroyo de San Serván	06	2021-01-01
06013	Atalaya	06	2021-01-01
06014	Azuaga	06	2021-01-01
06015	Badajoz	06	2021-01-01
06016	Barcarrota	06	2021-01-01
06017	Baterno	06	2021-01-01
06018	Benquerencia de la Serena	06	2021-01-01
06019	Berlanga	06	2021-01-01
06020	Bienvenida	06	2021-01-01
06021	Bodonal de la Sierra	06	2021-01-01
06022	Burguillos del Cerro	06	2021-01-01
06023	Cabeza del Buey	06	2021-01-01
06024	Cabeza la Vaca	06	2021-01-01
06025	Calamonte	06	2021-01-01
06026	Calera de León	06	2021-01-01
06027	Calzadilla de los Barros	06	2021-01-01
06028	Campanario	06	2021-01-01
06029	Campillo de Llerena	06	2021-01-01
06030	Capilla	06	2021-01-01
06031	Carmonita	06	2021-01-01
06032	Carrascalejo, El	06	2021-01-01
06033	Casas de Don Pedro	06	2021-01-01
06034	Casas de Reina	06	2021-01-01
06035	Castilblanco	06	2021-01-01
06036	Castuera	06	2021-01-01
06037	Codosera, La	06	2021-01-01
06038	Cordobilla de Lácara	06	2021-01-01
06039	Coronada, La	06	2021-01-01
06040	Corte de Peleas	06	2021-01-01
06041	Cristina	06	2021-01-01
06042	Cheles	06	2021-01-01
06043	Don Álvaro	06	2021-01-01
06044	Don Benito	06	2021-01-01
06045	Entrín Bajo	06	2021-01-01
06046	Esparragalejo	06	2021-01-01
06047	Esparragosa de la Serena	06	2021-01-01
06048	Esparragosa de Lares	06	2021-01-01
06049	Feria	06	2021-01-01
06050	Fregenal de la Sierra	06	2021-01-01
06051	Fuenlabrada de los Montes	06	2021-01-01
06052	Fuente de Cantos	06	2021-01-01
06053	Fuente del Arco	06	2021-01-01
06054	Fuente del Maestre	06	2021-01-01
06055	Fuentes de León	06	2021-01-01
06056	Garbayuela	06	2021-01-01
06057	Garlitos	06	2021-01-01
06058	Garrovilla, La	06	2021-01-01
06059	Granja de Torrehermosa	06	2021-01-01
06060	Guareña	06	2021-01-01
06061	Haba, La	06	2021-01-01
06062	Helechosa de los Montes	06	2021-01-01
06063	Herrera del Duque	06	2021-01-01
06064	Higuera de la Serena	06	2021-01-01
06065	Higuera de Llerena	06	2021-01-01
06066	Higuera de Vargas	06	2021-01-01
06067	Higuera la Real	06	2021-01-01
06068	Hinojosa del Valle	06	2021-01-01
06069	Hornachos	06	2021-01-01
06070	Jerez de los Caballeros	06	2021-01-01
06071	Lapa, La	06	2021-01-01
06072	Lobón	06	2021-01-01
06073	Llera	06	2021-01-01
06074	Llerena	06	2021-01-01
06075	Magacela	06	2021-01-01
06076	Maguilla	06	2021-01-01
06077	Malcocinado	06	2021-01-01
06078	Malpartida de la Serena	06	2021-01-01
06079	Manchita	06	2021-01-01
06080	Medellín	06	2021-01-01
06081	Medina de las Torres	06	2021-01-01
06082	Mengabril	06	2021-01-01
06083	Mérida	06	2021-01-01
06084	Mirandilla	06	2021-01-01
06085	Monesterio	06	2021-01-01
06086	Montemolín	06	2021-01-01
06087	Monterrubio de la Serena	06	2021-01-01
06088	Montijo	06	2021-01-01
06089	Morera, La	06	2021-01-01
06090	Nava de Santiago, La	06	2021-01-01
06091	Navalvillar de Pela	06	2021-01-01
06092	Nogales	06	2021-01-01
06093	Oliva de la Frontera	06	2021-01-01
06094	Oliva de Mérida	06	2021-01-01
06095	Olivenza	06	2021-01-01
06096	Orellana de la Sierra	06	2021-01-01
06097	Orellana la Vieja	06	2021-01-01
06098	Palomas	06	2021-01-01
06099	Parra, La	06	2021-01-01
06100	Peñalsordo	06	2021-01-01
06101	Peraleda del Zaucejo	06	2021-01-01
06102	Puebla de Alcocer	06	2021-01-01
06103	Puebla de la Calzada	06	2021-01-01
06104	Puebla de la Reina	06	2021-01-01
06105	Puebla del Maestre	06	2021-01-01
06106	Puebla del Prior	06	2021-01-01
06107	Puebla de Obando	06	2021-01-01
06108	Puebla de Sancho Pérez	06	2021-01-01
06109	Quintana de la Serena	06	2021-01-01
06110	Reina	06	2021-01-01
06111	Rena	06	2021-01-01
06112	Retamal de Llerena	06	2021-01-01
06113	Ribera del Fresno	06	2021-01-01
06114	Risco	06	2021-01-01
06115	Roca de la Sierra, La	06	2021-01-01
06116	Salvaleón	06	2021-01-01
06117	Salvatierra de los Barros	06	2021-01-01
06118	Sancti-Spíritus	06	2021-01-01
06119	San Pedro de Mérida	06	2021-01-01
06120	Santa Amalia	06	2021-01-01
06121	Santa Marta	06	2021-01-01
06122	Santos de Maimona, Los	06	2021-01-01
06123	San Vicente de Alcántara	06	2021-01-01
06124	Segura de León	06	2021-01-01
06125	Siruela	06	2021-01-01
06126	Solana de los Barros	06	2021-01-01
06127	Talarrubias	06	2021-01-01
06128	Talavera la Real	06	2021-01-01
06129	Táliga	06	2021-01-01
06130	Tamurejo	06	2021-01-01
06131	Torre de Miguel Sesmero	06	2021-01-01
06132	Torremayor	06	2021-01-01
06133	Torremejía	06	2021-01-01
06134	Trasierra	06	2021-01-01
06135	Trujillanos	06	2021-01-01
06136	Usagre	06	2021-01-01
06137	Valdecaballeros	06	2021-01-01
06138	Valdetorres	06	2021-01-01
06139	Valencia de las Torres	06	2021-01-01
06140	Valencia del Mombuey	06	2021-01-01
06141	Valencia del Ventoso	06	2021-01-01
06142	Valverde de Burguillos	06	2021-01-01
06143	Valverde de Leganés	06	2021-01-01
06144	Valverde de Llerena	06	2021-01-01
06145	Valverde de Mérida	06	2021-01-01
06146	Valle de la Serena	06	2021-01-01
06147	Valle de Matamoros	06	2021-01-01
06148	Valle de Santa Ana	06	2021-01-01
06149	Villafranca de los Barros	06	2021-01-01
06150	Villagarcía de la Torre	06	2021-01-01
06151	Villagonzalo	06	2021-01-01
06152	Villalba de los Barros	06	2021-01-01
06153	Villanueva de la Serena	06	2021-01-01
06154	Villanueva del Fresno	06	2021-01-01
06155	Villar del Rey	06	2021-01-01
06156	Villar de Rena	06	2021-01-01
06157	Villarta de los Montes	06	2021-01-01
06158	Zafra	06	2021-01-01
06159	Zahínos	06	2021-01-01
06160	Zalamea de la Serena	06	2021-01-01
06161	Zarza-Capilla	06	2021-01-01
06162	Zarza, La	06	2021-01-01
06901	Valdelacalzada	06	2021-01-01
06902	Pueblonuevo del Guadiana	06	2021-01-01
06903	Guadiana	06	2021-01-01
07001	Alaró	07	2021-01-01
07002	Alaior	07	2021-01-01
07003	Alcúdia	07	2021-01-01
07004	Algaida	07	2021-01-01
07005	Andratx	07	2021-01-01
07006	Artà	07	2021-01-01
07007	Banyalbufar	07	2021-01-01
07008	Binissalem	07	2021-01-01
07009	Búger	07	2021-01-01
07010	Bunyola	07	2021-01-01
07011	Calvià	07	2021-01-01
07012	Campanet	07	2021-01-01
07013	Campos	07	2021-01-01
07014	Capdepera	07	2021-01-01
07015	Ciutadella de Menorca	07	2021-01-01
07016	Consell	07	2021-01-01
07017	Costitx	07	2021-01-01
07018	Deià	07	2021-01-01
07019	Escorca	07	2021-01-01
07020	Esporles	07	2021-01-01
07021	Estellencs	07	2021-01-01
07022	Felanitx	07	2021-01-01
07023	Ferreries	07	2021-01-01
07024	Formentera	07	2021-01-01
07025	Fornalutx	07	2021-01-01
07026	Eivissa	07	2021-01-01
07027	Inca	07	2021-01-01
07028	Lloret de Vistalegre	07	2021-01-01
07029	Lloseta	07	2021-01-01
07030	Llubí	07	2021-01-01
07031	Llucmajor	07	2021-01-01
07032	Maó	07	2021-01-01
07033	Manacor	07	2021-01-01
07034	Mancor de la Vall	07	2021-01-01
07035	Maria de la Salut	07	2021-01-01
07036	Marratxí	07	2021-01-01
07037	Mercadal, Es	07	2021-01-01
07038	Montuïri	07	2021-01-01
07039	Muro	07	2021-01-01
07040	Palma	07	2021-01-01
07041	Petra	07	2021-01-01
07042	Pollença	07	2021-01-01
07043	Porreres	07	2021-01-01
07044	Pobla, Sa	07	2021-01-01
07045	Puigpunyent	07	2021-01-01
07046	Sant Antoni de Portmany	07	2021-01-01
07047	Sencelles	07	2021-01-01
07048	Sant Josep de sa Talaia	07	2021-01-01
07049	Sant Joan	07	2021-01-01
07050	Sant Joan de Labritja	07	2021-01-01
07051	Sant Llorenç des Cardassar	07	2021-01-01
07052	Sant Lluís	07	2021-01-01
07053	Santa Eugènia	07	2021-01-01
07054	Santa Eulària des Riu	07	2021-01-01
07055	Santa Margalida	07	2021-01-01
07056	Santa María del Camí	07	2021-01-01
07057	Santanyí	07	2021-01-01
07058	Selva	07	2021-01-01
07059	Salines, Ses	07	2021-01-01
07060	Sineu	07	2021-01-01
07061	Sóller	07	2021-01-01
07062	Son Servera	07	2021-01-01
07063	Valldemossa	07	2021-01-01
07064	Castell, Es	07	2021-01-01
07065	Vilafranca de Bonany	07	2021-01-01
07901	Ariany	07	2021-01-01
07902	Migjorn Gran, Es	07	2021-01-01
08001	Abrera	08	2021-01-01
08002	Aguilar de Segarra	08	2021-01-01
08003	Alella	08	2021-01-01
08004	Alpens	08	2021-01-01
08005	Ametlla del Vallès, L'	08	2021-01-01
08006	Arenys de Mar	08	2021-01-01
08007	Arenys de Munt	08	2021-01-01
08008	Argençola	08	2021-01-01
08009	Argentona	08	2021-01-01
08010	Artés	08	2021-01-01
08011	Avià	08	2021-01-01
08012	Avinyó	08	2021-01-01
08013	Avinyonet del Penedès	08	2021-01-01
08014	Aiguafreda	08	2021-01-01
08015	Badalona	08	2021-01-01
08016	Bagà	08	2021-01-01
08017	Balenyà	08	2021-01-01
08018	Balsareny	08	2021-01-01
08019	Barcelona	08	2021-01-01
08020	Begues	08	2021-01-01
08021	Bellprat	08	2021-01-01
08022	Berga	08	2021-01-01
08023	Bigues i Riells del Fai	08	2021-01-01
08024	Borredà	08	2021-01-01
08025	Bruc, El	08	2021-01-01
08026	Brull, El	08	2021-01-01
08027	Cabanyes, Les	08	2021-01-01
08028	Cabrera d'Anoia	08	2021-01-01
08029	Cabrera de Mar	08	2021-01-01
08030	Cabrils	08	2021-01-01
08031	Calaf	08	2021-01-01
08032	Caldes d'Estrac	08	2021-01-01
08033	Caldes de Montbui	08	2021-01-01
08034	Calders	08	2021-01-01
08035	Calella	08	2021-01-01
08036	Calonge de Segarra	08	2021-01-01
08037	Calldetenes	08	2021-01-01
08038	Callús	08	2021-01-01
08039	Campins	08	2021-01-01
08040	Canet de Mar	08	2021-01-01
08041	Canovelles	08	2021-01-01
08042	Cànoves i Samalús	08	2021-01-01
08043	Canyelles	08	2021-01-01
08044	Capellades	08	2021-01-01
08045	Capolat	08	2021-01-01
08046	Cardedeu	08	2021-01-01
08047	Cardona	08	2021-01-01
08048	Carme	08	2021-01-01
08049	Casserres	08	2021-01-01
08050	Castellar del Riu	08	2021-01-01
08051	Castellar del Vallès	08	2021-01-01
08052	Castellar de n'Hug	08	2021-01-01
08053	Castellbell i el Vilar	08	2021-01-01
08054	Castellbisbal	08	2021-01-01
08055	Castellcir	08	2021-01-01
08056	Castelldefels	08	2021-01-01
08057	Castell de l'Areny	08	2021-01-01
08058	Castellet i la Gornal	08	2021-01-01
08059	Castellfollit del Boix	08	2021-01-01
08060	Castellfollit de Riubregós	08	2021-01-01
08061	Castellgalí	08	2021-01-01
08062	Castellnou de Bages	08	2021-01-01
08063	Castellolí	08	2021-01-01
08064	Castellterçol	08	2021-01-01
08065	Castellví de la Marca	08	2021-01-01
08066	Castellví de Rosanes	08	2021-01-01
08067	Centelles	08	2021-01-01
08068	Cervelló	08	2021-01-01
08069	Collbató	08	2021-01-01
08070	Collsuspina	08	2021-01-01
08071	Copons	08	2021-01-01
08072	Corbera de Llobregat	08	2021-01-01
08073	Cornellà de Llobregat	08	2021-01-01
08074	Cubelles	08	2021-01-01
08075	Dosrius	08	2021-01-01
08076	Esparreguera	08	2021-01-01
08077	Esplugues de Llobregat	08	2021-01-01
08078	Espunyola, L'	08	2021-01-01
08079	Estany, L'	08	2021-01-01
08080	Fígols	08	2021-01-01
08081	Fogars de Montclús	08	2021-01-01
08082	Fogars de la Selva	08	2021-01-01
08083	Folgueroles	08	2021-01-01
08084	Fonollosa	08	2021-01-01
08085	Font-rubí	08	2021-01-01
08086	Franqueses del Vallès, Les	08	2021-01-01
08087	Gallifa	08	2021-01-01
08088	Garriga, La	08	2021-01-01
08089	Gavà	08	2021-01-01
08090	Gaià	08	2021-01-01
08091	Gelida	08	2021-01-01
08092	Gironella	08	2021-01-01
08093	Gisclareny	08	2021-01-01
08094	Granada, La	08	2021-01-01
08095	Granera	08	2021-01-01
08096	Granollers	08	2021-01-01
08097	Gualba	08	2021-01-01
08098	Sant Salvador de Guardiola	08	2021-01-01
08099	Guardiola de Berguedà	08	2021-01-01
08100	Gurb	08	2021-01-01
08101	Hospitalet de Llobregat, L'	08	2021-01-01
08102	Igualada	08	2021-01-01
08103	Jorba	08	2021-01-01
08104	Llacuna, La	08	2021-01-01
08105	Llagosta, La	08	2021-01-01
08106	Llinars del Vallès	08	2021-01-01
08107	Lliçà d'Amunt	08	2021-01-01
08108	Lliçà de Vall	08	2021-01-01
08109	Lluçà	08	2021-01-01
08110	Malgrat de Mar	08	2021-01-01
08111	Malla	08	2021-01-01
08112	Manlleu	08	2021-01-01
08113	Manresa	08	2021-01-01
08114	Martorell	08	2021-01-01
08115	Martorelles	08	2021-01-01
08116	Masies de Roda, Les	08	2021-01-01
08117	Masies de Voltregà, Les	08	2021-01-01
08118	Masnou, El	08	2021-01-01
08119	Masquefa	08	2021-01-01
08120	Matadepera	08	2021-01-01
08121	Mataró	08	2021-01-01
08122	Mediona	08	2021-01-01
08123	Molins de Rei	08	2021-01-01
08124	Mollet del Vallès	08	2021-01-01
08125	Montcada i Reixac	08	2021-01-01
08126	Montgat	08	2021-01-01
08127	Monistrol de Montserrat	08	2021-01-01
08128	Monistrol de Calders	08	2021-01-01
08129	Muntanyola	08	2021-01-01
08130	Montclar	08	2021-01-01
08131	Montesquiu	08	2021-01-01
08132	Montmajor	08	2021-01-01
08133	Montmaneu	08	2021-01-01
08134	Figaró-Montmany	08	2021-01-01
08135	Montmeló	08	2021-01-01
08136	Montornès del Vallès	08	2021-01-01
08137	Montseny	08	2021-01-01
08138	Moià	08	2021-01-01
08139	Mura	08	2021-01-01
08140	Navarcles	08	2021-01-01
08141	Navàs	08	2021-01-01
08142	Nou de Berguedà, La	08	2021-01-01
08143	Òdena	08	2021-01-01
08144	Olvan	08	2021-01-01
08145	Olèrdola	08	2021-01-01
08146	Olesa de Bonesvalls	08	2021-01-01
08147	Olesa de Montserrat	08	2021-01-01
08148	Olivella	08	2021-01-01
08149	Olost	08	2021-01-01
08150	Orís	08	2021-01-01
08151	Oristà	08	2021-01-01
08152	Orpí	08	2021-01-01
08153	Òrrius	08	2021-01-01
08154	Pacs del Penedès	08	2021-01-01
08155	Palafolls	08	2021-01-01
08156	Palau-solità i Plegamans	08	2021-01-01
08157	Pallejà	08	2021-01-01
08158	Papiol, El	08	2021-01-01
08159	Parets del Vallès	08	2021-01-01
08160	Perafita	08	2021-01-01
08161	Piera	08	2021-01-01
08162	Hostalets de Pierola, Els	08	2021-01-01
08163	Pineda de Mar	08	2021-01-01
08164	Pla del Penedès, El	08	2021-01-01
08165	Pobla de Claramunt, La	08	2021-01-01
08166	Pobla de Lillet, La	08	2021-01-01
08167	Polinyà	08	2021-01-01
08168	Pontons	08	2021-01-01
08169	Prat de Llobregat, El	08	2021-01-01
08170	Prats de Rei, Els	08	2021-01-01
08171	Prats de Lluçanès	08	2021-01-01
08172	Premià de Mar	08	2021-01-01
08174	Puigdàlber	08	2021-01-01
08175	Puig-reig	08	2021-01-01
08176	Pujalt	08	2021-01-01
08177	Quar, La	08	2021-01-01
08178	Rajadell	08	2021-01-01
08179	Rellinars	08	2021-01-01
08180	Ripollet	08	2021-01-01
08181	Roca del Vallès, La	08	2021-01-01
08182	Pont de Vilomara i Rocafort, El	08	2021-01-01
08183	Roda de Ter	08	2021-01-01
08184	Rubí	08	2021-01-01
08185	Rubió	08	2021-01-01
08187	Sabadell	08	2021-01-01
08188	Sagàs	08	2021-01-01
08189	Sant Pere Sallavinera	08	2021-01-01
08190	Saldes	08	2021-01-01
08191	Sallent	08	2021-01-01
08192	Santpedor	08	2021-01-01
08193	Sant Iscle de Vallalta	08	2021-01-01
08194	Sant Adrià de Besòs	08	2021-01-01
08195	Sant Agustí de Lluçanès	08	2021-01-01
08196	Sant Andreu de la Barca	08	2021-01-01
08197	Sant Andreu de Llavaneres	08	2021-01-01
08198	Sant Antoni de Vilamajor	08	2021-01-01
08199	Sant Bartomeu del Grau	08	2021-01-01
08200	Sant Boi de Llobregat	08	2021-01-01
08201	Sant Boi de Lluçanès	08	2021-01-01
08202	Sant Celoni	08	2021-01-01
08203	Sant Cebrià de Vallalta	08	2021-01-01
08204	Sant Climent de Llobregat	08	2021-01-01
08205	Sant Cugat del Vallès	08	2021-01-01
08206	Sant Cugat Sesgarrigues	08	2021-01-01
08207	Sant Esteve de Palautordera	08	2021-01-01
08208	Sant Esteve Sesrovires	08	2021-01-01
08209	Sant Fost de Campsentelles	08	2021-01-01
08210	Sant Feliu de Codines	08	2021-01-01
08211	Sant Feliu de Llobregat	08	2021-01-01
08212	Sant Feliu Sasserra	08	2021-01-01
08213	Sant Fruitós de Bages	08	2021-01-01
08214	Vilassar de Dalt	08	2021-01-01
08215	Sant Hipòlit de Voltregà	08	2021-01-01
08216	Sant Jaume de Frontanyà	08	2021-01-01
08217	Sant Joan Despí	08	2021-01-01
08218	Sant Joan de Vilatorrada	08	2021-01-01
08219	Vilassar de Mar	08	2021-01-01
08220	Sant Julià de Vilatorta	08	2021-01-01
08221	Sant Just Desvern	08	2021-01-01
08222	Sant Llorenç d'Hortons	08	2021-01-01
08223	Sant Llorenç Savall	08	2021-01-01
08224	Sant Martí de Centelles	08	2021-01-01
08225	Sant Martí d'Albars	08	2021-01-01
08226	Sant Martí de Tous	08	2021-01-01
08227	Sant Martí Sarroca	08	2021-01-01
08228	Sant Martí Sesgueioles	08	2021-01-01
08229	Sant Mateu de Bages	08	2021-01-01
08230	Premià de Dalt	08	2021-01-01
08231	Sant Pere de Ribes	08	2021-01-01
08232	Sant Pere de Riudebitlles	08	2021-01-01
08233	Sant Pere de Torelló	08	2021-01-01
08234	Sant Pere de Vilamajor	08	2021-01-01
08235	Sant Pol de Mar	08	2021-01-01
08236	Sant Quintí de Mediona	08	2021-01-01
08237	Sant Quirze de Besora	08	2021-01-01
08238	Sant Quirze del Vallès	08	2021-01-01
08239	Sant Quirze Safaja	08	2021-01-01
08240	Sant Sadurní d'Anoia	08	2021-01-01
08241	Sant Sadurní d'Osormort	08	2021-01-01
08242	Marganell	08	2021-01-01
08243	Santa Cecília de Voltregà	08	2021-01-01
08244	Santa Coloma de Cervelló	08	2021-01-01
08245	Santa Coloma de Gramenet	08	2021-01-01
08246	Santa Eugènia de Berga	08	2021-01-01
08247	Santa Eulàlia de Riuprimer	08	2021-01-01
08248	Santa Eulàlia de Ronçana	08	2021-01-01
08249	Santa Fe del Penedès	08	2021-01-01
08250	Santa Margarida de Montbui	08	2021-01-01
08251	Santa Margarida i els Monjos	08	2021-01-01
08252	Barberà del Vallès	08	2021-01-01
08253	Santa Maria de Besora	08	2021-01-01
08254	Esquirol, L'	08	2021-01-01
08255	Santa Maria de Merlès	08	2021-01-01
08256	Santa Maria de Martorelles	08	2021-01-01
08257	Santa Maria de Miralles	08	2021-01-01
08258	Santa Maria d'Oló	08	2021-01-01
08259	Santa Maria de Palautordera	08	2021-01-01
08260	Santa Perpètua de Mogoda	08	2021-01-01
08261	Santa Susanna	08	2021-01-01
08262	Sant Vicenç de Castellet	08	2021-01-01
08263	Sant Vicenç dels Horts	08	2021-01-01
08264	Sant Vicenç de Montalt	08	2021-01-01
08265	Sant Vicenç de Torelló	08	2021-01-01
08266	Cerdanyola del Vallès	08	2021-01-01
08267	Sentmenat	08	2021-01-01
08268	Cercs	08	2021-01-01
08269	Seva	08	2021-01-01
08270	Sitges	08	2021-01-01
08271	Sobremunt	08	2021-01-01
08272	Sora	08	2021-01-01
08273	Subirats	08	2021-01-01
08274	Súria	08	2021-01-01
08275	Tavèrnoles	08	2021-01-01
08276	Tagamanent	08	2021-01-01
08277	Talamanca	08	2021-01-01
08278	Taradell	08	2021-01-01
08279	Terrassa	08	2021-01-01
08280	Tavertet	08	2021-01-01
08281	Teià	08	2021-01-01
08282	Tiana	08	2021-01-01
08283	Tona	08	2021-01-01
08284	Tordera	08	2021-01-01
08285	Torelló	08	2021-01-01
08286	Torre de Claramunt, La	08	2021-01-01
08287	Torrelavit	08	2021-01-01
08288	Torrelles de Foix	08	2021-01-01
08289	Torrelles de Llobregat	08	2021-01-01
08290	Ullastrell	08	2021-01-01
08291	Vacarisses	08	2021-01-01
08292	Vallbona d'Anoia	08	2021-01-01
08293	Vallcebre	08	2021-01-01
08294	Vallgorguina	08	2021-01-01
08295	Vallirana	08	2021-01-01
08296	Vallromanes	08	2021-01-01
08297	Veciana	08	2021-01-01
08298	Vic	08	2021-01-01
08299	Vilada	08	2021-01-01
08300	Viladecavalls	08	2021-01-01
08301	Viladecans	08	2021-01-01
08302	Vilanova del Camí	08	2021-01-01
08303	Vilanova de Sau	08	2021-01-01
08304	Vilobí del Penedès	08	2021-01-01
08305	Vilafranca del Penedès	08	2021-01-01
08306	Vilalba Sasserra	08	2021-01-01
08307	Vilanova i la Geltrú	08	2021-01-01
08308	Viver i Serrateix	08	2021-01-01
08901	Rupit i Pruit	08	2021-01-01
08902	Vilanova del Vallès	08	2021-01-01
08903	Sant Julià de Cerdanyola	08	2021-01-01
08904	Badia del Vallès	08	2021-01-01
08905	Palma de Cervelló, La	08	2021-01-01
09001	Abajas	09	2021-01-01
09003	Adrada de Haza	09	2021-01-01
09006	Aguas Cándidas	09	2021-01-01
09007	Aguilar de Bureba	09	2021-01-01
09009	Albillos	09	2021-01-01
09010	Alcocero de Mola	09	2021-01-01
09011	Alfoz de Bricia	09	2021-01-01
09012	Alfoz de Santa Gadea	09	2021-01-01
09013	Altable	09	2021-01-01
09014	Altos, Los	09	2021-01-01
09016	Ameyugo	09	2021-01-01
09017	Anguix	09	2021-01-01
09018	Aranda de Duero	09	2021-01-01
09019	Arandilla	09	2021-01-01
09020	Arauzo de Miel	09	2021-01-01
09021	Arauzo de Salce	09	2021-01-01
09022	Arauzo de Torre	09	2021-01-01
09023	Arcos	09	2021-01-01
09024	Arenillas de Riopisuerga	09	2021-01-01
09025	Arija	09	2021-01-01
09026	Arlanzón	09	2021-01-01
09027	Arraya de Oca	09	2021-01-01
09029	Atapuerca	09	2021-01-01
09030	Ausines, Los	09	2021-01-01
09032	Avellanosa de Muñó	09	2021-01-01
09033	Bahabón de Esgueva	09	2021-01-01
09034	Balbases, Los	09	2021-01-01
09035	Baños de Valdearados	09	2021-01-01
09036	Bañuelos de Bureba	09	2021-01-01
09037	Barbadillo de Herreros	09	2021-01-01
09038	Barbadillo del Mercado	09	2021-01-01
09039	Barbadillo del Pez	09	2021-01-01
09041	Barrio de Muñó	09	2021-01-01
09043	Barrios de Bureba, Los	09	2021-01-01
09044	Barrios de Colina	09	2021-01-01
09045	Basconcillos del Tozo	09	2021-01-01
09046	Bascuñana	09	2021-01-01
09047	Belbimbre	09	2021-01-01
09048	Belorado	09	2021-01-01
09050	Berberana	09	2021-01-01
09051	Berlangas de Roa	09	2021-01-01
09052	Berzosa de Bureba	09	2021-01-01
09054	Bozoó	09	2021-01-01
09055	Brazacorta	09	2021-01-01
09056	Briviesca	09	2021-01-01
09057	Bugedo	09	2021-01-01
09058	Buniel	09	2021-01-01
09059	Burgos	09	2021-01-01
09060	Busto de Bureba	09	2021-01-01
09061	Cabañes de Esgueva	09	2021-01-01
09062	Cabezón de la Sierra	09	2021-01-01
09063	Cavia	09	2021-01-01
09064	Caleruega	09	2021-01-01
09065	Campillo de Aranda	09	2021-01-01
09066	Campolara	09	2021-01-01
09067	Canicosa de la Sierra	09	2021-01-01
09068	Cantabrana	09	2021-01-01
09070	Carazo	09	2021-01-01
09071	Carcedo de Bureba	09	2021-01-01
09072	Carcedo de Burgos	09	2021-01-01
09073	Cardeñadijo	09	2021-01-01
09074	Cardeñajimeno	09	2021-01-01
09075	Cardeñuela Riopico	09	2021-01-01
09076	Carrias	09	2021-01-01
09077	Cascajares de Bureba	09	2021-01-01
09078	Cascajares de la Sierra	09	2021-01-01
09079	Castellanos de Castro	09	2021-01-01
09082	Castildelgado	09	2021-01-01
09083	Castil de Peones	09	2021-01-01
09084	Castrillo de la Reina	09	2021-01-01
09085	Castrillo de la Vega	09	2021-01-01
09086	Castrillo del Val	09	2021-01-01
09088	Castrillo de Riopisuerga	09	2021-01-01
09090	Castrillo Mota de Judíos	09	2021-01-01
09091	Castrojeriz	09	2021-01-01
09093	Cayuela	09	2021-01-01
09094	Cebrecos	09	2021-01-01
09095	Celada del Camino	09	2021-01-01
09098	Cerezo de Río Tirón	09	2021-01-01
09100	Cerratón de Juarros	09	2021-01-01
09101	Ciadoncha	09	2021-01-01
09102	Cillaperlata	09	2021-01-01
09103	Cilleruelo de Abajo	09	2021-01-01
09104	Cilleruelo de Arriba	09	2021-01-01
09105	Ciruelos de Cervera	09	2021-01-01
09108	Cogollos	09	2021-01-01
09109	Condado de Treviño	09	2021-01-01
09110	Contreras	09	2021-01-01
09112	Coruña del Conde	09	2021-01-01
09113	Covarrubias	09	2021-01-01
09114	Cubillo del Campo	09	2021-01-01
09115	Cubo de Bureba	09	2021-01-01
09117	Cueva de Roa, La	09	2021-01-01
09119	Cuevas de San Clemente	09	2021-01-01
09120	Encío	09	2021-01-01
09122	Espinosa de Cervera	09	2021-01-01
09123	Espinosa del Camino	09	2021-01-01
09124	Espinosa de los Monteros	09	2021-01-01
09125	Estépar	09	2021-01-01
09127	Fontioso	09	2021-01-01
09128	Frandovínez	09	2021-01-01
09129	Fresneda de la Sierra Tirón	09	2021-01-01
09130	Fresneña	09	2021-01-01
09131	Fresnillo de las Dueñas	09	2021-01-01
09132	Fresno de Río Tirón	09	2021-01-01
09133	Fresno de Rodilla	09	2021-01-01
09134	Frías	09	2021-01-01
09135	Fuentebureba	09	2021-01-01
09136	Fuentecén	09	2021-01-01
09137	Fuentelcésped	09	2021-01-01
09138	Fuentelisendo	09	2021-01-01
09139	Fuentemolinos	09	2021-01-01
09140	Fuentenebro	09	2021-01-01
09141	Fuentespina	09	2021-01-01
09143	Galbarros	09	2021-01-01
09144	Gallega, La	09	2021-01-01
09148	Grijalba	09	2021-01-01
09149	Grisaleña	09	2021-01-01
09151	Gumiel de Izán	09	2021-01-01
09152	Gumiel de Mercado	09	2021-01-01
09154	Hacinas	09	2021-01-01
09155	Haza	09	2021-01-01
09159	Hontanas	09	2021-01-01
09160	Hontangas	09	2021-01-01
09162	Hontoria de la Cantera	09	2021-01-01
09163	Hontoria del Pinar	09	2021-01-01
09164	Hontoria de Valdearados	09	2021-01-01
09166	Hormazas, Las	09	2021-01-01
09167	Hornillos del Camino	09	2021-01-01
09168	Horra, La	09	2021-01-01
09169	Hortigüela	09	2021-01-01
09170	Hoyales de Roa	09	2021-01-01
09172	Huérmeces	09	2021-01-01
09173	Huerta de Arriba	09	2021-01-01
09174	Huerta de Rey	09	2021-01-01
09175	Humada	09	2021-01-01
09176	Hurones	09	2021-01-01
09177	Ibeas de Juarros	09	2021-01-01
09178	Ibrillos	09	2021-01-01
09179	Iglesiarrubia	09	2021-01-01
09180	Iglesias	09	2021-01-01
09181	Isar	09	2021-01-01
09182	Itero del Castillo	09	2021-01-01
09183	Jaramillo de la Fuente	09	2021-01-01
09184	Jaramillo Quemado	09	2021-01-01
09189	Junta de Traslaloma	09	2021-01-01
09190	Junta de Villalba de Losa	09	2021-01-01
09191	Jurisdicción de Lara	09	2021-01-01
09192	Jurisdicción de San Zadornil	09	2021-01-01
09194	Lerma	09	2021-01-01
09195	Llano de Bureba	09	2021-01-01
09196	Madrigal del Monte	09	2021-01-01
09197	Madrigalejo del Monte	09	2021-01-01
09198	Mahamud	09	2021-01-01
09199	Mambrilla de Castrejón	09	2021-01-01
09200	Mambrillas de Lara	09	2021-01-01
09201	Mamolar	09	2021-01-01
09202	Manciles	09	2021-01-01
09206	Mazuela	09	2021-01-01
09208	Mecerreyes	09	2021-01-01
09209	Medina de Pomar	09	2021-01-01
09211	Melgar de Fernamental	09	2021-01-01
09213	Merindad de Cuesta-Urria	09	2021-01-01
09214	Merindad de Montija	09	2021-01-01
09215	Merindad de Sotoscueva	09	2021-01-01
09216	Merindad de Valdeporres	09	2021-01-01
09217	Merindad de Valdivielso	09	2021-01-01
09218	Milagros	09	2021-01-01
09219	Miranda de Ebro	09	2021-01-01
09220	Miraveche	09	2021-01-01
09221	Modúbar de la Emparedada	09	2021-01-01
09223	Monasterio de la Sierra	09	2021-01-01
09224	Monasterio de Rodilla	09	2021-01-01
09225	Moncalvillo	09	2021-01-01
09226	Monterrubio de la Demanda	09	2021-01-01
09227	Montorio	09	2021-01-01
09228	Moradillo de Roa	09	2021-01-01
09229	Nava de Roa	09	2021-01-01
09230	Navas de Bureba	09	2021-01-01
09231	Nebreda	09	2021-01-01
09232	Neila	09	2021-01-01
09235	Olmedillo de Roa	09	2021-01-01
09236	Olmillos de Muñó	09	2021-01-01
09238	Oña	09	2021-01-01
09239	Oquillas	09	2021-01-01
09241	Orbaneja Riopico	09	2021-01-01
09242	Padilla de Abajo	09	2021-01-01
09243	Padilla de Arriba	09	2021-01-01
09244	Padrones de Bureba	09	2021-01-01
09246	Palacios de la Sierra	09	2021-01-01
09247	Palacios de Riopisuerga	09	2021-01-01
09248	Palazuelos de la Sierra	09	2021-01-01
09249	Palazuelos de Muñó	09	2021-01-01
09250	Pampliega	09	2021-01-01
09251	Pancorbo	09	2021-01-01
09253	Pardilla	09	2021-01-01
09255	Partido de la Sierra en Tobalina	09	2021-01-01
09256	Pedrosa de Duero	09	2021-01-01
09257	Pedrosa del Páramo	09	2021-01-01
09258	Pedrosa del Príncipe	09	2021-01-01
09259	Pedrosa de Río Úrbel	09	2021-01-01
09261	Peñaranda de Duero	09	2021-01-01
09262	Peral de Arlanza	09	2021-01-01
09265	Piérnigas	09	2021-01-01
09266	Pineda de la Sierra	09	2021-01-01
09267	Pineda Trasmonte	09	2021-01-01
09268	Pinilla de los Barruecos	09	2021-01-01
09269	Pinilla de los Moros	09	2021-01-01
09270	Pinilla Trasmonte	09	2021-01-01
09272	Poza de la Sal	09	2021-01-01
09273	Prádanos de Bureba	09	2021-01-01
09274	Pradoluengo	09	2021-01-01
09275	Presencio	09	2021-01-01
09276	Puebla de Arganzón, La	09	2021-01-01
09277	Puentedura	09	2021-01-01
09279	Quemada	09	2021-01-01
09280	Quintanabureba	09	2021-01-01
09281	Quintana del Pidio	09	2021-01-01
09283	Quintanaélez	09	2021-01-01
09287	Quintanaortuño	09	2021-01-01
09288	Quintanapalla	09	2021-01-01
09289	Quintanar de la Sierra	09	2021-01-01
09292	Quintanavides	09	2021-01-01
09294	Quintanilla de la Mata	09	2021-01-01
09295	Quintanilla del Coco	09	2021-01-01
09297	Quintanillas, Las	09	2021-01-01
09298	Quintanilla San García	09	2021-01-01
09301	Quintanilla Vivar	09	2021-01-01
09302	Rabanera del Pinar	09	2021-01-01
09303	Rábanos	09	2021-01-01
09304	Rabé de las Calzadas	09	2021-01-01
09306	Rebolledo de la Torre	09	2021-01-01
09307	Redecilla del Camino	09	2021-01-01
09308	Redecilla del Campo	09	2021-01-01
09309	Regumiel de la Sierra	09	2021-01-01
09310	Reinoso	09	2021-01-01
09311	Retuerta	09	2021-01-01
09312	Revilla y Ahedo, La	09	2021-01-01
09314	Revilla del Campo	09	2021-01-01
09315	Revillarruz	09	2021-01-01
09316	Revilla Vallejera	09	2021-01-01
09317	Rezmondo	09	2021-01-01
09318	Riocavado de la Sierra	09	2021-01-01
09321	Roa	09	2021-01-01
09323	Rojas	09	2021-01-01
09325	Royuela de Río Franco	09	2021-01-01
09326	Rubena	09	2021-01-01
09327	Rublacedo de Abajo	09	2021-01-01
09328	Rucandio	09	2021-01-01
09329	Salas de Bureba	09	2021-01-01
09330	Salas de los Infantes	09	2021-01-01
09332	Saldaña de Burgos	09	2021-01-01
09334	Salinillas de Bureba	09	2021-01-01
09335	San Adrián de Juarros	09	2021-01-01
09337	San Juan del Monte	09	2021-01-01
09338	San Mamés de Burgos	09	2021-01-01
09339	San Martín de Rubiales	09	2021-01-01
09340	San Millán de Lara	09	2021-01-01
09343	Santa Cecilia	09	2021-01-01
09345	Santa Cruz de la Salceda	09	2021-01-01
09346	Santa Cruz del Valle Urbión	09	2021-01-01
09347	Santa Gadea del Cid	09	2021-01-01
09348	Santa Inés	09	2021-01-01
09350	Santa María del Campo	09	2021-01-01
09351	Santa María del Invierno	09	2021-01-01
09352	Santa María del Mercadillo	09	2021-01-01
09353	Santa María Ribarredonda	09	2021-01-01
09354	Santa Olalla de Bureba	09	2021-01-01
09355	Santibáñez de Esgueva	09	2021-01-01
09356	Santibáñez del Val	09	2021-01-01
09358	Santo Domingo de Silos	09	2021-01-01
09360	San Vicente del Valle	09	2021-01-01
09361	Sargentes de la Lora	09	2021-01-01
09362	Sarracín	09	2021-01-01
09363	Sasamón	09	2021-01-01
09365	Sequera de Haza, La	09	2021-01-01
09366	Solarana	09	2021-01-01
09368	Sordillos	09	2021-01-01
09369	Sotillo de la Ribera	09	2021-01-01
09372	Sotragero	09	2021-01-01
09373	Sotresgudo	09	2021-01-01
09374	Susinos del Páramo	09	2021-01-01
09375	Tamarón	09	2021-01-01
09377	Tardajos	09	2021-01-01
09378	Tejada	09	2021-01-01
09380	Terradillos de Esgueva	09	2021-01-01
09381	Tinieblas de la Sierra	09	2021-01-01
09382	Tobar	09	2021-01-01
09384	Tordómar	09	2021-01-01
09386	Torrecilla del Monte	09	2021-01-01
09387	Torregalindo	09	2021-01-01
09388	Torrelara	09	2021-01-01
09389	Torrepadre	09	2021-01-01
09390	Torresandino	09	2021-01-01
09391	Tórtoles de Esgueva	09	2021-01-01
09392	Tosantos	09	2021-01-01
09394	Trespaderne	09	2021-01-01
09395	Tubilla del Agua	09	2021-01-01
09396	Tubilla del Lago	09	2021-01-01
09398	Úrbel del Castillo	09	2021-01-01
09400	Vadocondes	09	2021-01-01
09403	Valdeande	09	2021-01-01
09405	Valdezate	09	2021-01-01
09406	Valdorros	09	2021-01-01
09407	Valmala	09	2021-01-01
09408	Vallarta de Bureba	09	2021-01-01
09409	Valle de Manzanedo	09	2021-01-01
09410	Valle de Mena	09	2021-01-01
09411	Valle de Oca	09	2021-01-01
09412	Valle de Tobalina	09	2021-01-01
09413	Valle de Valdebezana	09	2021-01-01
09414	Valle de Valdelaguna	09	2021-01-01
09415	Valle de Valdelucio	09	2021-01-01
09416	Valle de Zamanzas	09	2021-01-01
09417	Vallejera	09	2021-01-01
09418	Valles de Palenzuela	09	2021-01-01
09419	Valluércanes	09	2021-01-01
09421	Vid y Barrios, La	09	2021-01-01
09422	Vid de Bureba, La	09	2021-01-01
09423	Vileña	09	2021-01-01
09424	Viloria de Rioja	09	2021-01-01
09425	Vilviestre del Pinar	09	2021-01-01
09427	Villadiego	09	2021-01-01
09428	Villaescusa de Roa	09	2021-01-01
09429	Villaescusa la Sombría	09	2021-01-01
09430	Villaespasa	09	2021-01-01
09431	Villafranca Montes de Oca	09	2021-01-01
09432	Villafruela	09	2021-01-01
09433	Villagalijo	09	2021-01-01
09434	Villagonzalo Pedernales	09	2021-01-01
09437	Villahoz	09	2021-01-01
09438	Villalba de Duero	09	2021-01-01
09439	Villalbilla de Burgos	09	2021-01-01
09440	Villalbilla de Gumiel	09	2021-01-01
09441	Villaldemiro	09	2021-01-01
09442	Villalmanzo	09	2021-01-01
09443	Villamayor de los Montes	09	2021-01-01
09444	Villamayor de Treviño	09	2021-01-01
09445	Villambistia	09	2021-01-01
09446	Villamedianilla	09	2021-01-01
09447	Villamiel de la Sierra	09	2021-01-01
09448	Villangómez	09	2021-01-01
09449	Villanueva de Argaño	09	2021-01-01
09450	Villanueva de Carazo	09	2021-01-01
09451	Villanueva de Gumiel	09	2021-01-01
09454	Villanueva de Teba	09	2021-01-01
09455	Villaquirán de la Puebla	09	2021-01-01
09456	Villaquirán de los Infantes	09	2021-01-01
09458	Villariezo	09	2021-01-01
09460	Villasandino	09	2021-01-01
09463	Villasur de Herreros	09	2021-01-01
09464	Villatuelda	09	2021-01-01
09466	Villaverde del Monte	09	2021-01-01
09467	Villaverde-Mogina	09	2021-01-01
09471	Villayerno Morquillas	09	2021-01-01
09472	Villazopeque	09	2021-01-01
09473	Villegas	09	2021-01-01
09476	Villoruebo	09	2021-01-01
09478	Vizcaínos	09	2021-01-01
09480	Zael	09	2021-01-01
09482	Zarzosa de Río Pisuerga	09	2021-01-01
09483	Zazuar	09	2021-01-01
09485	Zuñeda	09	2021-01-01
09901	Quintanilla del Agua y Tordueles	09	2021-01-01
09902	Valle de Santibáñez	09	2021-01-01
09903	Villarcayo de Merindad de Castilla la Vieja	09	2021-01-01
09904	Valle de las Navas	09	2021-01-01
09905	Valle de Sedano	09	2021-01-01
09906	Merindad de Río Ubierna	09	2021-01-01
09907	Alfoz de Quintanadueñas	09	2021-01-01
09908	Valle de Losa	09	2021-01-01
10001	Abadía	10	2021-01-01
10002	Abertura	10	2021-01-01
10003	Acebo	10	2021-01-01
10004	Acehúche	10	2021-01-01
10005	Aceituna	10	2021-01-01
10006	Ahigal	10	2021-01-01
10007	Albalá	10	2021-01-01
10008	Alcántara	10	2021-01-01
10009	Alcollarín	10	2021-01-01
10010	Alcuéscar	10	2021-01-01
10011	Aldeacentenera	10	2021-01-01
10012	Aldea del Cano	10	2021-01-01
10013	Aldea del Obispo, La	10	2021-01-01
10014	Aldeanueva de la Vera	10	2021-01-01
10015	Aldeanueva del Camino	10	2021-01-01
10016	Aldehuela de Jerte	10	2021-01-01
10017	Alía	10	2021-01-01
10018	Aliseda	10	2021-01-01
10019	Almaraz	10	2021-01-01
10020	Almoharín	10	2021-01-01
10021	Arroyo de la Luz	10	2021-01-01
10022	Arroyomolinos de la Vera	10	2021-01-01
10023	Arroyomolinos	10	2021-01-01
10024	Baños de Montemayor	10	2021-01-01
10025	Barrado	10	2021-01-01
10026	Belvís de Monroy	10	2021-01-01
10027	Benquerencia	10	2021-01-01
10028	Berrocalejo	10	2021-01-01
10029	Berzocana	10	2021-01-01
10030	Bohonal de Ibor	10	2021-01-01
10031	Botija	10	2021-01-01
10032	Brozas	10	2021-01-01
10033	Cabañas del Castillo	10	2021-01-01
10034	Cabezabellosa	10	2021-01-01
10035	Cabezuela del Valle	10	2021-01-01
10036	Cabrero	10	2021-01-01
10037	Cáceres	10	2021-01-01
10038	Cachorrilla	10	2021-01-01
10039	Cadalso	10	2021-01-01
10040	Calzadilla	10	2021-01-01
10041	Caminomorisco	10	2021-01-01
10042	Campillo de Deleitosa	10	2021-01-01
10043	Campo Lugar	10	2021-01-01
10044	Cañamero	10	2021-01-01
10045	Cañaveral	10	2021-01-01
10046	Carbajo	10	2021-01-01
10047	Carcaboso	10	2021-01-01
10048	Carrascalejo	10	2021-01-01
10049	Casar de Cáceres	10	2021-01-01
10050	Casar de Palomero	10	2021-01-01
10051	Casares de las Hurdes	10	2021-01-01
10052	Casas de Don Antonio	10	2021-01-01
10053	Casas de Don Gómez	10	2021-01-01
10054	Casas del Castañar	10	2021-01-01
10055	Casas del Monte	10	2021-01-01
10056	Casas de Millán	10	2021-01-01
10057	Casas de Miravete	10	2021-01-01
10058	Casatejada	10	2021-01-01
10059	Casillas de Coria	10	2021-01-01
10060	Castañar de Ibor	10	2021-01-01
10061	Ceclavín	10	2021-01-01
10062	Cedillo	10	2021-01-01
10063	Cerezo	10	2021-01-01
10064	Cilleros	10	2021-01-01
10065	Collado de la Vera	10	2021-01-01
10066	Conquista de la Sierra	10	2021-01-01
10067	Coria	10	2021-01-01
10068	Cuacos de Yuste	10	2021-01-01
10069	Cumbre, La	10	2021-01-01
10070	Deleitosa	10	2021-01-01
10071	Descargamaría	10	2021-01-01
10072	Eljas	10	2021-01-01
10073	Escurial	10	2021-01-01
10075	Fresnedoso de Ibor	10	2021-01-01
10076	Galisteo	10	2021-01-01
10077	Garciaz	10	2021-01-01
10078	Garganta, La	10	2021-01-01
10079	Garganta la Olla	10	2021-01-01
10080	Gargantilla	10	2021-01-01
10081	Gargüera	10	2021-01-01
10082	Garrovillas de Alconétar	10	2021-01-01
10083	Garvín	10	2021-01-01
10084	Gata	10	2021-01-01
10085	Gordo, El	10	2021-01-01
10086	Granja, La	10	2021-01-01
10087	Guadalupe	10	2021-01-01
10088	Guijo de Coria	10	2021-01-01
10089	Guijo de Galisteo	10	2021-01-01
10090	Guijo de Granadilla	10	2021-01-01
10091	Guijo de Santa Bárbara	10	2021-01-01
10092	Herguijuela	10	2021-01-01
10093	Hernán-Pérez	10	2021-01-01
10094	Herrera de Alcántara	10	2021-01-01
10095	Herreruela	10	2021-01-01
10096	Hervás	10	2021-01-01
10097	Higuera de Albalat	10	2021-01-01
10098	Hinojal	10	2021-01-01
10099	Holguera	10	2021-01-01
10100	Hoyos	10	2021-01-01
10101	Huélaga	10	2021-01-01
10102	Ibahernando	10	2021-01-01
10103	Jaraicejo	10	2021-01-01
10104	Jaraíz de la Vera	10	2021-01-01
10105	Jarandilla de la Vera	10	2021-01-01
10106	Jarilla	10	2021-01-01
10107	Jerte	10	2021-01-01
10108	Ladrillar	10	2021-01-01
10109	Logrosán	10	2021-01-01
10110	Losar de la Vera	10	2021-01-01
10111	Madrigal de la Vera	10	2021-01-01
10112	Madrigalejo	10	2021-01-01
10113	Madroñera	10	2021-01-01
10114	Majadas	10	2021-01-01
10115	Malpartida de Cáceres	10	2021-01-01
10116	Malpartida de Plasencia	10	2021-01-01
10117	Marchagaz	10	2021-01-01
10118	Mata de Alcántara	10	2021-01-01
10119	Membrío	10	2021-01-01
10120	Mesas de Ibor	10	2021-01-01
10121	Miajadas	10	2021-01-01
10122	Millanes	10	2021-01-01
10123	Mirabel	10	2021-01-01
10124	Mohedas de Granadilla	10	2021-01-01
10125	Monroy	10	2021-01-01
10126	Montánchez	10	2021-01-01
10127	Montehermoso	10	2021-01-01
10128	Moraleja	10	2021-01-01
10129	Morcillo	10	2021-01-01
10130	Navaconcejo	10	2021-01-01
10131	Navalmoral de la Mata	10	2021-01-01
10132	Navalvillar de Ibor	10	2021-01-01
10133	Navas del Madroño	10	2021-01-01
10134	Navezuelas	10	2021-01-01
10135	Nuñomoral	10	2021-01-01
10136	Oliva de Plasencia	10	2021-01-01
10137	Palomero	10	2021-01-01
10138	Pasarón de la Vera	10	2021-01-01
10139	Pedroso de Acim	10	2021-01-01
10140	Peraleda de la Mata	10	2021-01-01
10141	Peraleda de San Román	10	2021-01-01
10142	Perales del Puerto	10	2021-01-01
10143	Pescueza	10	2021-01-01
10144	Pesga, La	10	2021-01-01
10145	Piedras Albas	10	2021-01-01
10146	Pinofranqueado	10	2021-01-01
10147	Piornal	10	2021-01-01
10148	Plasencia	10	2021-01-01
10149	Plasenzuela	10	2021-01-01
10150	Portaje	10	2021-01-01
10151	Portezuelo	10	2021-01-01
10152	Pozuelo de Zarzón	10	2021-01-01
10153	Puerto de Santa Cruz	10	2021-01-01
10154	Rebollar	10	2021-01-01
10155	Riolobos	10	2021-01-01
10156	Robledillo de Gata	10	2021-01-01
10157	Robledillo de la Vera	10	2021-01-01
10158	Robledillo de Trujillo	10	2021-01-01
10159	Robledollano	10	2021-01-01
10160	Romangordo	10	2021-01-01
10161	Ruanes	10	2021-01-01
10162	Salorino	10	2021-01-01
10163	Salvatierra de Santiago	10	2021-01-01
10164	San Martín de Trevejo	10	2021-01-01
10165	Santa Ana	10	2021-01-01
10166	Santa Cruz de la Sierra	10	2021-01-01
10167	Santa Cruz de Paniagua	10	2021-01-01
10168	Santa Marta de Magasca	10	2021-01-01
10169	Santiago de Alcántara	10	2021-01-01
10170	Santiago del Campo	10	2021-01-01
10171	Santibáñez el Alto	10	2021-01-01
10172	Santibáñez el Bajo	10	2021-01-01
10173	Saucedilla	10	2021-01-01
10174	Segura de Toro	10	2021-01-01
10175	Serradilla	10	2021-01-01
10176	Serrejón	10	2021-01-01
10177	Sierra de Fuentes	10	2021-01-01
10178	Talaván	10	2021-01-01
10179	Talaveruela de la Vera	10	2021-01-01
10180	Talayuela	10	2021-01-01
10181	Tejeda de Tiétar	10	2021-01-01
10182	Toril	10	2021-01-01
10183	Tornavacas	10	2021-01-01
10184	Torno, El	10	2021-01-01
10185	Torrecilla de los Ángeles	10	2021-01-01
10186	Torrecillas de la Tiesa	10	2021-01-01
10187	Torre de Don Miguel	10	2021-01-01
10188	Torre de Santa María	10	2021-01-01
10189	Torrejoncillo	10	2021-01-01
10190	Torrejón el Rubio	10	2021-01-01
10191	Torremenga	10	2021-01-01
10192	Torremocha	10	2021-01-01
10193	Torreorgaz	10	2021-01-01
10194	Torrequemada	10	2021-01-01
10195	Trujillo	10	2021-01-01
10196	Valdastillas	10	2021-01-01
10197	Valdecañas de Tajo	10	2021-01-01
10198	Valdefuentes	10	2021-01-01
10199	Valdehúncar	10	2021-01-01
10200	Valdelacasa de Tajo	10	2021-01-01
10201	Valdemorales	10	2021-01-01
10202	Valdeobispo	10	2021-01-01
10203	Valencia de Alcántara	10	2021-01-01
10204	Valverde de la Vera	10	2021-01-01
10205	Valverde del Fresno	10	2021-01-01
10206	Viandar de la Vera	10	2021-01-01
10207	Villa del Campo	10	2021-01-01
10208	Villa del Rey	10	2021-01-01
10209	Villamesías	10	2021-01-01
10210	Villamiel	10	2021-01-01
10211	Villanueva de la Sierra	10	2021-01-01
10212	Villanueva de la Vera	10	2021-01-01
10213	Villar del Pedroso	10	2021-01-01
10214	Villar de Plasencia	10	2021-01-01
10215	Villasbuenas de Gata	10	2021-01-01
10216	Zarza de Granadilla	10	2021-01-01
10217	Zarza de Montánchez	10	2021-01-01
10218	Zarza la Mayor	10	2021-01-01
10219	Zorita	10	2021-01-01
10901	Rosalejo	10	2021-01-01
10902	Vegaviana	10	2021-01-01
10903	Alagón del Río	10	2021-01-01
10904	Tiétar	10	2021-01-01
10905	Pueblonuevo de Miramontes	10	2021-01-01
11001	Alcalá de los Gazules	11	2021-01-01
11002	Alcalá del Valle	11	2021-01-01
11003	Algar	11	2021-01-01
11004	Algeciras	11	2021-01-01
11005	Algodonales	11	2021-01-01
11006	Arcos de la Frontera	11	2021-01-01
11007	Barbate	11	2021-01-01
11008	Barrios, Los	11	2021-01-01
11009	Benaocaz	11	2021-01-01
11010	Bornos	11	2021-01-01
11011	Bosque, El	11	2021-01-01
11012	Cádiz	11	2021-01-01
11013	Castellar de la Frontera	11	2021-01-01
11014	Conil de la Frontera	11	2021-01-01
11015	Chiclana de la Frontera	11	2021-01-01
11016	Chipiona	11	2021-01-01
11017	Espera	11	2021-01-01
11018	Gastor, El	11	2021-01-01
11019	Grazalema	11	2021-01-01
11020	Jerez de la Frontera	11	2021-01-01
11021	Jimena de la Frontera	11	2021-01-01
11022	Línea de la Concepción, La	11	2021-01-01
11023	Medina Sidonia	11	2021-01-01
11024	Olvera	11	2021-01-01
11025	Paterna de Rivera	11	2021-01-01
11026	Prado del Rey	11	2021-01-01
11027	Puerto de Santa María, El	11	2021-01-01
11028	Puerto Real	11	2021-01-01
11029	Puerto Serrano	11	2021-01-01
11030	Rota	11	2021-01-01
11031	San Fernando	11	2021-01-01
11032	Sanlúcar de Barrameda	11	2021-01-01
11033	San Roque	11	2021-01-01
11034	Setenil de las Bodegas	11	2021-01-01
11035	Tarifa	11	2021-01-01
11036	Torre Alháquime	11	2021-01-01
11037	Trebujena	11	2021-01-01
11038	Ubrique	11	2021-01-01
11039	Vejer de la Frontera	11	2021-01-01
11040	Villaluenga del Rosario	11	2021-01-01
11041	Villamartín	11	2021-01-01
11042	Zahara	11	2021-01-01
11901	Benalup-Casas Viejas	11	2021-01-01
11902	San José del Valle	11	2021-01-01
11903	San Martín del Tesorillo	11	2021-01-01
12001	Atzeneta del Maestrat	12	2021-01-01
12002	Aín	12	2021-01-01
12003	Albocàsser	12	2021-01-01
12004	Alcalà de Xivert	12	2021-01-01
12005	Alcora, l'	12	2021-01-01
12006	Alcudia de Veo	12	2021-01-01
12007	Alfondeguilla	12	2021-01-01
12008	Algimia de Almonacid	12	2021-01-01
12009	Almassora	12	2021-01-01
12010	Almedíjar	12	2021-01-01
12011	Almenara	12	2021-01-01
12012	Altura	12	2021-01-01
12013	Arañuel	12	2021-01-01
12014	Ares del Maestrat	12	2021-01-01
12015	Argelita	12	2021-01-01
12016	Artana	12	2021-01-01
12017	Ayódar	12	2021-01-01
12018	Azuébar	12	2021-01-01
12020	Barracas	12	2021-01-01
12021	Betxí	12	2021-01-01
12022	Bejís	12	2021-01-01
12024	Benafer	12	2021-01-01
12025	Benafigos	12	2021-01-01
12026	Benassal	12	2021-01-01
12027	Benicarló	12	2021-01-01
12028	Benicàssim/Benicasim	12	2021-01-01
12029	Benlloc	12	2021-01-01
12031	Borriol	12	2021-01-01
12032	Borriana/Burriana	12	2021-01-01
12033	Cabanes	12	2021-01-01
12034	Càlig	12	2021-01-01
12036	Canet lo Roig	12	2021-01-01
12037	Castell de Cabres	12	2021-01-01
12038	Castellfort	12	2021-01-01
12039	Castellnovo	12	2021-01-01
12040	Castelló de la Plana/Castellón de la Plana	12	2021-01-01
12041	Castillo de Villamalefa	12	2021-01-01
12042	Catí	12	2021-01-01
12043	Caudiel	12	2021-01-01
12044	Cervera del Maestre	12	2021-01-01
12045	Cinctorres	12	2021-01-01
12046	Cirat	12	2021-01-01
12048	Cortes de Arenoso	12	2021-01-01
12049	Costur	12	2021-01-01
12050	Coves de Vinromà, les	12	2021-01-01
12051	Culla	12	2021-01-01
12052	Xert	12	2021-01-01
12053	Chilches/Xilxes	12	2021-01-01
12055	Xodos/Chodos	12	2021-01-01
12056	Chóvar	12	2021-01-01
12057	Eslida	12	2021-01-01
12058	Espadilla	12	2021-01-01
12059	Fanzara	12	2021-01-01
12060	Figueroles	12	2021-01-01
12061	Forcall	12	2021-01-01
12063	Fuente la Reina	12	2021-01-01
12064	Fuentes de Ayódar	12	2021-01-01
12065	Gaibiel	12	2021-01-01
12067	Geldo	12	2021-01-01
12068	Herbers	12	2021-01-01
12069	Higueras	12	2021-01-01
12070	Jana, la	12	2021-01-01
12071	Jérica	12	2021-01-01
12072	Llucena/Lucena del Cid	12	2021-01-01
12073	Ludiente	12	2021-01-01
12074	Llosa, la	12	2021-01-01
12075	Mata de Morella, la	12	2021-01-01
12076	Matet	12	2021-01-01
12077	Moncofa	12	2021-01-01
12078	Montán	12	2021-01-01
12079	Montanejos	12	2021-01-01
12080	Morella	12	2021-01-01
12081	Navajas	12	2021-01-01
12082	Nules	12	2021-01-01
12083	Olocau del Rey	12	2021-01-01
12084	Onda	12	2021-01-01
12085	Orpesa/Oropesa del Mar	12	2021-01-01
12087	Palanques	12	2021-01-01
12088	Pavías	12	2021-01-01
12089	Peníscola/Peñíscola	12	2021-01-01
12090	Pina de Montalgrao	12	2021-01-01
12091	Portell de Morella	12	2021-01-01
12092	Puebla de Arenoso	12	2021-01-01
12093	Pobla de Benifassà, la	12	2021-01-01
12094	Pobla Tornesa, la	12	2021-01-01
12095	Ribesalbes	12	2021-01-01
12096	Rossell	12	2021-01-01
12097	Sacañet	12	2021-01-01
12098	Salzadella, la	12	2021-01-01
12099	Sant Jordi/San Jorge	12	2021-01-01
12100	Sant Mateu	12	2021-01-01
12101	San Rafael del Río	12	2021-01-01
12102	Santa Magdalena de Pulpis	12	2021-01-01
12103	Serratella, la	12	2021-01-01
12104	Segorbe	12	2021-01-01
12105	Sierra Engarcerán	12	2021-01-01
12106	Soneja	12	2021-01-01
12107	Sot de Ferrer	12	2021-01-01
12108	Suera/Sueras	12	2021-01-01
12109	Tales	12	2021-01-01
12110	Teresa	12	2021-01-01
12111	Tírig	12	2021-01-01
12112	Todolella	12	2021-01-01
12113	Toga	12	2021-01-01
12114	Torás	12	2021-01-01
12115	Toro, El	12	2021-01-01
12116	Torralba del Pinar	12	2021-01-01
12117	Torreblanca	12	2021-01-01
12118	Torrechiva	12	2021-01-01
12119	Torre d'en Besora, la	12	2021-01-01
12120	Torre d'en Doménec, la	12	2021-01-01
12121	Traiguera	12	2021-01-01
12122	Useres, les/Useras	12	2021-01-01
12123	Vallat	12	2021-01-01
12124	Vall d'Alba	12	2021-01-01
12125	Vall de Almonacid	12	2021-01-01
12126	Vall d'Uixó, la	12	2021-01-01
12127	Vallibona	12	2021-01-01
12128	Vilafamés	12	2021-01-01
12129	Vilafranca/Villafranca del Cid	12	2021-01-01
12130	Villahermosa del Río	12	2021-01-01
12131	Villamalur	12	2021-01-01
12132	Vilanova d'Alcolea	12	2021-01-01
12133	Villanueva de Viver	12	2021-01-01
12134	Vilar de Canes	12	2021-01-01
12135	Vila-real	12	2021-01-01
12136	Vilavella, la	12	2021-01-01
12137	Villores	12	2021-01-01
12138	Vinaròs	12	2021-01-01
12139	Vistabella del Maestrat	12	2021-01-01
12140	Viver	12	2021-01-01
12141	Zorita del Maestrazgo	12	2021-01-01
12142	Zucaina	12	2021-01-01
12901	Alqueries, les/Alquerías del Niño Perdido	12	2021-01-01
12902	Sant Joan de Moró	12	2021-01-01
13001	Abenójar	13	2021-01-01
13002	Agudo	13	2021-01-01
13003	Alamillo	13	2021-01-01
13004	Albaladejo	13	2021-01-01
13005	Alcázar de San Juan	13	2021-01-01
13006	Alcoba	13	2021-01-01
13007	Alcolea de Calatrava	13	2021-01-01
13008	Alcubillas	13	2021-01-01
13009	Aldea del Rey	13	2021-01-01
13010	Alhambra	13	2021-01-01
13011	Almadén	13	2021-01-01
13012	Almadenejos	13	2021-01-01
13013	Almagro	13	2021-01-01
13014	Almedina	13	2021-01-01
13015	Almodóvar del Campo	13	2021-01-01
13016	Almuradiel	13	2021-01-01
13017	Anchuras	13	2021-01-01
13018	Arenas de San Juan	13	2021-01-01
13019	Argamasilla de Alba	13	2021-01-01
13020	Argamasilla de Calatrava	13	2021-01-01
13021	Arroba de los Montes	13	2021-01-01
13022	Ballesteros de Calatrava	13	2021-01-01
13023	Bolaños de Calatrava	13	2021-01-01
13024	Brazatortas	13	2021-01-01
13025	Cabezarados	13	2021-01-01
13026	Cabezarrubias del Puerto	13	2021-01-01
13027	Calzada de Calatrava	13	2021-01-01
13028	Campo de Criptana	13	2021-01-01
13029	Cañada de Calatrava	13	2021-01-01
13030	Caracuel de Calatrava	13	2021-01-01
13031	Carrión de Calatrava	13	2021-01-01
13032	Carrizosa	13	2021-01-01
13033	Castellar de Santiago	13	2021-01-01
13034	Ciudad Real	13	2021-01-01
13035	Corral de Calatrava	13	2021-01-01
13036	Cortijos, Los	13	2021-01-01
13037	Cózar	13	2021-01-01
13038	Chillón	13	2021-01-01
13039	Daimiel	13	2021-01-01
13040	Fernán Caballero	13	2021-01-01
13041	Fontanarejo	13	2021-01-01
13042	Fuencaliente	13	2021-01-01
13043	Fuenllana	13	2021-01-01
13044	Fuente el Fresno	13	2021-01-01
13045	Granátula de Calatrava	13	2021-01-01
13046	Guadalmez	13	2021-01-01
13047	Herencia	13	2021-01-01
13048	Hinojosas de Calatrava	13	2021-01-01
13049	Horcajo de los Montes	13	2021-01-01
13050	Labores, Las	13	2021-01-01
13051	Luciana	13	2021-01-01
13052	Malagón	13	2021-01-01
13053	Manzanares	13	2021-01-01
13054	Membrilla	13	2021-01-01
13055	Mestanza	13	2021-01-01
13056	Miguelturra	13	2021-01-01
13057	Montiel	13	2021-01-01
13058	Moral de Calatrava	13	2021-01-01
13059	Navalpino	13	2021-01-01
13060	Navas de Estena	13	2021-01-01
13061	Pedro Muñoz	13	2021-01-01
13062	Picón	13	2021-01-01
13063	Piedrabuena	13	2021-01-01
13064	Poblete	13	2021-01-01
13065	Porzuna	13	2021-01-01
13066	Pozuelo de Calatrava	13	2021-01-01
13067	Pozuelos de Calatrava, Los	13	2021-01-01
13068	Puebla de Don Rodrigo	13	2021-01-01
13069	Puebla del Príncipe	13	2021-01-01
13070	Puerto Lápice	13	2021-01-01
13071	Puertollano	13	2021-01-01
13072	Retuerta del Bullaque	13	2021-01-01
13073	Saceruela	13	2021-01-01
13074	San Carlos del Valle	13	2021-01-01
13075	San Lorenzo de Calatrava	13	2021-01-01
13076	Santa Cruz de los Cáñamos	13	2021-01-01
13077	Santa Cruz de Mudela	13	2021-01-01
13078	Socuéllamos	13	2021-01-01
13079	Solana, La	13	2021-01-01
13080	Solana del Pino	13	2021-01-01
13081	Terrinches	13	2021-01-01
13082	Tomelloso	13	2021-01-01
13083	Torralba de Calatrava	13	2021-01-01
13084	Torre de Juan Abad	13	2021-01-01
13085	Torrenueva	13	2021-01-01
13086	Valdemanco del Esteras	13	2021-01-01
13087	Valdepeñas	13	2021-01-01
13088	Valenzuela de Calatrava	13	2021-01-01
13089	Villahermosa	13	2021-01-01
13090	Villamanrique	13	2021-01-01
13091	Villamayor de Calatrava	13	2021-01-01
13092	Villanueva de la Fuente	13	2021-01-01
13093	Villanueva de los Infantes	13	2021-01-01
13094	Villanueva de San Carlos	13	2021-01-01
13095	Villar del Pozo	13	2021-01-01
13096	Villarrubia de los Ojos	13	2021-01-01
13097	Villarta de San Juan	13	2021-01-01
13098	Viso del Marqués	13	2021-01-01
13901	Robledo, El	13	2021-01-01
13902	Ruidera	13	2021-01-01
13903	Arenales de San Gregorio	13	2021-01-01
13904	Llanos del Caudillo	13	2021-01-01
14001	Adamuz	14	2021-01-01
14002	Aguilar de la Frontera	14	2021-01-01
14003	Alcaracejos	14	2021-01-01
14004	Almedinilla	14	2021-01-01
14005	Almodóvar del Río	14	2021-01-01
14006	Añora	14	2021-01-01
14007	Baena	14	2021-01-01
14008	Belalcázar	14	2021-01-01
14009	Belmez	14	2021-01-01
14010	Benamejí	14	2021-01-01
14011	Blázquez, Los	14	2021-01-01
14012	Bujalance	14	2021-01-01
14013	Cabra	14	2021-01-01
14014	Cañete de las Torres	14	2021-01-01
14015	Carcabuey	14	2021-01-01
14016	Cardeña	14	2021-01-01
14017	Carlota, La	14	2021-01-01
14018	Carpio, El	14	2021-01-01
14019	Castro del Río	14	2021-01-01
14020	Conquista	14	2021-01-01
14021	Córdoba	14	2021-01-01
14022	Doña Mencía	14	2021-01-01
14023	Dos Torres	14	2021-01-01
14024	Encinas Reales	14	2021-01-01
14025	Espejo	14	2021-01-01
14026	Espiel	14	2021-01-01
14027	Fernán-Núñez	14	2021-01-01
14028	Fuente la Lancha	14	2021-01-01
14029	Fuente Obejuna	14	2021-01-01
14030	Fuente Palmera	14	2021-01-01
14031	Fuente-Tójar	14	2021-01-01
14032	Granjuela, La	14	2021-01-01
14033	Guadalcázar	14	2021-01-01
14034	Guijo, El	14	2021-01-01
14035	Hinojosa del Duque	14	2021-01-01
14036	Hornachuelos	14	2021-01-01
14037	Iznájar	14	2021-01-01
14038	Lucena	14	2021-01-01
14039	Luque	14	2021-01-01
14040	Montalbán de Córdoba	14	2021-01-01
14041	Montemayor	14	2021-01-01
14042	Montilla	14	2021-01-01
14043	Montoro	14	2021-01-01
14044	Monturque	14	2021-01-01
14045	Moriles	14	2021-01-01
14046	Nueva Carteya	14	2021-01-01
14047	Obejo	14	2021-01-01
14048	Palenciana	14	2021-01-01
14049	Palma del Río	14	2021-01-01
14050	Pedro Abad	14	2021-01-01
14051	Pedroche	14	2021-01-01
14052	Peñarroya-Pueblonuevo	14	2021-01-01
14053	Posadas	14	2021-01-01
14054	Pozoblanco	14	2021-01-01
14055	Priego de Córdoba	14	2021-01-01
14056	Puente Genil	14	2021-01-01
14057	Rambla, La	14	2021-01-01
14058	Rute	14	2021-01-01
14059	San Sebastián de los Ballesteros	14	2021-01-01
14060	Santaella	14	2021-01-01
14061	Santa Eufemia	14	2021-01-01
14062	Torrecampo	14	2021-01-01
14063	Valenzuela	14	2021-01-01
14064	Valsequillo	14	2021-01-01
14065	Victoria, La	14	2021-01-01
14066	Villa del Río	14	2021-01-01
14067	Villafranca de Córdoba	14	2021-01-01
14068	Villaharta	14	2021-01-01
14069	Villanueva de Córdoba	14	2021-01-01
14070	Villanueva del Duque	14	2021-01-01
14071	Villanueva del Rey	14	2021-01-01
14072	Villaralto	14	2021-01-01
14073	Villaviciosa de Córdoba	14	2021-01-01
14074	Viso, El	14	2021-01-01
14075	Zuheros	14	2021-01-01
14901	Fuente Carreteros	14	2021-01-01
14902	Guijarrosa, La	14	2021-01-01
15001	Abegondo	15	2021-01-01
15002	Ames	15	2021-01-01
15003	Aranga	15	2021-01-01
15004	Ares	15	2021-01-01
15005	Arteixo	15	2021-01-01
15006	Arzúa	15	2021-01-01
15007	Baña, A	15	2021-01-01
15008	Bergondo	15	2021-01-01
15009	Betanzos	15	2021-01-01
15010	Boimorto	15	2021-01-01
15011	Boiro	15	2021-01-01
15012	Boqueixón	15	2021-01-01
15013	Brión	15	2021-01-01
15014	Cabana de Bergantiños	15	2021-01-01
15015	Cabanas	15	2021-01-01
15016	Camariñas	15	2021-01-01
15017	Cambre	15	2021-01-01
15018	Capela, A	15	2021-01-01
15019	Carballo	15	2021-01-01
15020	Carnota	15	2021-01-01
15021	Carral	15	2021-01-01
15022	Cedeira	15	2021-01-01
15023	Cee	15	2021-01-01
15024	Cerceda	15	2021-01-01
15025	Cerdido	15	2021-01-01
15027	Coirós	15	2021-01-01
15028	Corcubión	15	2021-01-01
15029	Coristanco	15	2021-01-01
15030	Coruña, A	15	2021-01-01
15031	Culleredo	15	2021-01-01
15032	Curtis	15	2021-01-01
15033	Dodro	15	2021-01-01
15034	Dumbría	15	2021-01-01
15035	Fene	15	2021-01-01
15036	Ferrol	15	2021-01-01
15037	Fisterra	15	2021-01-01
15038	Frades	15	2021-01-01
15039	Irixoa	15	2021-01-01
15040	Laxe	15	2021-01-01
15041	Laracha, A	15	2021-01-01
15042	Lousame	15	2021-01-01
15043	Malpica de Bergantiños	15	2021-01-01
15044	Mañón	15	2021-01-01
15045	Mazaricos	15	2021-01-01
15046	Melide	15	2021-01-01
15047	Mesía	15	2021-01-01
15048	Miño	15	2021-01-01
15049	Moeche	15	2021-01-01
15050	Monfero	15	2021-01-01
15051	Mugardos	15	2021-01-01
15052	Muxía	15	2021-01-01
15053	Muros	15	2021-01-01
15054	Narón	15	2021-01-01
15055	Neda	15	2021-01-01
15056	Negreira	15	2021-01-01
15057	Noia	15	2021-01-01
15058	Oleiros	15	2021-01-01
15059	Ordes	15	2021-01-01
15060	Oroso	15	2021-01-01
15061	Ortigueira	15	2021-01-01
15062	Outes	15	2021-01-01
15064	Paderne	15	2021-01-01
15065	Padrón	15	2021-01-01
15066	Pino, O	15	2021-01-01
15067	Pobra do Caramiñal, A	15	2021-01-01
15068	Ponteceso	15	2021-01-01
15069	Pontedeume	15	2021-01-01
15070	Pontes de García Rodríguez, As	15	2021-01-01
15071	Porto do Son	15	2021-01-01
15072	Rianxo	15	2021-01-01
15073	Ribeira	15	2021-01-01
15074	Rois	15	2021-01-01
15075	Sada	15	2021-01-01
15076	San Sadurniño	15	2021-01-01
15077	Santa Comba	15	2021-01-01
15078	Santiago de Compostela	15	2021-01-01
15079	Santiso	15	2021-01-01
15080	Sobrado	15	2021-01-01
15081	Somozas, As	15	2021-01-01
15082	Teo	15	2021-01-01
15083	Toques	15	2021-01-01
15084	Tordoia	15	2021-01-01
15085	Touro	15	2021-01-01
15086	Trazo	15	2021-01-01
15087	Valdoviño	15	2021-01-01
15088	Val do Dubra	15	2021-01-01
15089	Vedra	15	2021-01-01
15090	Vilasantar	15	2021-01-01
15091	Vilarmaior	15	2021-01-01
15092	Vimianzo	15	2021-01-01
15093	Zas	15	2021-01-01
15901	Cariño	15	2021-01-01
15902	Oza-Cesuras	15	2021-01-01
16001	Abia de la Obispalía	16	2021-01-01
16002	Acebrón, El	16	2021-01-01
16003	Alarcón	16	2021-01-01
16004	Albaladejo del Cuende	16	2021-01-01
16005	Albalate de las Nogueras	16	2021-01-01
16006	Albendea	16	2021-01-01
16007	Alberca de Záncara, La	16	2021-01-01
16008	Alcalá de la Vega	16	2021-01-01
16009	Alcantud	16	2021-01-01
16010	Alcázar del Rey	16	2021-01-01
16011	Alcohujate	16	2021-01-01
16012	Alconchel de la Estrella	16	2021-01-01
16013	Algarra	16	2021-01-01
16014	Aliaguilla	16	2021-01-01
16015	Almarcha, La	16	2021-01-01
16016	Almendros	16	2021-01-01
16017	Almodóvar del Pinar	16	2021-01-01
16018	Almonacid del Marquesado	16	2021-01-01
16019	Altarejos	16	2021-01-01
16020	Arandilla del Arroyo	16	2021-01-01
16022	Arcos de la Sierra	16	2021-01-01
16023	Chillarón de Cuenca	16	2021-01-01
16024	Arguisuelas	16	2021-01-01
16025	Arrancacepas	16	2021-01-01
16026	Atalaya del Cañavate	16	2021-01-01
16027	Barajas de Melo	16	2021-01-01
16029	Barchín del Hoyo	16	2021-01-01
16030	Bascuñana de San Pedro	16	2021-01-01
16031	Beamud	16	2021-01-01
16032	Belinchón	16	2021-01-01
16033	Belmonte	16	2021-01-01
16034	Belmontejo	16	2021-01-01
16035	Beteta	16	2021-01-01
16036	Boniches	16	2021-01-01
16038	Buciegas	16	2021-01-01
16039	Buenache de Alarcón	16	2021-01-01
16040	Buenache de la Sierra	16	2021-01-01
16041	Buendía	16	2021-01-01
16042	Campillo de Altobuey	16	2021-01-01
16043	Campillos-Paravientos	16	2021-01-01
16044	Campillos-Sierra	16	2021-01-01
16045	Canalejas del Arroyo	16	2021-01-01
16046	Cañada del Hoyo	16	2021-01-01
16047	Cañada Juncosa	16	2021-01-01
16048	Cañamares	16	2021-01-01
16049	Cañavate, El	16	2021-01-01
16050	Cañaveras	16	2021-01-01
16051	Cañaveruelas	16	2021-01-01
16052	Cañete	16	2021-01-01
16053	Cañizares	16	2021-01-01
16055	Carboneras de Guadazaón	16	2021-01-01
16056	Cardenete	16	2021-01-01
16057	Carrascosa	16	2021-01-01
16058	Carrascosa de Haro	16	2021-01-01
16060	Casas de Benítez	16	2021-01-01
16061	Casas de Fernando Alonso	16	2021-01-01
16062	Casas de Garcimolina	16	2021-01-01
16063	Casas de Guijarro	16	2021-01-01
16064	Casas de Haro	16	2021-01-01
16065	Casas de los Pinos	16	2021-01-01
16066	Casasimarro	16	2021-01-01
16067	Castejón	16	2021-01-01
16068	Castillejo de Iniesta	16	2021-01-01
16070	Castillejo-Sierra	16	2021-01-01
16071	Castillo-Albaráñez	16	2021-01-01
16072	Castillo de Garcimuñoz	16	2021-01-01
16073	Cervera del Llano	16	2021-01-01
16074	Cierva, La	16	2021-01-01
16078	Cuenca	16	2021-01-01
16079	Cueva del Hierro	16	2021-01-01
16081	Chumillas	16	2021-01-01
16082	Enguídanos	16	2021-01-01
16083	Fresneda de Altarejos	16	2021-01-01
16084	Fresneda de la Sierra	16	2021-01-01
16085	Frontera, La	16	2021-01-01
16086	Fuente de Pedro Naharro	16	2021-01-01
16087	Fuentelespino de Haro	16	2021-01-01
16088	Fuentelespino de Moya	16	2021-01-01
16089	Fuentes	16	2021-01-01
16091	Fuertescusa	16	2021-01-01
16092	Gabaldón	16	2021-01-01
16093	Garaballa	16	2021-01-01
16094	Gascueña	16	2021-01-01
16095	Graja de Campalbo	16	2021-01-01
16096	Graja de Iniesta	16	2021-01-01
16097	Henarejos	16	2021-01-01
16098	Herrumblar, El	16	2021-01-01
16099	Hinojosa, La	16	2021-01-01
16100	Hinojosos, Los	16	2021-01-01
16101	Hito, El	16	2021-01-01
16102	Honrubia	16	2021-01-01
16103	Hontanaya	16	2021-01-01
16104	Hontecillas	16	2021-01-01
16106	Horcajo de Santiago	16	2021-01-01
16107	Huélamo	16	2021-01-01
16108	Huelves	16	2021-01-01
16109	Huérguina	16	2021-01-01
16110	Huerta de la Obispalía	16	2021-01-01
16111	Huerta del Marquesado	16	2021-01-01
16112	Huete	16	2021-01-01
16113	Iniesta	16	2021-01-01
16115	Laguna del Marquesado	16	2021-01-01
16116	Lagunaseca	16	2021-01-01
16117	Landete	16	2021-01-01
16118	Ledaña	16	2021-01-01
16119	Leganiel	16	2021-01-01
16121	Majadas, Las	16	2021-01-01
16122	Mariana	16	2021-01-01
16123	Masegosa	16	2021-01-01
16124	Mesas, Las	16	2021-01-01
16125	Minglanilla	16	2021-01-01
16126	Mira	16	2021-01-01
16128	Monreal del Llano	16	2021-01-01
16129	Montalbanejo	16	2021-01-01
16130	Montalbo	16	2021-01-01
16131	Monteagudo de las Salinas	16	2021-01-01
16132	Mota de Altarejos	16	2021-01-01
16133	Mota del Cuervo	16	2021-01-01
16134	Motilla del Palancar	16	2021-01-01
16135	Moya	16	2021-01-01
16137	Narboneta	16	2021-01-01
16139	Olivares de Júcar	16	2021-01-01
16140	Olmeda de la Cuesta	16	2021-01-01
16141	Olmeda del Rey	16	2021-01-01
16142	Olmedilla de Alarcón	16	2021-01-01
16143	Olmedilla de Eliz	16	2021-01-01
16145	Osa de la Vega	16	2021-01-01
16146	Pajarón	16	2021-01-01
16147	Pajaroncillo	16	2021-01-01
16148	Palomares del Campo	16	2021-01-01
16149	Palomera	16	2021-01-01
16150	Paracuellos	16	2021-01-01
16151	Paredes	16	2021-01-01
16152	Parra de las Vegas, La	16	2021-01-01
16153	Pedernoso, El	16	2021-01-01
16154	Pedroñeras, Las	16	2021-01-01
16155	Peral, El	16	2021-01-01
16156	Peraleja, La	16	2021-01-01
16157	Pesquera, La	16	2021-01-01
16158	Picazo, El	16	2021-01-01
16159	Pinarejo	16	2021-01-01
16160	Pineda de Gigüela	16	2021-01-01
16161	Piqueras del Castillo	16	2021-01-01
16162	Portalrubio de Guadamejud	16	2021-01-01
16163	Portilla	16	2021-01-01
16165	Poyatos	16	2021-01-01
16166	Pozoamargo	16	2021-01-01
16167	Pozorrubio de Santiago	16	2021-01-01
16169	Pozuelo, El	16	2021-01-01
16170	Priego	16	2021-01-01
16171	Provencio, El	16	2021-01-01
16172	Puebla de Almenara	16	2021-01-01
16173	Valle de Altomira, El	16	2021-01-01
16174	Puebla del Salvador	16	2021-01-01
16175	Quintanar del Rey	16	2021-01-01
16176	Rada de Haro	16	2021-01-01
16177	Reíllo	16	2021-01-01
16181	Rozalén del Monte	16	2021-01-01
16185	Saceda-Trasierra	16	2021-01-01
16186	Saelices	16	2021-01-01
16187	Salinas del Manzano	16	2021-01-01
16188	Salmeroncillos	16	2021-01-01
16189	Salvacañete	16	2021-01-01
16190	San Clemente	16	2021-01-01
16191	San Lorenzo de la Parrilla	16	2021-01-01
16192	San Martín de Boniches	16	2021-01-01
16193	San Pedro Palmiches	16	2021-01-01
16194	Santa Cruz de Moya	16	2021-01-01
16195	Santa María del Campo Rus	16	2021-01-01
16196	Santa María de los Llanos	16	2021-01-01
16197	Santa María del Val	16	2021-01-01
16198	Sisante	16	2021-01-01
16199	Solera de Gabaldón	16	2021-01-01
16202	Talayuelas	16	2021-01-01
16203	Tarancón	16	2021-01-01
16204	Tébar	16	2021-01-01
16205	Tejadillos	16	2021-01-01
16206	Tinajas	16	2021-01-01
16209	Torralba	16	2021-01-01
16211	Torrejoncillo del Rey	16	2021-01-01
16212	Torrubia del Campo	16	2021-01-01
16213	Torrubia del Castillo	16	2021-01-01
16215	Tragacete	16	2021-01-01
16216	Tresjuncos	16	2021-01-01
16217	Tribaldos	16	2021-01-01
16218	Uclés	16	2021-01-01
16219	Uña	16	2021-01-01
16224	Valdemeca	16	2021-01-01
16225	Valdemorillo de la Sierra	16	2021-01-01
16227	Valdemoro-Sierra	16	2021-01-01
16228	Valdeolivas	16	2021-01-01
16231	Valhermoso de la Fuente	16	2021-01-01
16234	Valsalobre	16	2021-01-01
16236	Valverde de Júcar	16	2021-01-01
16237	Valverdejo	16	2021-01-01
16238	Vara de Rey	16	2021-01-01
16239	Vega del Codorno	16	2021-01-01
16240	Vellisca	16	2021-01-01
16242	Villaconejos de Trabaque	16	2021-01-01
16243	Villaescusa de Haro	16	2021-01-01
16244	Villagarcía del Llano	16	2021-01-01
16245	Villalba de la Sierra	16	2021-01-01
16246	Villalba del Rey	16	2021-01-01
16247	Villalgordo del Marquesado	16	2021-01-01
16248	Villalpardo	16	2021-01-01
16249	Villamayor de Santiago	16	2021-01-01
16250	Villanueva de Guadamejud	16	2021-01-01
16251	Villanueva de la Jara	16	2021-01-01
16253	Villar de Cañas	16	2021-01-01
16254	Villar de Domingo García	16	2021-01-01
16255	Villar de la Encina	16	2021-01-01
16258	Villar del Humo	16	2021-01-01
16259	Villar del Infantado	16	2021-01-01
16263	Villar de Olalla	16	2021-01-01
16264	Villarejo de Fuentes	16	2021-01-01
16265	Villarejo de la Peñuela	16	2021-01-01
16266	Villarejo-Periesteban	16	2021-01-01
16269	Villares del Saz	16	2021-01-01
16270	Villarrubio	16	2021-01-01
16271	Villarta	16	2021-01-01
16272	Villas de la Ventosa	16	2021-01-01
16273	Villaverde y Pasaconsol	16	2021-01-01
16274	Víllora	16	2021-01-01
16275	Vindel	16	2021-01-01
16276	Yémeda	16	2021-01-01
16277	Zafra de Záncara	16	2021-01-01
16278	Zafrilla	16	2021-01-01
16279	Zarza de Tajo	16	2021-01-01
16280	Zarzuela	16	2021-01-01
16901	Campos del Paraíso	16	2021-01-01
16902	Valdetórtola	16	2021-01-01
16903	Valeras, Las	16	2021-01-01
16904	Fuentenava de Jábaga	16	2021-01-01
16905	Arcas	16	2021-01-01
16906	Valdecolmenas, Los	16	2021-01-01
16908	Pozorrubielos de la Mancha	16	2021-01-01
16909	Sotorribas	16	2021-01-01
16910	Villar y Velasco	16	2021-01-01
17001	Agullana	17	2021-01-01
17002	Aiguaviva	17	2021-01-01
17003	Albanyà	17	2021-01-01
17004	Albons	17	2021-01-01
17005	Far d'Empordà, El	17	2021-01-01
17006	Alp	17	2021-01-01
17007	Amer	17	2021-01-01
17008	Anglès	17	2021-01-01
17009	Arbúcies	17	2021-01-01
17010	Argelaguer	17	2021-01-01
17011	Armentera, L'	17	2021-01-01
17012	Avinyonet de Puigventós	17	2021-01-01
17013	Begur	17	2021-01-01
17014	Vajol, La	17	2021-01-01
17015	Banyoles	17	2021-01-01
17016	Bàscara	17	2021-01-01
17018	Bellcaire d'Empordà	17	2021-01-01
17019	Besalú	17	2021-01-01
17020	Bescanó	17	2021-01-01
17021	Beuda	17	2021-01-01
17022	Bisbal d'Empordà, La	17	2021-01-01
17023	Blanes	17	2021-01-01
17024	Bolvir	17	2021-01-01
17025	Bordils	17	2021-01-01
17026	Borrassà	17	2021-01-01
17027	Breda	17	2021-01-01
17028	Brunyola i Sant Martí Sapresa	17	2021-01-01
17029	Boadella i les Escaules	17	2021-01-01
17030	Cabanes	17	2021-01-01
17031	Cabanelles	17	2021-01-01
17032	Cadaqués	17	2021-01-01
17033	Caldes de Malavella	17	2021-01-01
17034	Calonge i Sant Antoni	17	2021-01-01
17035	Camós	17	2021-01-01
17036	Campdevànol	17	2021-01-01
17037	Campelles	17	2021-01-01
17038	Campllong	17	2021-01-01
17039	Camprodon	17	2021-01-01
17040	Canet d'Adri	17	2021-01-01
17041	Cantallops	17	2021-01-01
17042	Capmany	17	2021-01-01
17043	Queralbs	17	2021-01-01
17044	Cassà de la Selva	17	2021-01-01
17046	Castellfollit de la Roca	17	2021-01-01
17047	Castelló d'Empúries	17	2021-01-01
17048	Castell d'Aro, Platja d'Aro i s'Agaró	17	2021-01-01
17049	Celrà	17	2021-01-01
17050	Cervià de Ter	17	2021-01-01
17051	Cistella	17	2021-01-01
17052	Siurana	17	2021-01-01
17054	Colera	17	2021-01-01
17055	Colomers	17	2021-01-01
17056	Cornellà del Terri	17	2021-01-01
17057	Corçà	17	2021-01-01
17058	Crespià	17	2021-01-01
17060	Darnius	17	2021-01-01
17061	Das	17	2021-01-01
17062	Escala, L'	17	2021-01-01
17063	Espinelves	17	2021-01-01
17064	Espolla	17	2021-01-01
17065	Esponellà	17	2021-01-01
17066	Figueres	17	2021-01-01
17067	Flaçà	17	2021-01-01
17068	Foixà	17	2021-01-01
17069	Fontanals de Cerdanya	17	2021-01-01
17070	Fontanilles	17	2021-01-01
17071	Fontcoberta	17	2021-01-01
17073	Fornells de la Selva	17	2021-01-01
17074	Fortià	17	2021-01-01
17075	Garrigàs	17	2021-01-01
17076	Garrigoles	17	2021-01-01
17077	Garriguella	17	2021-01-01
17078	Ger	17	2021-01-01
17079	Girona	17	2021-01-01
17080	Gombrèn	17	2021-01-01
17081	Gualta	17	2021-01-01
17082	Guils de Cerdanya	17	2021-01-01
17083	Hostalric	17	2021-01-01
17084	Isòvol	17	2021-01-01
17085	Jafre	17	2021-01-01
17086	Jonquera, La	17	2021-01-01
17087	Juià	17	2021-01-01
17088	Lladó	17	2021-01-01
17089	Llagostera	17	2021-01-01
17090	Llambilles	17	2021-01-01
17091	Llanars	17	2021-01-01
17092	Llançà	17	2021-01-01
17093	Llers	17	2021-01-01
17094	Llívia	17	2021-01-01
17095	Lloret de Mar	17	2021-01-01
17096	Llosses, Les	17	2021-01-01
17097	Madremanya	17	2021-01-01
17098	Maià de Montcal	17	2021-01-01
17099	Meranges	17	2021-01-01
17100	Masarac i Vilarnadal	17	2021-01-01
17101	Massanes	17	2021-01-01
17102	Maçanet de Cabrenys	17	2021-01-01
17103	Maçanet de la Selva	17	2021-01-01
17105	Mieres	17	2021-01-01
17106	Mollet de Peralada	17	2021-01-01
17107	Molló	17	2021-01-01
17109	Montagut i Oix	17	2021-01-01
17110	Mont-ras	17	2021-01-01
17111	Navata	17	2021-01-01
17112	Ogassa	17	2021-01-01
17114	Olot	17	2021-01-01
17115	Ordis	17	2021-01-01
17116	Osor	17	2021-01-01
17117	Palafrugell	17	2021-01-01
17118	Palamós	17	2021-01-01
17119	Palau de Santa Eulàlia	17	2021-01-01
17120	Palau-saverdera	17	2021-01-01
17121	Palau-sator	17	2021-01-01
17123	Palol de Revardit	17	2021-01-01
17124	Pals	17	2021-01-01
17125	Pardines	17	2021-01-01
17126	Parlavà	17	2021-01-01
17128	Pau	17	2021-01-01
17129	Pedret i Marzà	17	2021-01-01
17130	Pera, La	17	2021-01-01
17132	Peralada	17	2021-01-01
17133	Planes d'Hostoles, Les	17	2021-01-01
17134	Planoles	17	2021-01-01
17135	Pont de Molins	17	2021-01-01
17136	Pontós	17	2021-01-01
17137	Porqueres	17	2021-01-01
17138	Portbou	17	2021-01-01
17139	Preses, Les	17	2021-01-01
17140	Port de la Selva, El	17	2021-01-01
17141	Puigcerdà	17	2021-01-01
17142	Quart	17	2021-01-01
17143	Rabós	17	2021-01-01
17144	Regencós	17	2021-01-01
17145	Ribes de Freser	17	2021-01-01
17146	Riells i Viabrea	17	2021-01-01
17147	Ripoll	17	2021-01-01
17148	Riudarenes	17	2021-01-01
17149	Riudaura	17	2021-01-01
17150	Riudellots de la Selva	17	2021-01-01
17151	Riumors	17	2021-01-01
17152	Roses	17	2021-01-01
17153	Rupià	17	2021-01-01
17154	Sales de Llierca	17	2021-01-01
17155	Salt	17	2021-01-01
17157	Sant Andreu Salou	17	2021-01-01
17158	Sant Climent Sescebes	17	2021-01-01
17159	Sant Feliu de Buixalleu	17	2021-01-01
17160	Sant Feliu de Guíxols	17	2021-01-01
17161	Sant Feliu de Pallerols	17	2021-01-01
17162	Sant Ferriol	17	2021-01-01
17163	Sant Gregori	17	2021-01-01
17164	Sant Hilari Sacalm	17	2021-01-01
17165	Sant Jaume de Llierca	17	2021-01-01
17166	Sant Jordi Desvalls	17	2021-01-01
17167	Sant Joan de les Abadesses	17	2021-01-01
17168	Sant Joan de Mollet	17	2021-01-01
17169	Sant Julià de Ramis	17	2021-01-01
17170	Vallfogona de Ripollès	17	2021-01-01
17171	Sant Llorenç de la Muga	17	2021-01-01
17172	Sant Martí de Llémena	17	2021-01-01
17173	Sant Martí Vell	17	2021-01-01
17174	Sant Miquel de Campmajor	17	2021-01-01
17175	Sant Miquel de Fluvià	17	2021-01-01
17176	Sant Mori	17	2021-01-01
17177	Sant Pau de Segúries	17	2021-01-01
17178	Sant Pere Pescador	17	2021-01-01
17180	Santa Coloma de Farners	17	2021-01-01
17181	Santa Cristina d'Aro	17	2021-01-01
17182	Santa Llogaia d'Àlguema	17	2021-01-01
17183	Sant Aniol de Finestres	17	2021-01-01
17184	Santa Pau	17	2021-01-01
17185	Sant Joan les Fonts	17	2021-01-01
17186	Sarrià de Ter	17	2021-01-01
17187	Saus, Camallera i Llampaies	17	2021-01-01
17188	Selva de Mar, La	17	2021-01-01
17189	Cellera de Ter, La	17	2021-01-01
17190	Serinyà	17	2021-01-01
17191	Serra de Daró	17	2021-01-01
17192	Setcases	17	2021-01-01
17193	Sils	17	2021-01-01
17194	Susqueda	17	2021-01-01
17195	Tallada d'Empordà, La	17	2021-01-01
17196	Terrades	17	2021-01-01
17197	Torrent	17	2021-01-01
17198	Torroella de Fluvià	17	2021-01-01
17199	Torroella de Montgrí	17	2021-01-01
17200	Tortellà	17	2021-01-01
17201	Toses	17	2021-01-01
17202	Tossa de Mar	17	2021-01-01
17203	Ultramort	17	2021-01-01
17204	Ullà	17	2021-01-01
17205	Ullastret	17	2021-01-01
17206	Urús	17	2021-01-01
17207	Vall d'en Bas, La	17	2021-01-01
17208	Vall de Bianya, La	17	2021-01-01
17209	Vall-llobrega	17	2021-01-01
17210	Ventalló	17	2021-01-01
17211	Verges	17	2021-01-01
17212	Vidrà	17	2021-01-01
17213	Vidreres	17	2021-01-01
17214	Vilabertran	17	2021-01-01
17215	Vilablareix	17	2021-01-01
17216	Viladasens	17	2021-01-01
17217	Viladamat	17	2021-01-01
17218	Vilademuls	17	2021-01-01
17220	Viladrau	17	2021-01-01
17221	Vilafant	17	2021-01-01
17222	Vilaür	17	2021-01-01
17223	Vilajuïga	17	2021-01-01
17224	Vilallonga de Ter	17	2021-01-01
17225	Vilamacolum	17	2021-01-01
17226	Vilamalla	17	2021-01-01
17227	Vilamaniscle	17	2021-01-01
17228	Vilanant	17	2021-01-01
17230	Vila-sacra	17	2021-01-01
17232	Vilopriu	17	2021-01-01
17233	Vilobí d'Onyar	17	2021-01-01
17234	Biure	17	2021-01-01
17901	Cruïlles, Monells i Sant Sadurní de l'Heura	17	2021-01-01
17902	Forallac	17	2021-01-01
17903	Sant Julià del Llor i Bonmatí	17	2021-01-01
18001	Agrón	18	2021-01-01
18002	Alamedilla	18	2021-01-01
18003	Albolote	18	2021-01-01
18004	Albondón	18	2021-01-01
18005	Albuñán	18	2021-01-01
18006	Albuñol	18	2021-01-01
18007	Albuñuelas	18	2021-01-01
18010	Aldeire	18	2021-01-01
18011	Alfacar	18	2021-01-01
18012	Algarinejo	18	2021-01-01
18013	Alhama de Granada	18	2021-01-01
18014	Alhendín	18	2021-01-01
18015	Alicún de Ortega	18	2021-01-01
18016	Almegíjar	18	2021-01-01
18017	Almuñécar	18	2021-01-01
18018	Alquife	18	2021-01-01
18020	Arenas del Rey	18	2021-01-01
18021	Armilla	18	2021-01-01
18022	Atarfe	18	2021-01-01
18023	Baza	18	2021-01-01
18024	Beas de Granada	18	2021-01-01
18025	Beas de Guadix	18	2021-01-01
18027	Benalúa	18	2021-01-01
18028	Benalúa de las Villas	18	2021-01-01
18029	Benamaurel	18	2021-01-01
18030	Bérchules	18	2021-01-01
18032	Bubión	18	2021-01-01
18033	Busquístar	18	2021-01-01
18034	Cacín	18	2021-01-01
18035	Cádiar	18	2021-01-01
18036	Cájar	18	2021-01-01
18037	Calicasas	18	2021-01-01
18038	Campotéjar	18	2021-01-01
18039	Caniles	18	2021-01-01
18040	Cáñar	18	2021-01-01
18042	Capileira	18	2021-01-01
18043	Carataunas	18	2021-01-01
18044	Cástaras	18	2021-01-01
18045	Castilléjar	18	2021-01-01
18046	Castril	18	2021-01-01
18047	Cenes de la Vega	18	2021-01-01
18048	Cijuela	18	2021-01-01
18049	Cogollos de Guadix	18	2021-01-01
18050	Cogollos de la Vega	18	2021-01-01
18051	Colomera	18	2021-01-01
18053	Cortes de Baza	18	2021-01-01
18054	Cortes y Graena	18	2021-01-01
18056	Cúllar	18	2021-01-01
18057	Cúllar Vega	18	2021-01-01
18059	Chauchina	18	2021-01-01
18061	Chimeneas	18	2021-01-01
18062	Churriana de la Vega	18	2021-01-01
18063	Darro	18	2021-01-01
18064	Dehesas de Guadix	18	2021-01-01
18065	Dehesas Viejas	18	2021-01-01
18066	Deifontes	18	2021-01-01
18067	Diezma	18	2021-01-01
18068	Dílar	18	2021-01-01
18069	Dólar	18	2021-01-01
18070	Dúdar	18	2021-01-01
18071	Dúrcal	18	2021-01-01
18072	Escúzar	18	2021-01-01
18074	Ferreira	18	2021-01-01
18076	Fonelas	18	2021-01-01
18077	Fornes	18	2021-01-01
18078	Freila	18	2021-01-01
18079	Fuente Vaqueros	18	2021-01-01
18082	Galera	18	2021-01-01
18083	Gobernador	18	2021-01-01
18084	Gójar	18	2021-01-01
18085	Gor	18	2021-01-01
18086	Gorafe	18	2021-01-01
18087	Granada	18	2021-01-01
18088	Guadahortuna	18	2021-01-01
18089	Guadix	18	2021-01-01
18093	Gualchos	18	2021-01-01
18094	Güéjar Sierra	18	2021-01-01
18095	Güevéjar	18	2021-01-01
18096	Huélago	18	2021-01-01
18097	Huéneja	18	2021-01-01
18098	Huéscar	18	2021-01-01
18099	Huétor de Santillán	18	2021-01-01
18100	Huétor Tájar	18	2021-01-01
18101	Huétor Vega	18	2021-01-01
18102	Íllora	18	2021-01-01
18103	Ítrabo	18	2021-01-01
18105	Iznalloz	18	2021-01-01
18106	Játar	18	2021-01-01
18107	Jayena	18	2021-01-01
18108	Jérez del Marquesado	18	2021-01-01
18109	Jete	18	2021-01-01
18111	Jun	18	2021-01-01
18112	Juviles	18	2021-01-01
18114	Calahorra, La	18	2021-01-01
18115	Láchar	18	2021-01-01
18116	Lanjarón	18	2021-01-01
18117	Lanteira	18	2021-01-01
18119	Lecrín	18	2021-01-01
18120	Lentegí	18	2021-01-01
18121	Lobras	18	2021-01-01
18122	Loja	18	2021-01-01
18123	Lugros	18	2021-01-01
18124	Lújar	18	2021-01-01
18126	Malahá, La	18	2021-01-01
18127	Maracena	18	2021-01-01
18128	Marchal	18	2021-01-01
18132	Moclín	18	2021-01-01
18133	Molvízar	18	2021-01-01
18134	Monachil	18	2021-01-01
18135	Montefrío	18	2021-01-01
18136	Montejícar	18	2021-01-01
18137	Montillana	18	2021-01-01
18138	Moraleda de Zafayona	18	2021-01-01
18140	Motril	18	2021-01-01
18141	Murtas	18	2021-01-01
18143	Nigüelas	18	2021-01-01
18144	Nívar	18	2021-01-01
18145	Ogíjares	18	2021-01-01
18146	Orce	18	2021-01-01
18147	Órgiva	18	2021-01-01
18148	Otívar	18	2021-01-01
18149	Villa de Otura	18	2021-01-01
18150	Padul	18	2021-01-01
18151	Pampaneira	18	2021-01-01
18152	Pedro Martínez	18	2021-01-01
18153	Peligros	18	2021-01-01
18154	Peza, La	18	2021-01-01
18157	Pinos Genil	18	2021-01-01
18158	Pinos Puente	18	2021-01-01
18159	Píñar	18	2021-01-01
18161	Polícar	18	2021-01-01
18162	Polopos	18	2021-01-01
18163	Pórtugos	18	2021-01-01
18164	Puebla de Don Fadrique	18	2021-01-01
18165	Pulianas	18	2021-01-01
18167	Purullena	18	2021-01-01
18168	Quéntar	18	2021-01-01
18170	Rubite	18	2021-01-01
18171	Salar	18	2021-01-01
18173	Salobreña	18	2021-01-01
18174	Santa Cruz del Comercio	18	2021-01-01
18175	Santa Fe	18	2021-01-01
18176	Soportújar	18	2021-01-01
18177	Sorvilán	18	2021-01-01
18178	Torre-Cardela	18	2021-01-01
18179	Torvizcón	18	2021-01-01
18180	Trevélez	18	2021-01-01
18181	Turón	18	2021-01-01
18182	Ugíjar	18	2021-01-01
18183	Válor	18	2021-01-01
18184	Vélez de Benaudalla	18	2021-01-01
18185	Ventas de Huelma	18	2021-01-01
18187	Villanueva de las Torres	18	2021-01-01
18188	Villanueva Mesía	18	2021-01-01
18189	Víznar	18	2021-01-01
18192	Zafarraya	18	2021-01-01
18193	Zubia, La	18	2021-01-01
18194	Zújar	18	2021-01-01
18901	Taha, La	18	2021-01-01
18902	Valle, El	18	2021-01-01
18903	Nevada	18	2021-01-01
18904	Alpujarra de la Sierra	18	2021-01-01
18905	Gabias, Las	18	2021-01-01
18906	Guájares, Los	18	2021-01-01
18907	Valle del Zalabí	18	2021-01-01
18908	Villamena	18	2021-01-01
18909	Morelábor	18	2021-01-01
18910	Pinar, El	18	2021-01-01
18911	Vegas del Genil	18	2021-01-01
18912	Cuevas del Campo	18	2021-01-01
18913	Zagra	18	2021-01-01
18914	Valderrubio	18	2021-01-01
18915	Domingo Pérez de Granada	18	2021-01-01
18916	Torrenueva Costa	18	2021-01-01
19001	Abánades	19	2021-01-01
19002	Ablanque	19	2021-01-01
19003	Adobes	19	2021-01-01
19004	Alaminos	19	2021-01-01
19005	Alarilla	19	2021-01-01
19006	Albalate de Zorita	19	2021-01-01
19007	Albares	19	2021-01-01
19008	Albendiego	19	2021-01-01
19009	Alcocer	19	2021-01-01
19010	Alcolea de las Peñas	19	2021-01-01
19011	Alcolea del Pinar	19	2021-01-01
19013	Alcoroches	19	2021-01-01
19015	Aldeanueva de Guadalajara	19	2021-01-01
19016	Algar de Mesa	19	2021-01-01
19017	Algora	19	2021-01-01
19018	Alhóndiga	19	2021-01-01
19019	Alique	19	2021-01-01
19020	Almadrones	19	2021-01-01
19021	Almoguera	19	2021-01-01
19022	Almonacid de Zorita	19	2021-01-01
19023	Alocén	19	2021-01-01
19024	Alovera	19	2021-01-01
19027	Alustante	19	2021-01-01
19031	Angón	19	2021-01-01
19032	Anguita	19	2021-01-01
19033	Anquela del Ducado	19	2021-01-01
19034	Anquela del Pedregal	19	2021-01-01
19036	Aranzueque	19	2021-01-01
19037	Arbancón	19	2021-01-01
19038	Arbeteta	19	2021-01-01
19039	Argecilla	19	2021-01-01
19040	Armallones	19	2021-01-01
19041	Armuña de Tajuña	19	2021-01-01
19042	Arroyo de las Fraguas	19	2021-01-01
19043	Atanzón	19	2021-01-01
19044	Atienza	19	2021-01-01
19045	Auñón	19	2021-01-01
19046	Azuqueca de Henares	19	2021-01-01
19047	Baides	19	2021-01-01
19048	Baños de Tajo	19	2021-01-01
19049	Bañuelos	19	2021-01-01
19050	Barriopedro	19	2021-01-01
19051	Berninches	19	2021-01-01
19052	Bodera, La	19	2021-01-01
19053	Brihuega	19	2021-01-01
19054	Budia	19	2021-01-01
19055	Bujalaro	19	2021-01-01
19057	Bustares	19	2021-01-01
19058	Cabanillas del Campo	19	2021-01-01
19059	Campillo de Dueñas	19	2021-01-01
19060	Campillo de Ranas	19	2021-01-01
19061	Campisábalos	19	2021-01-01
19064	Canredondo	19	2021-01-01
19065	Cantalojas	19	2021-01-01
19066	Cañizar	19	2021-01-01
19067	Cardoso de la Sierra, El	19	2021-01-01
19070	Casa de Uceda	19	2021-01-01
19071	Casar, El	19	2021-01-01
19073	Casas de San Galindo	19	2021-01-01
19074	Caspueñas	19	2021-01-01
19075	Castejón de Henares	19	2021-01-01
19076	Castellar de la Muela	19	2021-01-01
19078	Castilforte	19	2021-01-01
19079	Castilnuevo	19	2021-01-01
19080	Cendejas de Enmedio	19	2021-01-01
19081	Cendejas de la Torre	19	2021-01-01
19082	Centenera	19	2021-01-01
19086	Cifuentes	19	2021-01-01
19087	Cincovillas	19	2021-01-01
19088	Ciruelas	19	2021-01-01
19089	Ciruelos del Pinar	19	2021-01-01
19090	Cobeta	19	2021-01-01
19091	Cogollor	19	2021-01-01
19092	Cogolludo	19	2021-01-01
19095	Condemios de Abajo	19	2021-01-01
19096	Condemios de Arriba	19	2021-01-01
19097	Congostrina	19	2021-01-01
19098	Copernal	19	2021-01-01
19099	Corduente	19	2021-01-01
19102	Cubillo de Uceda, El	19	2021-01-01
19103	Checa	19	2021-01-01
19104	Chequilla	19	2021-01-01
19105	Chiloeches	19	2021-01-01
19106	Chillarón del Rey	19	2021-01-01
19107	Driebes	19	2021-01-01
19108	Durón	19	2021-01-01
19109	Embid	19	2021-01-01
19110	Escamilla	19	2021-01-01
19111	Escariche	19	2021-01-01
19112	Escopete	19	2021-01-01
19113	Espinosa de Henares	19	2021-01-01
19114	Esplegares	19	2021-01-01
19115	Establés	19	2021-01-01
19116	Estriégana	19	2021-01-01
19117	Fontanar	19	2021-01-01
19118	Fuembellida	19	2021-01-01
19119	Fuencemillán	19	2021-01-01
19120	Fuentelahiguera de Albatages	19	2021-01-01
19121	Fuentelencina	19	2021-01-01
19122	Fuentelsaz	19	2021-01-01
19123	Fuentelviejo	19	2021-01-01
19124	Fuentenovilla	19	2021-01-01
19125	Gajanejos	19	2021-01-01
19126	Galápagos	19	2021-01-01
19127	Galve de Sorbe	19	2021-01-01
19129	Gascueña de Bornova	19	2021-01-01
19130	Guadalajara	19	2021-01-01
19132	Henche	19	2021-01-01
19133	Heras de Ayuso	19	2021-01-01
19134	Herrería	19	2021-01-01
19135	Hiendelaencina	19	2021-01-01
19136	Hijes	19	2021-01-01
19138	Hita	19	2021-01-01
19139	Hombrados	19	2021-01-01
19142	Hontoba	19	2021-01-01
19143	Horche	19	2021-01-01
19145	Hortezuela de Océn	19	2021-01-01
19146	Huerce, La	19	2021-01-01
19147	Huérmeces del Cerro	19	2021-01-01
19148	Huertahernando	19	2021-01-01
19150	Hueva	19	2021-01-01
19151	Humanes	19	2021-01-01
19152	Illana	19	2021-01-01
19153	Iniéstola	19	2021-01-01
19154	Inviernas, Las	19	2021-01-01
19155	Irueste	19	2021-01-01
19156	Jadraque	19	2021-01-01
19157	Jirueque	19	2021-01-01
19159	Ledanca	19	2021-01-01
19160	Loranca de Tajuña	19	2021-01-01
19161	Lupiana	19	2021-01-01
19162	Luzaga	19	2021-01-01
19163	Luzón	19	2021-01-01
19165	Majaelrayo	19	2021-01-01
19166	Málaga del Fresno	19	2021-01-01
19167	Malaguilla	19	2021-01-01
19168	Mandayona	19	2021-01-01
19169	Mantiel	19	2021-01-01
19170	Maranchón	19	2021-01-01
19171	Marchamalo	19	2021-01-01
19172	Masegoso de Tajuña	19	2021-01-01
19173	Matarrubia	19	2021-01-01
19174	Matillas	19	2021-01-01
19175	Mazarete	19	2021-01-01
19176	Mazuecos	19	2021-01-01
19177	Medranda	19	2021-01-01
19178	Megina	19	2021-01-01
19179	Membrillera	19	2021-01-01
19181	Miedes de Atienza	19	2021-01-01
19182	Mierla, La	19	2021-01-01
19183	Milmarcos	19	2021-01-01
19184	Millana	19	2021-01-01
19185	Miñosa, La	19	2021-01-01
19186	Mirabueno	19	2021-01-01
19187	Miralrío	19	2021-01-01
19188	Mochales	19	2021-01-01
19189	Mohernando	19	2021-01-01
19190	Molina de Aragón	19	2021-01-01
19191	Monasterio	19	2021-01-01
19192	Mondéjar	19	2021-01-01
19193	Montarrón	19	2021-01-01
19194	Moratilla de los Meleros	19	2021-01-01
19195	Morenilla	19	2021-01-01
19196	Muduex	19	2021-01-01
19197	Navas de Jadraque, Las	19	2021-01-01
19198	Negredo	19	2021-01-01
19199	Ocentejo	19	2021-01-01
19200	Olivar, El	19	2021-01-01
19201	Olmeda de Cobeta	19	2021-01-01
19202	Olmeda de Jadraque, La	19	2021-01-01
19203	Ordial, El	19	2021-01-01
19204	Orea	19	2021-01-01
19208	Pálmaces de Jadraque	19	2021-01-01
19209	Pardos	19	2021-01-01
19210	Paredes de Sigüenza	19	2021-01-01
19211	Pareja	19	2021-01-01
19212	Pastrana	19	2021-01-01
19213	Pedregal, El	19	2021-01-01
19214	Peñalén	19	2021-01-01
19215	Peñalver	19	2021-01-01
19216	Peralejos de las Truchas	19	2021-01-01
19217	Peralveche	19	2021-01-01
19218	Pinilla de Jadraque	19	2021-01-01
19219	Pinilla de Molina	19	2021-01-01
19220	Pioz	19	2021-01-01
19221	Piqueras	19	2021-01-01
19222	Pobo de Dueñas, El	19	2021-01-01
19223	Poveda de la Sierra	19	2021-01-01
19224	Pozo de Almoguera	19	2021-01-01
19225	Pozo de Guadalajara	19	2021-01-01
19226	Prádena de Atienza	19	2021-01-01
19227	Prados Redondos	19	2021-01-01
19228	Puebla de Beleña	19	2021-01-01
19229	Puebla de Valles	19	2021-01-01
19230	Quer	19	2021-01-01
19231	Rebollosa de Jadraque	19	2021-01-01
19232	Recuenco, El	19	2021-01-01
19233	Renera	19	2021-01-01
19234	Retiendas	19	2021-01-01
19235	Riba de Saelices	19	2021-01-01
19237	Rillo de Gallo	19	2021-01-01
19238	Riofrío del Llano	19	2021-01-01
19239	Robledillo de Mohernando	19	2021-01-01
19240	Robledo de Corpes	19	2021-01-01
19241	Romanillos de Atienza	19	2021-01-01
19242	Romanones	19	2021-01-01
19243	Rueda de la Sierra	19	2021-01-01
19244	Sacecorbo	19	2021-01-01
19245	Sacedón	19	2021-01-01
19246	Saelices de la Sal	19	2021-01-01
19247	Salmerón	19	2021-01-01
19248	San Andrés del Congosto	19	2021-01-01
19249	San Andrés del Rey	19	2021-01-01
19250	Santiuste	19	2021-01-01
19251	Saúca	19	2021-01-01
19252	Sayatón	19	2021-01-01
19254	Selas	19	2021-01-01
19255	Setiles	19	2021-01-01
19256	Sienes	19	2021-01-01
19257	Sigüenza	19	2021-01-01
19258	Solanillos del Extremo	19	2021-01-01
19259	Somolinos	19	2021-01-01
19260	Sotillo, El	19	2021-01-01
19261	Sotodosos	19	2021-01-01
19262	Tamajón	19	2021-01-01
19263	Taragudo	19	2021-01-01
19264	Taravilla	19	2021-01-01
19265	Tartanedo	19	2021-01-01
19266	Tendilla	19	2021-01-01
19267	Terzaga	19	2021-01-01
19268	Tierzo	19	2021-01-01
19269	Toba, La	19	2021-01-01
19270	Tordelrábano	19	2021-01-01
19271	Tordellego	19	2021-01-01
19272	Tordesilos	19	2021-01-01
19274	Torija	19	2021-01-01
19277	Torrecuadrada de Molina	19	2021-01-01
19278	Torrecuadradilla	19	2021-01-01
19279	Torre del Burgo	19	2021-01-01
19280	Torrejón del Rey	19	2021-01-01
19281	Torremocha de Jadraque	19	2021-01-01
19282	Torremocha del Campo	19	2021-01-01
19283	Torremocha del Pinar	19	2021-01-01
19284	Torremochuela	19	2021-01-01
19285	Torrubia	19	2021-01-01
19286	Tórtola de Henares	19	2021-01-01
19287	Tortuera	19	2021-01-01
19288	Tortuero	19	2021-01-01
19289	Traíd	19	2021-01-01
19290	Trijueque	19	2021-01-01
19291	Trillo	19	2021-01-01
19293	Uceda	19	2021-01-01
19294	Ujados	19	2021-01-01
19296	Utande	19	2021-01-01
19297	Valdarachas	19	2021-01-01
19298	Valdearenas	19	2021-01-01
19299	Valdeavellano	19	2021-01-01
19300	Valdeaveruelo	19	2021-01-01
19301	Valdeconcha	19	2021-01-01
19302	Valdegrudas	19	2021-01-01
19303	Valdelcubo	19	2021-01-01
19304	Valdenuño Fernández	19	2021-01-01
19305	Valdepeñas de la Sierra	19	2021-01-01
19306	Valderrebollo	19	2021-01-01
19307	Valdesotos	19	2021-01-01
19308	Valfermoso de Tajuña	19	2021-01-01
19309	Valhermoso	19	2021-01-01
19310	Valtablado del Río	19	2021-01-01
19311	Valverde de los Arroyos	19	2021-01-01
19314	Viana de Jadraque	19	2021-01-01
19317	Villanueva de Alcorón	19	2021-01-01
19318	Villanueva de Argecilla	19	2021-01-01
19319	Villanueva de la Torre	19	2021-01-01
19321	Villares de Jadraque	19	2021-01-01
19322	Villaseca de Henares	19	2021-01-01
19323	Villaseca de Uceda	19	2021-01-01
19324	Villel de Mesa	19	2021-01-01
19325	Viñuelas	19	2021-01-01
19326	Yebes	19	2021-01-01
19327	Yebra	19	2021-01-01
19329	Yélamos de Abajo	19	2021-01-01
19330	Yélamos de Arriba	19	2021-01-01
19331	Yunquera de Henares	19	2021-01-01
19332	Yunta, La	19	2021-01-01
19333	Zaorejas	19	2021-01-01
19334	Zarzuela de Jadraque	19	2021-01-01
19335	Zorita de los Canes	19	2021-01-01
19901	Semillas	19	2021-01-01
20001	Abaltzisketa	20	2021-01-01
20002	Aduna	20	2021-01-01
20003	Aizarnazabal	20	2021-01-01
20004	Albiztur	20	2021-01-01
20005	Alegia	20	2021-01-01
20006	Alkiza	20	2021-01-01
20007	Altzo	20	2021-01-01
20008	Amezketa	20	2021-01-01
20009	Andoain	20	2021-01-01
20010	Anoeta	20	2021-01-01
20011	Antzuola	20	2021-01-01
20012	Arama	20	2021-01-01
20013	Aretxabaleta	20	2021-01-01
20014	Asteasu	20	2021-01-01
20015	Ataun	20	2021-01-01
20016	Aia	20	2021-01-01
20017	Azkoitia	20	2021-01-01
20018	Azpeitia	20	2021-01-01
20019	Beasain	20	2021-01-01
20020	Beizama	20	2021-01-01
20021	Belauntza	20	2021-01-01
20022	Berastegi	20	2021-01-01
20023	Berrobi	20	2021-01-01
20024	Bidania-Goiatz	20	2021-01-01
20025	Zegama	20	2021-01-01
20026	Zerain	20	2021-01-01
20027	Zestoa	20	2021-01-01
20028	Zizurkil	20	2021-01-01
20029	Deba	20	2021-01-01
20030	Eibar	20	2021-01-01
20031	Elduain	20	2021-01-01
20032	Elgoibar	20	2021-01-01
20033	Elgeta	20	2021-01-01
20034	Eskoriatza	20	2021-01-01
20035	Ezkio-Itsaso	20	2021-01-01
20036	Hondarribia	20	2021-01-01
20037	Gaintza	20	2021-01-01
20038	Gabiria	20	2021-01-01
20039	Getaria	20	2021-01-01
20040	Hernani	20	2021-01-01
20041	Hernialde	20	2021-01-01
20042	Ibarra	20	2021-01-01
20043	Idiazabal	20	2021-01-01
20044	Ikaztegieta	20	2021-01-01
20045	Irun	20	2021-01-01
20046	Irura	20	2021-01-01
20047	Itsasondo	20	2021-01-01
20048	Larraul	20	2021-01-01
20049	Lazkao	20	2021-01-01
20050	Leaburu	20	2021-01-01
20051	Legazpi	20	2021-01-01
20052	Legorreta	20	2021-01-01
20053	Lezo	20	2021-01-01
20054	Lizartza	20	2021-01-01
20055	Arrasate/Mondragón	20	2021-01-01
20056	Mutriku	20	2021-01-01
20057	Mutiloa	20	2021-01-01
20058	Olaberria	20	2021-01-01
20059	Oñati	20	2021-01-01
20060	Orexa	20	2021-01-01
20061	Orio	20	2021-01-01
20062	Ormaiztegi	20	2021-01-01
20063	Oiartzun	20	2021-01-01
20064	Pasaia	20	2021-01-01
20065	Soraluze-Placencia de las Armas	20	2021-01-01
20066	Errezil	20	2021-01-01
20067	Errenteria	20	2021-01-01
20068	Leintz-Gatzaga	20	2021-01-01
20069	Donostia/San Sebastián	20	2021-01-01
20070	Segura	20	2021-01-01
20071	Tolosa	20	2021-01-01
20072	Urnieta	20	2021-01-01
20073	Usurbil	20	2021-01-01
20074	Bergara	20	2021-01-01
20075	Villabona	20	2021-01-01
20076	Ordizia	20	2021-01-01
20077	Urretxu	20	2021-01-01
20078	Zaldibia	20	2021-01-01
20079	Zarautz	20	2021-01-01
20080	Zumarraga	20	2021-01-01
20081	Zumaia	20	2021-01-01
20901	Mendaro	20	2021-01-01
20902	Lasarte-Oria	20	2021-01-01
20903	Astigarraga	20	2021-01-01
20904	Baliarrain	20	2021-01-01
20905	Orendain	20	2021-01-01
20906	Altzaga	20	2021-01-01
20907	Gaztelu	20	2021-01-01
21001	Alájar	21	2021-01-01
21002	Aljaraque	21	2021-01-01
21003	Almendro, El	21	2021-01-01
21004	Almonaster la Real	21	2021-01-01
21005	Almonte	21	2021-01-01
21006	Alosno	21	2021-01-01
21007	Aracena	21	2021-01-01
21008	Aroche	21	2021-01-01
21009	Arroyomolinos de León	21	2021-01-01
21010	Ayamonte	21	2021-01-01
21011	Beas	21	2021-01-01
21012	Berrocal	21	2021-01-01
21013	Bollullos Par del Condado	21	2021-01-01
21014	Bonares	21	2021-01-01
21015	Cabezas Rubias	21	2021-01-01
21016	Cala	21	2021-01-01
21017	Calañas	21	2021-01-01
21018	Campillo, El	21	2021-01-01
21019	Campofrío	21	2021-01-01
21020	Cañaveral de León	21	2021-01-01
21021	Cartaya	21	2021-01-01
21022	Castaño del Robledo	21	2021-01-01
21023	Cerro de Andévalo, El	21	2021-01-01
21024	Corteconcepción	21	2021-01-01
21025	Cortegana	21	2021-01-01
21026	Cortelazor	21	2021-01-01
21027	Cumbres de Enmedio	21	2021-01-01
21028	Cumbres de San Bartolomé	21	2021-01-01
21029	Cumbres Mayores	21	2021-01-01
21030	Chucena	21	2021-01-01
21031	Encinasola	21	2021-01-01
21032	Escacena del Campo	21	2021-01-01
21033	Fuenteheridos	21	2021-01-01
21034	Galaroza	21	2021-01-01
21035	Gibraleón	21	2021-01-01
21036	Granada de Río-Tinto, La	21	2021-01-01
21037	Granado, El	21	2021-01-01
21038	Higuera de la Sierra	21	2021-01-01
21039	Hinojales	21	2021-01-01
21040	Hinojos	21	2021-01-01
21041	Huelva	21	2021-01-01
21042	Isla Cristina	21	2021-01-01
21043	Jabugo	21	2021-01-01
21044	Lepe	21	2021-01-01
21045	Linares de la Sierra	21	2021-01-01
21046	Lucena del Puerto	21	2021-01-01
21047	Manzanilla	21	2021-01-01
21048	Marines, Los	21	2021-01-01
21049	Minas de Riotinto	21	2021-01-01
21050	Moguer	21	2021-01-01
21051	Nava, La	21	2021-01-01
21052	Nerva	21	2021-01-01
21053	Niebla	21	2021-01-01
21054	Palma del Condado, La	21	2021-01-01
21055	Palos de la Frontera	21	2021-01-01
21056	Paterna del Campo	21	2021-01-01
21057	Paymogo	21	2021-01-01
21058	Puebla de Guzmán	21	2021-01-01
21059	Puerto Moral	21	2021-01-01
21060	Punta Umbría	21	2021-01-01
21061	Rociana del Condado	21	2021-01-01
21062	Rosal de la Frontera	21	2021-01-01
21063	San Bartolomé de la Torre	21	2021-01-01
21064	San Juan del Puerto	21	2021-01-01
21065	Sanlúcar de Guadiana	21	2021-01-01
21066	San Silvestre de Guzmán	21	2021-01-01
21067	Santa Ana la Real	21	2021-01-01
21068	Santa Bárbara de Casa	21	2021-01-01
21069	Santa Olalla del Cala	21	2021-01-01
21070	Trigueros	21	2021-01-01
21071	Valdelarco	21	2021-01-01
21072	Valverde del Camino	21	2021-01-01
21073	Villablanca	21	2021-01-01
21074	Villalba del Alcor	21	2021-01-01
21075	Villanueva de las Cruces	21	2021-01-01
21076	Villanueva de los Castillejos	21	2021-01-01
21077	Villarrasa	21	2021-01-01
21078	Zalamea la Real	21	2021-01-01
21079	Zufre	21	2021-01-01
21902	Zarza-Perrunal, La	21	2021-01-01
22001	Abiego	22	2021-01-01
22002	Abizanda	22	2021-01-01
22003	Adahuesca	22	2021-01-01
22004	Agüero	22	2021-01-01
22006	Aisa	22	2021-01-01
22007	Albalate de Cinca	22	2021-01-01
22008	Albalatillo	22	2021-01-01
22009	Albelda	22	2021-01-01
22011	Albero Alto	22	2021-01-01
22012	Albero Bajo	22	2021-01-01
22013	Alberuela de Tubo	22	2021-01-01
22014	Alcalá de Gurrea	22	2021-01-01
22015	Alcalá del Obispo	22	2021-01-01
22016	Alcampell	22	2021-01-01
22017	Alcolea de Cinca	22	2021-01-01
22018	Alcubierre	22	2021-01-01
22019	Alerre	22	2021-01-01
22020	Alfántega	22	2021-01-01
22021	Almudévar	22	2021-01-01
22022	Almunia de San Juan	22	2021-01-01
22023	Almuniente	22	2021-01-01
22024	Alquézar	22	2021-01-01
22025	Altorricón	22	2021-01-01
22027	Angüés	22	2021-01-01
22028	Ansó	22	2021-01-01
22029	Antillón	22	2021-01-01
22032	Aragüés del Puerto	22	2021-01-01
22035	Arén	22	2021-01-01
22036	Argavieso	22	2021-01-01
22037	Arguis	22	2021-01-01
22039	Ayerbe	22	2021-01-01
22040	Azanuy-Alins	22	2021-01-01
22041	Azara	22	2021-01-01
22042	Azlor	22	2021-01-01
22043	Baélls	22	2021-01-01
22044	Bailo	22	2021-01-01
22045	Baldellou	22	2021-01-01
22046	Ballobar	22	2021-01-01
22047	Banastás	22	2021-01-01
22048	Barbastro	22	2021-01-01
22049	Barbués	22	2021-01-01
22050	Barbuñales	22	2021-01-01
22051	Bárcabo	22	2021-01-01
22052	Belver de Cinca	22	2021-01-01
22053	Benabarre	22	2021-01-01
22054	Benasque	22	2021-01-01
22055	Berbegal	22	2021-01-01
22057	Bielsa	22	2021-01-01
22058	Bierge	22	2021-01-01
22059	Biescas	22	2021-01-01
22060	Binaced	22	2021-01-01
22061	Binéfar	22	2021-01-01
22062	Bisaurri	22	2021-01-01
22063	Biscarrués	22	2021-01-01
22064	Blecua y Torres	22	2021-01-01
22066	Boltaña	22	2021-01-01
22067	Bonansa	22	2021-01-01
22068	Borau	22	2021-01-01
22069	Broto	22	2021-01-01
22072	Caldearenas	22	2021-01-01
22074	Campo	22	2021-01-01
22075	Camporrélls	22	2021-01-01
22076	Canal de Berdún	22	2021-01-01
22077	Candasnos	22	2021-01-01
22078	Canfranc	22	2021-01-01
22079	Capdesaso	22	2021-01-01
22080	Capella	22	2021-01-01
22081	Casbas de Huesca	22	2021-01-01
22082	Castejón del Puente	22	2021-01-01
22083	Castejón de Monegros	22	2021-01-01
22084	Castejón de Sos	22	2021-01-01
22085	Castelflorite	22	2021-01-01
22086	Castiello de Jaca	22	2021-01-01
22087	Castigaleu	22	2021-01-01
22088	Castillazuelo	22	2021-01-01
22089	Castillonroy	22	2021-01-01
22090	Colungo	22	2021-01-01
22094	Chalamera	22	2021-01-01
22095	Chía	22	2021-01-01
22096	Chimillas	22	2021-01-01
22099	Esplús	22	2021-01-01
22102	Estada	22	2021-01-01
22103	Estadilla	22	2021-01-01
22105	Estopiñán del Castillo	22	2021-01-01
22106	Fago	22	2021-01-01
22107	Fanlo	22	2021-01-01
22109	Fiscal	22	2021-01-01
22110	Fonz	22	2021-01-01
22111	Foradada del Toscar	22	2021-01-01
22112	Fraga	22	2021-01-01
22113	Fueva, La	22	2021-01-01
22114	Gistaín	22	2021-01-01
22115	Grado, El	22	2021-01-01
22116	Grañén	22	2021-01-01
22117	Graus	22	2021-01-01
22119	Gurrea de Gállego	22	2021-01-01
22122	Hoz de Jaca	22	2021-01-01
22124	Huerto	22	2021-01-01
22125	Huesca	22	2021-01-01
22126	Ibieca	22	2021-01-01
22127	Igriés	22	2021-01-01
22128	Ilche	22	2021-01-01
22129	Isábena	22	2021-01-01
22130	Jaca	22	2021-01-01
22131	Jasa	22	2021-01-01
22133	Labuerda	22	2021-01-01
22135	Laluenga	22	2021-01-01
22136	Lalueza	22	2021-01-01
22137	Lanaja	22	2021-01-01
22139	Laperdiguera	22	2021-01-01
22141	Lascellas-Ponzano	22	2021-01-01
22142	Lascuarre	22	2021-01-01
22143	Laspaúles	22	2021-01-01
22144	Laspuña	22	2021-01-01
22149	Loarre	22	2021-01-01
22150	Loporzano	22	2021-01-01
22151	Loscorrales	22	2021-01-01
22155	Monesma y Cajigar	22	2021-01-01
22156	Monflorite-Lascasas	22	2021-01-01
22157	Montanuy	22	2021-01-01
22158	Monzón	22	2021-01-01
22160	Naval	22	2021-01-01
22162	Novales	22	2021-01-01
22163	Nueno	22	2021-01-01
22164	Olvena	22	2021-01-01
22165	Ontiñena	22	2021-01-01
22167	Osso de Cinca	22	2021-01-01
22168	Palo	22	2021-01-01
22170	Panticosa	22	2021-01-01
22172	Peñalba	22	2021-01-01
22173	Peñas de Riglos, Las	22	2021-01-01
22174	Peralta de Alcofea	22	2021-01-01
22175	Peralta de Calasanz	22	2021-01-01
22176	Peraltilla	22	2021-01-01
22177	Perarrúa	22	2021-01-01
22178	Pertusa	22	2021-01-01
22181	Piracés	22	2021-01-01
22182	Plan	22	2021-01-01
22184	Poleñino	22	2021-01-01
22186	Pozán de Vero	22	2021-01-01
22187	Puebla de Castro, La	22	2021-01-01
22188	Puente de Montañana	22	2021-01-01
22189	Puértolas	22	2021-01-01
22190	Pueyo de Araguás, El	22	2021-01-01
22193	Pueyo de Santa Cruz	22	2021-01-01
22195	Quicena	22	2021-01-01
22197	Robres	22	2021-01-01
22199	Sabiñánigo	22	2021-01-01
22200	Sahún	22	2021-01-01
22201	Salas Altas	22	2021-01-01
22202	Salas Bajas	22	2021-01-01
22203	Salillas	22	2021-01-01
22204	Sallent de Gállego	22	2021-01-01
22205	San Esteban de Litera	22	2021-01-01
22206	Sangarrén	22	2021-01-01
22207	San Juan de Plan	22	2021-01-01
22208	Santa Cilia	22	2021-01-01
22209	Santa Cruz de la Serós	22	2021-01-01
22212	Santaliestra y San Quílez	22	2021-01-01
22213	Sariñena	22	2021-01-01
22214	Secastilla	22	2021-01-01
22215	Seira	22	2021-01-01
22217	Sena	22	2021-01-01
22218	Senés de Alcubierre	22	2021-01-01
22220	Sesa	22	2021-01-01
22221	Sesué	22	2021-01-01
22222	Siétamo	22	2021-01-01
22223	Sopeira	22	2021-01-01
22225	Tamarite de Litera	22	2021-01-01
22226	Tardienta	22	2021-01-01
22227	Tella-Sin	22	2021-01-01
22228	Tierz	22	2021-01-01
22229	Tolva	22	2021-01-01
22230	Torla-Ordesa	22	2021-01-01
22232	Torralba de Aragón	22	2021-01-01
22233	Torre la Ribera	22	2021-01-01
22234	Torrente de Cinca	22	2021-01-01
22235	Torres de Alcanadre	22	2021-01-01
22236	Torres de Barbués	22	2021-01-01
22239	Tramaced	22	2021-01-01
22242	Valfarta	22	2021-01-01
22243	Valle de Bardají	22	2021-01-01
22244	Valle de Lierp	22	2021-01-01
22245	Velilla de Cinca	22	2021-01-01
22246	Beranuy	22	2021-01-01
22247	Viacamp y Litera	22	2021-01-01
22248	Vicién	22	2021-01-01
22249	Villanova	22	2021-01-01
22250	Villanúa	22	2021-01-01
22251	Villanueva de Sigena	22	2021-01-01
22252	Yebra de Basa	22	2021-01-01
22253	Yésero	22	2021-01-01
22254	Zaidín	22	2021-01-01
22901	Valle de Hecho	22	2021-01-01
22902	Puente la Reina de Jaca	22	2021-01-01
22903	San Miguel del Cinca	22	2021-01-01
22904	Sotonera, La	22	2021-01-01
22905	Lupiñén-Ortilla	22	2021-01-01
22906	Santa María de Dulcis	22	2021-01-01
22907	Aínsa-Sobrarbe	22	2021-01-01
22908	Hoz y Costean	22	2021-01-01
22909	Vencillón	22	2021-01-01
23001	Albanchez de Mágina	23	2021-01-01
23002	Alcalá la Real	23	2021-01-01
23003	Alcaudete	23	2021-01-01
23004	Aldeaquemada	23	2021-01-01
23005	Andújar	23	2021-01-01
23006	Arjona	23	2021-01-01
23007	Arjonilla	23	2021-01-01
23008	Arquillos	23	2021-01-01
23009	Baeza	23	2021-01-01
23010	Bailén	23	2021-01-01
23011	Baños de la Encina	23	2021-01-01
23012	Beas de Segura	23	2021-01-01
23014	Begíjar	23	2021-01-01
23015	Bélmez de la Moraleda	23	2021-01-01
23016	Benatae	23	2021-01-01
23017	Cabra del Santo Cristo	23	2021-01-01
23018	Cambil	23	2021-01-01
23019	Campillo de Arenas	23	2021-01-01
23020	Canena	23	2021-01-01
23021	Carboneros	23	2021-01-01
23024	Carolina, La	23	2021-01-01
23025	Castellar	23	2021-01-01
23026	Castillo de Locubín	23	2021-01-01
23027	Cazalilla	23	2021-01-01
23028	Cazorla	23	2021-01-01
23029	Chiclana de Segura	23	2021-01-01
23030	Chilluévar	23	2021-01-01
23031	Escañuela	23	2021-01-01
23032	Espeluy	23	2021-01-01
23033	Frailes	23	2021-01-01
23034	Fuensanta de Martos	23	2021-01-01
23035	Fuerte del Rey	23	2021-01-01
23037	Génave	23	2021-01-01
23038	Guardia de Jaén, La	23	2021-01-01
23039	Guarromán	23	2021-01-01
23040	Lahiguera	23	2021-01-01
23041	Higuera de Calatrava	23	2021-01-01
23042	Hinojares	23	2021-01-01
23043	Hornos	23	2021-01-01
23044	Huelma	23	2021-01-01
23045	Huesa	23	2021-01-01
23046	Ibros	23	2021-01-01
23047	Iruela, La	23	2021-01-01
23048	Iznatoraf	23	2021-01-01
23049	Jabalquinto	23	2021-01-01
23050	Jaén	23	2021-01-01
23051	Jamilena	23	2021-01-01
23052	Jimena	23	2021-01-01
23053	Jódar	23	2021-01-01
23054	Larva	23	2021-01-01
23055	Linares	23	2021-01-01
23056	Lopera	23	2021-01-01
23057	Lupión	23	2021-01-01
23058	Mancha Real	23	2021-01-01
23059	Marmolejo	23	2021-01-01
23060	Martos	23	2021-01-01
23061	Mengíbar	23	2021-01-01
23062	Montizón	23	2021-01-01
23063	Navas de San Juan	23	2021-01-01
23064	Noalejo	23	2021-01-01
23065	Orcera	23	2021-01-01
23066	Peal de Becerro	23	2021-01-01
23067	Pegalajar	23	2021-01-01
23069	Porcuna	23	2021-01-01
23070	Pozo Alcón	23	2021-01-01
23071	Puente de Génave	23	2021-01-01
23072	Puerta de Segura, La	23	2021-01-01
23073	Quesada	23	2021-01-01
23074	Rus	23	2021-01-01
23075	Sabiote	23	2021-01-01
23076	Santa Elena	23	2021-01-01
23077	Santiago de Calatrava	23	2021-01-01
23079	Santisteban del Puerto	23	2021-01-01
23080	Santo Tomé	23	2021-01-01
23081	Segura de la Sierra	23	2021-01-01
23082	Siles	23	2021-01-01
23084	Sorihuela del Guadalimar	23	2021-01-01
23085	Torreblascopedro	23	2021-01-01
23086	Torredelcampo	23	2021-01-01
23087	Torredonjimeno	23	2021-01-01
23088	Torreperogil	23	2021-01-01
23090	Torres	23	2021-01-01
23091	Torres de Albánchez	23	2021-01-01
23092	Úbeda	23	2021-01-01
23093	Valdepeñas de Jaén	23	2021-01-01
23094	Vilches	23	2021-01-01
23095	Villacarrillo	23	2021-01-01
23096	Villanueva de la Reina	23	2021-01-01
23097	Villanueva del Arzobispo	23	2021-01-01
23098	Villardompardo	23	2021-01-01
23099	Villares, Los	23	2021-01-01
23101	Villarrodrigo	23	2021-01-01
23901	Cárcheles	23	2021-01-01
23902	Bedmar y Garcíez	23	2021-01-01
23903	Villatorres	23	2021-01-01
23904	Santiago-Pontones	23	2021-01-01
23905	Arroyo del Ojanco	23	2021-01-01
24001	Acebedo	24	2021-01-01
24002	Algadefe	24	2021-01-01
24003	Alija del Infantado	24	2021-01-01
24004	Almanza	24	2021-01-01
24005	Antigua, La	24	2021-01-01
24006	Ardón	24	2021-01-01
24007	Arganza	24	2021-01-01
24008	Astorga	24	2021-01-01
24009	Balboa	24	2021-01-01
24010	Bañeza, La	24	2021-01-01
24011	Barjas	24	2021-01-01
24012	Barrios de Luna, Los	24	2021-01-01
24014	Bembibre	24	2021-01-01
24015	Benavides	24	2021-01-01
24016	Benuza	24	2021-01-01
24017	Bercianos del Páramo	24	2021-01-01
24018	Bercianos del Real Camino	24	2021-01-01
24019	Berlanga del Bierzo	24	2021-01-01
24020	Boca de Huérgano	24	2021-01-01
24021	Boñar	24	2021-01-01
24022	Borrenes	24	2021-01-01
24023	Brazuelo	24	2021-01-01
24024	Burgo Ranero, El	24	2021-01-01
24025	Burón	24	2021-01-01
24026	Bustillo del Páramo	24	2021-01-01
24027	Cabañas Raras	24	2021-01-01
24028	Cabreros del Río	24	2021-01-01
24029	Cabrillanes	24	2021-01-01
24030	Cacabelos	24	2021-01-01
24031	Calzada del Coto	24	2021-01-01
24032	Campazas	24	2021-01-01
24033	Campo de Villavidel	24	2021-01-01
24034	Camponaraya	24	2021-01-01
24036	Valle de Ancares	24	2021-01-01
24037	Cármenes	24	2021-01-01
24038	Carracedelo	24	2021-01-01
24039	Carrizo	24	2021-01-01
24040	Carrocera	24	2021-01-01
24041	Carucedo	24	2021-01-01
24042	Castilfalé	24	2021-01-01
24043	Castrillo de Cabrera	24	2021-01-01
24044	Castrillo de la Valduerna	24	2021-01-01
24046	Castrocalbón	24	2021-01-01
24047	Castrocontrigo	24	2021-01-01
24049	Castropodame	24	2021-01-01
24050	Castrotierra de Valmadrigal	24	2021-01-01
24051	Cea	24	2021-01-01
24052	Cebanico	24	2021-01-01
24053	Cebrones del Río	24	2021-01-01
24054	Cimanes de la Vega	24	2021-01-01
24055	Cimanes del Tejar	24	2021-01-01
24056	Cistierna	24	2021-01-01
24057	Congosto	24	2021-01-01
24058	Corbillos de los Oteros	24	2021-01-01
24059	Corullón	24	2021-01-01
24060	Crémenes	24	2021-01-01
24061	Cuadros	24	2021-01-01
24062	Cubillas de los Oteros	24	2021-01-01
24063	Cubillas de Rueda	24	2021-01-01
24064	Cubillos del Sil	24	2021-01-01
24065	Chozas de Abajo	24	2021-01-01
24066	Destriana	24	2021-01-01
24067	Encinedo	24	2021-01-01
24068	Ercina, La	24	2021-01-01
24069	Escobar de Campos	24	2021-01-01
24070	Fabero	24	2021-01-01
24071	Folgoso de la Ribera	24	2021-01-01
24073	Fresno de la Vega	24	2021-01-01
24074	Fuentes de Carbajal	24	2021-01-01
24076	Garrafe de Torío	24	2021-01-01
24077	Gordaliza del Pino	24	2021-01-01
24078	Gordoncillo	24	2021-01-01
24079	Gradefes	24	2021-01-01
24080	Grajal de Campos	24	2021-01-01
24081	Gusendos de los Oteros	24	2021-01-01
24082	Hospital de Órbigo	24	2021-01-01
24083	Igüeña	24	2021-01-01
24084	Izagre	24	2021-01-01
24086	Joarilla de las Matas	24	2021-01-01
24087	Laguna Dalga	24	2021-01-01
24088	Laguna de Negrillos	24	2021-01-01
24089	León	24	2021-01-01
24090	Lucillo	24	2021-01-01
24091	Luyego	24	2021-01-01
24092	Llamas de la Ribera	24	2021-01-01
24093	Magaz de Cepeda	24	2021-01-01
24094	Mansilla de las Mulas	24	2021-01-01
24095	Mansilla Mayor	24	2021-01-01
24096	Maraña	24	2021-01-01
24097	Matadeón de los Oteros	24	2021-01-01
24098	Matallana de Torío	24	2021-01-01
24099	Matanza	24	2021-01-01
24100	Molinaseca	24	2021-01-01
24101	Murias de Paredes	24	2021-01-01
24102	Noceda del Bierzo	24	2021-01-01
24103	Oencia	24	2021-01-01
24104	Omañas, Las	24	2021-01-01
24105	Onzonilla	24	2021-01-01
24106	Oseja de Sajambre	24	2021-01-01
24107	Pajares de los Oteros	24	2021-01-01
24108	Palacios de la Valduerna	24	2021-01-01
24109	Palacios del Sil	24	2021-01-01
24110	Páramo del Sil	24	2021-01-01
24112	Peranzanes	24	2021-01-01
24113	Pobladura de Pelayo García	24	2021-01-01
24114	Pola de Gordón, La	24	2021-01-01
24115	Ponferrada	24	2021-01-01
24116	Posada de Valdeón	24	2021-01-01
24117	Pozuelo del Páramo	24	2021-01-01
24118	Prado de la Guzpeña	24	2021-01-01
24119	Priaranza del Bierzo	24	2021-01-01
24120	Prioro	24	2021-01-01
24121	Puebla de Lillo	24	2021-01-01
24122	Puente de Domingo Flórez	24	2021-01-01
24123	Quintana del Castillo	24	2021-01-01
24124	Quintana del Marco	24	2021-01-01
24125	Quintana y Congosto	24	2021-01-01
24127	Regueras de Arriba	24	2021-01-01
24129	Reyero	24	2021-01-01
24130	Riaño	24	2021-01-01
24131	Riego de la Vega	24	2021-01-01
24132	Riello	24	2021-01-01
24133	Rioseco de Tapia	24	2021-01-01
24134	Robla, La	24	2021-01-01
24136	Roperuelos del Páramo	24	2021-01-01
24137	Sabero	24	2021-01-01
24139	Sahagún	24	2021-01-01
24141	San Adrián del Valle	24	2021-01-01
24142	San Andrés del Rabanedo	24	2021-01-01
24143	Sancedo	24	2021-01-01
24144	San Cristóbal de la Polantera	24	2021-01-01
24145	San Emiliano	24	2021-01-01
24146	San Esteban de Nogales	24	2021-01-01
24148	San Justo de la Vega	24	2021-01-01
24149	San Millán de los Caballeros	24	2021-01-01
24150	San Pedro Bercianos	24	2021-01-01
24151	Santa Colomba de Curueño	24	2021-01-01
24152	Santa Colomba de Somoza	24	2021-01-01
24153	Santa Cristina de Valmadrigal	24	2021-01-01
24154	Santa Elena de Jamuz	24	2021-01-01
24155	Santa María de la Isla	24	2021-01-01
24156	Santa María del Monte de Cea	24	2021-01-01
24157	Santa María del Páramo	24	2021-01-01
24158	Santa María de Ordás	24	2021-01-01
24159	Santa Marina del Rey	24	2021-01-01
24160	Santas Martas	24	2021-01-01
24161	Santiago Millas	24	2021-01-01
24162	Santovenia de la Valdoncina	24	2021-01-01
24163	Sariegos	24	2021-01-01
24164	Sena de Luna	24	2021-01-01
24165	Sobrado	24	2021-01-01
24166	Soto de la Vega	24	2021-01-01
24167	Soto y Amío	24	2021-01-01
24168	Toral de los Guzmanes	24	2021-01-01
24169	Toreno	24	2021-01-01
24170	Torre del Bierzo	24	2021-01-01
24171	Trabadelo	24	2021-01-01
24172	Truchas	24	2021-01-01
24173	Turcia	24	2021-01-01
24174	Urdiales del Páramo	24	2021-01-01
24175	Valdefresno	24	2021-01-01
24176	Valdefuentes del Páramo	24	2021-01-01
24177	Valdelugueros	24	2021-01-01
24178	Valdemora	24	2021-01-01
24179	Valdepiélago	24	2021-01-01
24180	Valdepolo	24	2021-01-01
24181	Valderas	24	2021-01-01
24182	Valderrey	24	2021-01-01
24183	Valderrueda	24	2021-01-01
24184	Valdesamario	24	2021-01-01
24185	Val de San Lorenzo	24	2021-01-01
24187	Valdevimbre	24	2021-01-01
24188	Valencia de Don Juan	24	2021-01-01
24189	Valverde de la Virgen	24	2021-01-01
24190	Valverde-Enrique	24	2021-01-01
24191	Vallecillo	24	2021-01-01
24193	Vecilla, La	24	2021-01-01
24194	Vegacervera	24	2021-01-01
24196	Vega de Espinareda	24	2021-01-01
24197	Vega de Infanzones	24	2021-01-01
24198	Vega de Valcarce	24	2021-01-01
24199	Vegaquemada	24	2021-01-01
24201	Vegas del Condado	24	2021-01-01
24202	Villablino	24	2021-01-01
24203	Villabraz	24	2021-01-01
24205	Villadangos del Páramo	24	2021-01-01
24206	Toral de los Vados	24	2021-01-01
24207	Villademor de la Vega	24	2021-01-01
24209	Villafranca del Bierzo	24	2021-01-01
24210	Villagatón	24	2021-01-01
24211	Villamandos	24	2021-01-01
24212	Villamañán	24	2021-01-01
24213	Villamartín de Don Sancho	24	2021-01-01
24214	Villamejil	24	2021-01-01
24215	Villamol	24	2021-01-01
24216	Villamontán de la Valduerna	24	2021-01-01
24217	Villamoratiel de las Matas	24	2021-01-01
24218	Villanueva de las Manzanas	24	2021-01-01
24219	Villaobispo de Otero	24	2021-01-01
24221	Villaquejida	24	2021-01-01
24222	Villaquilambre	24	2021-01-01
24223	Villarejo de Órbigo	24	2021-01-01
24224	Villares de Órbigo	24	2021-01-01
24225	Villasabariego	24	2021-01-01
24226	Villaselán	24	2021-01-01
24227	Villaturiel	24	2021-01-01
24228	Villazala	24	2021-01-01
24229	Villazanzo de Valderaduey	24	2021-01-01
24230	Zotes del Páramo	24	2021-01-01
24901	Villamanín	24	2021-01-01
24902	Villaornate y Castro	24	2021-01-01
25001	Abella de la Conca	25	2021-01-01
25002	Àger	25	2021-01-01
25003	Agramunt	25	2021-01-01
25004	Alamús, Els	25	2021-01-01
25005	Alàs i Cerc	25	2021-01-01
25006	Albagés, L'	25	2021-01-01
25007	Albatàrrec	25	2021-01-01
25008	Albesa	25	2021-01-01
25009	Albi, L'	25	2021-01-01
25010	Alcanó	25	2021-01-01
25011	Alcarràs	25	2021-01-01
25012	Alcoletge	25	2021-01-01
25013	Alfarràs	25	2021-01-01
25014	Alfés	25	2021-01-01
25015	Algerri	25	2021-01-01
25016	Alguaire	25	2021-01-01
25017	Alins	25	2021-01-01
25019	Almacelles	25	2021-01-01
25020	Almatret	25	2021-01-01
25021	Almenar	25	2021-01-01
25022	Alòs de Balaguer	25	2021-01-01
25023	Alpicat	25	2021-01-01
25024	Alt Àneu	25	2021-01-01
25025	Naut Aran	25	2021-01-01
25027	Anglesola	25	2021-01-01
25029	Arbeca	25	2021-01-01
25030	Pont de Bar, El	25	2021-01-01
25031	Arres	25	2021-01-01
25032	Arsèguel	25	2021-01-01
25033	Artesa de Lleida	25	2021-01-01
25034	Artesa de Segre	25	2021-01-01
25035	Sentiu de Sió, La	25	2021-01-01
25036	Aspa	25	2021-01-01
25037	Avellanes i Santa Linya, Les	25	2021-01-01
25038	Aitona	25	2021-01-01
25039	Baix Pallars	25	2021-01-01
25040	Balaguer	25	2021-01-01
25041	Barbens	25	2021-01-01
25042	Baronia de Rialb, La	25	2021-01-01
25043	Vall de Boí, La	25	2021-01-01
25044	Bassella	25	2021-01-01
25045	Bausen	25	2021-01-01
25046	Belianes	25	2021-01-01
25047	Bellcaire d'Urgell	25	2021-01-01
25048	Bell-lloc d'Urgell	25	2021-01-01
25049	Bellmunt d'Urgell	25	2021-01-01
25050	Bellpuig	25	2021-01-01
25051	Bellver de Cerdanya	25	2021-01-01
25052	Bellvís	25	2021-01-01
25053	Benavent de Segrià	25	2021-01-01
25055	Biosca	25	2021-01-01
25056	Bovera	25	2021-01-01
25057	Bòrdes, Es	25	2021-01-01
25058	Borges Blanques, Les	25	2021-01-01
25059	Bossòst	25	2021-01-01
25060	Cabanabona	25	2021-01-01
25061	Cabó	25	2021-01-01
25062	Camarasa	25	2021-01-01
25063	Canejan	25	2021-01-01
25064	Castellar de la Ribera	25	2021-01-01
25067	Castelldans	25	2021-01-01
25068	Castellnou de Seana	25	2021-01-01
25069	Castelló de Farfanya	25	2021-01-01
25070	Castellserà	25	2021-01-01
25071	Cava	25	2021-01-01
25072	Cervera	25	2021-01-01
25073	Cervià de les Garrigues	25	2021-01-01
25074	Ciutadilla	25	2021-01-01
25075	Clariana de Cardener	25	2021-01-01
25076	Cogul, El	25	2021-01-01
25077	Coll de Nargó	25	2021-01-01
25078	Corbins	25	2021-01-01
25079	Cubells	25	2021-01-01
25081	Espluga Calba, L'	25	2021-01-01
25082	Espot	25	2021-01-01
25085	Estaràs	25	2021-01-01
25086	Esterri d'Àneu	25	2021-01-01
25087	Esterri de Cardós	25	2021-01-01
25088	Estamariu	25	2021-01-01
25089	Farrera	25	2021-01-01
25092	Floresta, La	25	2021-01-01
25093	Fondarella	25	2021-01-01
25094	Foradada	25	2021-01-01
25096	Fuliola, La	25	2021-01-01
25097	Fulleda	25	2021-01-01
25098	Gavet de la Conca	25	2021-01-01
25099	Golmés	25	2021-01-01
25100	Gósol	25	2021-01-01
25101	Granadella, La	25	2021-01-01
25102	Granja d'Escarp, La	25	2021-01-01
25103	Granyanella	25	2021-01-01
25104	Granyena de Segarra	25	2021-01-01
25105	Granyena de les Garrigues	25	2021-01-01
25109	Guimerà	25	2021-01-01
25110	Guissona	25	2021-01-01
25111	Guixers	25	2021-01-01
25112	Ivars de Noguera	25	2021-01-01
25113	Ivars d'Urgell	25	2021-01-01
25114	Ivorra	25	2021-01-01
25115	Isona i Conca Dellà	25	2021-01-01
25118	Juncosa	25	2021-01-01
25119	Juneda	25	2021-01-01
25120	Lleida	25	2021-01-01
25121	Les	25	2021-01-01
25122	Linyola	25	2021-01-01
25123	Lladorre	25	2021-01-01
25124	Lladurs	25	2021-01-01
25125	Llardecans	25	2021-01-01
25126	Llavorsí	25	2021-01-01
25127	Lles de Cerdanya	25	2021-01-01
25128	Llimiana	25	2021-01-01
25129	Llobera	25	2021-01-01
25130	Maldà	25	2021-01-01
25131	Massalcoreig	25	2021-01-01
25132	Massoteres	25	2021-01-01
25133	Maials	25	2021-01-01
25134	Menàrguens	25	2021-01-01
25135	Miralcamp	25	2021-01-01
25136	Molsosa, La	25	2021-01-01
25137	Mollerussa	25	2021-01-01
25138	Montgai	25	2021-01-01
25139	Montellà i Martinet	25	2021-01-01
25140	Montferrer i Castellbò	25	2021-01-01
25141	Montoliu de Segarra	25	2021-01-01
25142	Montoliu de Lleida	25	2021-01-01
25143	Montornès de Segarra	25	2021-01-01
25145	Nalec	25	2021-01-01
25146	Navès	25	2021-01-01
25148	Odèn	25	2021-01-01
25149	Oliana	25	2021-01-01
25150	Oliola	25	2021-01-01
25151	Olius	25	2021-01-01
25152	Oluges, Les	25	2021-01-01
25153	Omellons, Els	25	2021-01-01
25154	Omells de na Gaia, Els	25	2021-01-01
25155	Organyà	25	2021-01-01
25156	Os de Balaguer	25	2021-01-01
25157	Ossó de Sió	25	2021-01-01
25158	Palau d'Anglesola, El	25	2021-01-01
25161	Conca de Dalt	25	2021-01-01
25163	Coma i la Pedra, La	25	2021-01-01
25164	Penelles	25	2021-01-01
25165	Peramola	25	2021-01-01
25166	Pinell de Solsonès	25	2021-01-01
25167	Pinós	25	2021-01-01
25168	Poal, El	25	2021-01-01
25169	Pobla de Cérvoles, La	25	2021-01-01
25170	Bellaguarda	25	2021-01-01
25171	Pobla de Segur, La	25	2021-01-01
25172	Ponts	25	2021-01-01
25173	Pont de Suert, El	25	2021-01-01
25174	Portella, La	25	2021-01-01
25175	Prats i Sansor	25	2021-01-01
25176	Preixana	25	2021-01-01
25177	Preixens	25	2021-01-01
25179	Prullans	25	2021-01-01
25180	Puiggròs	25	2021-01-01
25181	Puigverd d'Agramunt	25	2021-01-01
25182	Puigverd de Lleida	25	2021-01-01
25183	Rialp	25	2021-01-01
25185	Ribera d'Urgellet	25	2021-01-01
25186	Riner	25	2021-01-01
25189	Rosselló	25	2021-01-01
25190	Salàs de Pallars	25	2021-01-01
25191	Sanaüja	25	2021-01-01
25192	Sant Guim de Freixenet	25	2021-01-01
25193	Sant Llorenç de Morunys	25	2021-01-01
25194	Sant Ramon	25	2021-01-01
25196	Sant Esteve de la Sarga	25	2021-01-01
25197	Sant Guim de la Plana	25	2021-01-01
25200	Sarroca de Lleida	25	2021-01-01
25201	Sarroca de Bellera	25	2021-01-01
25202	Senterada	25	2021-01-01
25203	Seu d'Urgell, La	25	2021-01-01
25204	Seròs	25	2021-01-01
25205	Sidamon	25	2021-01-01
25206	Soleràs, El	25	2021-01-01
25207	Solsona	25	2021-01-01
25208	Soriguera	25	2021-01-01
25209	Sort	25	2021-01-01
25210	Soses	25	2021-01-01
25211	Sudanell	25	2021-01-01
25212	Sunyer	25	2021-01-01
25215	Talarn	25	2021-01-01
25216	Talavera	25	2021-01-01
25217	Tàrrega	25	2021-01-01
25218	Tarrés	25	2021-01-01
25219	Tarroja de Segarra	25	2021-01-01
25220	Térmens	25	2021-01-01
25221	Tírvia	25	2021-01-01
25222	Tiurana	25	2021-01-01
25223	Torà	25	2021-01-01
25224	Torms, Els	25	2021-01-01
25225	Tornabous	25	2021-01-01
25226	Torrebesses	25	2021-01-01
25227	Torre de Cabdella, La	25	2021-01-01
25228	Torrefarrera	25	2021-01-01
25230	Torregrossa	25	2021-01-01
25231	Torrelameu	25	2021-01-01
25232	Torres de Segre	25	2021-01-01
25233	Torre-serona	25	2021-01-01
25234	Tremp	25	2021-01-01
25238	Vallbona de les Monges	25	2021-01-01
25239	Valls de Valira, Les	25	2021-01-01
25240	Vallfogona de Balaguer	25	2021-01-01
25242	Verdú	25	2021-01-01
25243	Vielha e Mijaran	25	2021-01-01
25244	Vilagrassa	25	2021-01-01
25245	Vilaller	25	2021-01-01
25247	Vilamòs	25	2021-01-01
25248	Vilanova de Bellpuig	25	2021-01-01
25249	Vilanova de l'Aguda	25	2021-01-01
25250	Vilanova de Meià	25	2021-01-01
25251	Vilanova de Segrià	25	2021-01-01
25252	Vila-sana	25	2021-01-01
25253	Vilosell, El	25	2021-01-01
25254	Vilanova de la Barca	25	2021-01-01
25255	Vinaixa	25	2021-01-01
25901	Vall de Cardós	25	2021-01-01
25902	Sant Martí de Riucorb	25	2021-01-01
25903	Guingueta d'Àneu, La	25	2021-01-01
25904	Castell de Mur	25	2021-01-01
25905	Ribera d'Ondara	25	2021-01-01
25906	Valls d'Aguilar, Les	25	2021-01-01
25907	Torrefeta i Florejacs	25	2021-01-01
25908	Fígols i Alinyà	25	2021-01-01
25909	Vansa i Fórnols, La	25	2021-01-01
25910	Josa i Tuixén	25	2021-01-01
25911	Plans de Sió, Els	25	2021-01-01
25912	Gimenells i el Pla de la Font	25	2021-01-01
25913	Riu de Cerdanya	25	2021-01-01
26001	Ábalos	26	2021-01-01
26002	Agoncillo	26	2021-01-01
26003	Aguilar del Río Alhama	26	2021-01-01
26004	Ajamil de Cameros	26	2021-01-01
26005	Albelda de Iregua	26	2021-01-01
26006	Alberite	26	2021-01-01
26007	Alcanadre	26	2021-01-01
26008	Aldeanueva de Ebro	26	2021-01-01
26009	Alesanco	26	2021-01-01
26010	Alesón	26	2021-01-01
26011	Alfaro	26	2021-01-01
26012	Almarza de Cameros	26	2021-01-01
26013	Anguciana	26	2021-01-01
26014	Anguiano	26	2021-01-01
26015	Arenzana de Abajo	26	2021-01-01
26016	Arenzana de Arriba	26	2021-01-01
26017	Arnedillo	26	2021-01-01
26018	Arnedo	26	2021-01-01
26019	Arrúbal	26	2021-01-01
26020	Ausejo	26	2021-01-01
26021	Autol	26	2021-01-01
26022	Azofra	26	2021-01-01
26023	Badarán	26	2021-01-01
26024	Bañares	26	2021-01-01
26025	Baños de Rioja	26	2021-01-01
26026	Baños de Río Tobía	26	2021-01-01
26027	Berceo	26	2021-01-01
26028	Bergasa	26	2021-01-01
26029	Bergasillas Bajera	26	2021-01-01
26030	Bezares	26	2021-01-01
26031	Bobadilla	26	2021-01-01
26032	Brieva de Cameros	26	2021-01-01
26033	Briñas	26	2021-01-01
26034	Briones	26	2021-01-01
26035	Cabezón de Cameros	26	2021-01-01
26036	Calahorra	26	2021-01-01
26037	Camprovín	26	2021-01-01
26038	Canales de la Sierra	26	2021-01-01
26039	Canillas de Río Tuerto	26	2021-01-01
26040	Cañas	26	2021-01-01
26041	Cárdenas	26	2021-01-01
26042	Casalarreina	26	2021-01-01
26043	Castañares de Rioja	26	2021-01-01
26044	Castroviejo	26	2021-01-01
26045	Cellorigo	26	2021-01-01
26046	Cenicero	26	2021-01-01
26047	Cervera del Río Alhama	26	2021-01-01
26048	Cidamón	26	2021-01-01
26049	Cihuri	26	2021-01-01
26050	Cirueña	26	2021-01-01
26051	Clavijo	26	2021-01-01
26052	Cordovín	26	2021-01-01
26053	Corera	26	2021-01-01
26054	Cornago	26	2021-01-01
26055	Corporales	26	2021-01-01
26056	Cuzcurrita de Río Tirón	26	2021-01-01
26057	Daroca de Rioja	26	2021-01-01
26058	Enciso	26	2021-01-01
26059	Entrena	26	2021-01-01
26060	Estollo	26	2021-01-01
26061	Ezcaray	26	2021-01-01
26062	Foncea	26	2021-01-01
26063	Fonzaleche	26	2021-01-01
26064	Fuenmayor	26	2021-01-01
26065	Galbárruli	26	2021-01-01
26066	Galilea	26	2021-01-01
26067	Gallinero de Cameros	26	2021-01-01
26068	Gimileo	26	2021-01-01
26069	Grañón	26	2021-01-01
26070	Grávalos	26	2021-01-01
26071	Haro	26	2021-01-01
26072	Herce	26	2021-01-01
26073	Herramélluri	26	2021-01-01
26074	Hervías	26	2021-01-01
26075	Hormilla	26	2021-01-01
26076	Hormilleja	26	2021-01-01
26077	Hornillos de Cameros	26	2021-01-01
26078	Hornos de Moncalvillo	26	2021-01-01
26079	Huércanos	26	2021-01-01
26080	Igea	26	2021-01-01
26081	Jalón de Cameros	26	2021-01-01
26082	Laguna de Cameros	26	2021-01-01
26083	Lagunilla del Jubera	26	2021-01-01
26084	Lardero	26	2021-01-01
26086	Ledesma de la Cogolla	26	2021-01-01
26087	Leiva	26	2021-01-01
26088	Leza de Río Leza	26	2021-01-01
26089	Logroño	26	2021-01-01
26091	Lumbreras de Cameros	26	2021-01-01
26092	Manjarrés	26	2021-01-01
26093	Mansilla de la Sierra	26	2021-01-01
26094	Manzanares de Rioja	26	2021-01-01
26095	Matute	26	2021-01-01
26096	Medrano	26	2021-01-01
26098	Munilla	26	2021-01-01
26099	Murillo de Río Leza	26	2021-01-01
26100	Muro de Aguas	26	2021-01-01
26101	Muro en Cameros	26	2021-01-01
26102	Nájera	26	2021-01-01
26103	Nalda	26	2021-01-01
26104	Navajún	26	2021-01-01
26105	Navarrete	26	2021-01-01
26106	Nestares	26	2021-01-01
26107	Nieva de Cameros	26	2021-01-01
26108	Ocón	26	2021-01-01
26109	Ochánduri	26	2021-01-01
26110	Ojacastro	26	2021-01-01
26111	Ollauri	26	2021-01-01
26112	Ortigosa de Cameros	26	2021-01-01
26113	Pazuengos	26	2021-01-01
26114	Pedroso	26	2021-01-01
26115	Pinillos	26	2021-01-01
26117	Pradejón	26	2021-01-01
26118	Pradillo	26	2021-01-01
26119	Préjano	26	2021-01-01
26120	Quel	26	2021-01-01
26121	Rabanera	26	2021-01-01
26122	Rasillo de Cameros, El	26	2021-01-01
26123	Redal, El	26	2021-01-01
26124	Ribafrecha	26	2021-01-01
26125	Rincón de Soto	26	2021-01-01
26126	Robres del Castillo	26	2021-01-01
26127	Rodezno	26	2021-01-01
26128	Sajazarra	26	2021-01-01
26129	San Asensio	26	2021-01-01
26130	San Millán de la Cogolla	26	2021-01-01
26131	San Millán de Yécora	26	2021-01-01
26132	San Román de Cameros	26	2021-01-01
26134	Santa Coloma	26	2021-01-01
26135	Santa Engracia del Jubera	26	2021-01-01
26136	Santa Eulalia Bajera	26	2021-01-01
26138	Santo Domingo de la Calzada	26	2021-01-01
26139	San Torcuato	26	2021-01-01
26140	Santurde de Rioja	26	2021-01-01
26141	Santurdejo	26	2021-01-01
26142	San Vicente de la Sonsierra	26	2021-01-01
26143	Sojuela	26	2021-01-01
26144	Sorzano	26	2021-01-01
26145	Sotés	26	2021-01-01
26146	Soto en Cameros	26	2021-01-01
26147	Terroba	26	2021-01-01
26148	Tirgo	26	2021-01-01
26149	Tobía	26	2021-01-01
26150	Tormantos	26	2021-01-01
26151	Torrecilla en Cameros	26	2021-01-01
26152	Torrecilla sobre Alesanco	26	2021-01-01
26153	Torre en Cameros	26	2021-01-01
26154	Torremontalbo	26	2021-01-01
26155	Treviana	26	2021-01-01
26157	Tricio	26	2021-01-01
26158	Tudelilla	26	2021-01-01
26160	Uruñuela	26	2021-01-01
26161	Valdemadera	26	2021-01-01
26162	Valgañón	26	2021-01-01
26163	Ventosa	26	2021-01-01
26164	Ventrosa	26	2021-01-01
26165	Viguera	26	2021-01-01
26166	Villalba de Rioja	26	2021-01-01
26167	Villalobar de Rioja	26	2021-01-01
26168	Villamediana de Iregua	26	2021-01-01
26169	Villanueva de Cameros	26	2021-01-01
26170	Villar de Arnedo, El	26	2021-01-01
26171	Villar de Torre	26	2021-01-01
26172	Villarejo	26	2021-01-01
26173	Villarroya	26	2021-01-01
26174	Villarta-Quintana	26	2021-01-01
26175	Villavelayo	26	2021-01-01
26176	Villaverde de Rioja	26	2021-01-01
26177	Villoslada de Cameros	26	2021-01-01
26178	Viniegra de Abajo	26	2021-01-01
26179	Viniegra de Arriba	26	2021-01-01
26180	Zarratón	26	2021-01-01
26181	Zarzosa	26	2021-01-01
26183	Zorraquín	26	2021-01-01
27001	Abadín	27	2021-01-01
27002	Alfoz	27	2021-01-01
27003	Antas de Ulla	27	2021-01-01
27004	Baleira	27	2021-01-01
27005	Barreiros	27	2021-01-01
27006	Becerreá	27	2021-01-01
27007	Begonte	27	2021-01-01
27008	Bóveda	27	2021-01-01
27009	Carballedo	27	2021-01-01
27010	Castro de Rei	27	2021-01-01
27011	Castroverde	27	2021-01-01
27012	Cervantes	27	2021-01-01
27013	Cervo	27	2021-01-01
27014	Corgo, O	27	2021-01-01
27015	Cospeito	27	2021-01-01
27016	Chantada	27	2021-01-01
27017	Folgoso do Courel	27	2021-01-01
27018	Fonsagrada, A	27	2021-01-01
27019	Foz	27	2021-01-01
27020	Friol	27	2021-01-01
27021	Xermade	27	2021-01-01
27022	Guitiriz	27	2021-01-01
27023	Guntín	27	2021-01-01
27024	Incio, O	27	2021-01-01
27025	Xove	27	2021-01-01
27026	Láncara	27	2021-01-01
27027	Lourenzá	27	2021-01-01
27028	Lugo	27	2021-01-01
27029	Meira	27	2021-01-01
27030	Mondoñedo	27	2021-01-01
27031	Monforte de Lemos	27	2021-01-01
27032	Monterroso	27	2021-01-01
27033	Muras	27	2021-01-01
27034	Navia de Suarna	27	2021-01-01
27035	Negueira de Muñiz	27	2021-01-01
27037	Nogais, As	27	2021-01-01
27038	Ourol	27	2021-01-01
27039	Outeiro de Rei	27	2021-01-01
27040	Palas de Rei	27	2021-01-01
27041	Pantón	27	2021-01-01
27042	Paradela	27	2021-01-01
27043	Páramo, O	27	2021-01-01
27044	Pastoriza, A	27	2021-01-01
27045	Pedrafita do Cebreiro	27	2021-01-01
27046	Pol	27	2021-01-01
27047	Pobra do Brollón, A	27	2021-01-01
27048	Pontenova, A	27	2021-01-01
27049	Portomarín	27	2021-01-01
27050	Quiroga	27	2021-01-01
27051	Ribadeo	27	2021-01-01
27052	Ribas de Sil	27	2021-01-01
27053	Ribeira de Piquín	27	2021-01-01
27054	Riotorto	27	2021-01-01
27055	Samos	27	2021-01-01
27056	Rábade	27	2021-01-01
27057	Sarria	27	2021-01-01
27058	Saviñao, O	27	2021-01-01
27059	Sober	27	2021-01-01
27060	Taboada	27	2021-01-01
27061	Trabada	27	2021-01-01
27062	Triacastela	27	2021-01-01
27063	Valadouro, O	27	2021-01-01
27064	Vicedo, O	27	2021-01-01
27065	Vilalba	27	2021-01-01
27066	Viveiro	27	2021-01-01
27901	Baralla	27	2021-01-01
27902	Burela	27	2021-01-01
28001	Acebeda, La	28	2021-01-01
28002	Ajalvir	28	2021-01-01
28003	Alameda del Valle	28	2021-01-01
28004	Álamo, El	28	2021-01-01
28005	Alcalá de Henares	28	2021-01-01
28006	Alcobendas	28	2021-01-01
28007	Alcorcón	28	2021-01-01
28008	Aldea del Fresno	28	2021-01-01
28009	Algete	28	2021-01-01
28010	Alpedrete	28	2021-01-01
28011	Ambite	28	2021-01-01
28012	Anchuelo	28	2021-01-01
28013	Aranjuez	28	2021-01-01
28014	Arganda del Rey	28	2021-01-01
28015	Arroyomolinos	28	2021-01-01
28016	Atazar, El	28	2021-01-01
28017	Batres	28	2021-01-01
28018	Becerril de la Sierra	28	2021-01-01
28019	Belmonte de Tajo	28	2021-01-01
28020	Berzosa del Lozoya	28	2021-01-01
28021	Berrueco, El	28	2021-01-01
28022	Boadilla del Monte	28	2021-01-01
28023	Boalo, El	28	2021-01-01
28024	Braojos	28	2021-01-01
28025	Brea de Tajo	28	2021-01-01
28026	Brunete	28	2021-01-01
28027	Buitrago del Lozoya	28	2021-01-01
28028	Bustarviejo	28	2021-01-01
28029	Cabanillas de la Sierra	28	2021-01-01
28030	Cabrera, La	28	2021-01-01
28031	Cadalso de los Vidrios	28	2021-01-01
28032	Camarma de Esteruelas	28	2021-01-01
28033	Campo Real	28	2021-01-01
28034	Canencia	28	2021-01-01
28035	Carabaña	28	2021-01-01
28036	Casarrubuelos	28	2021-01-01
28037	Cenicientos	28	2021-01-01
28038	Cercedilla	28	2021-01-01
28039	Cervera de Buitrago	28	2021-01-01
28040	Ciempozuelos	28	2021-01-01
28041	Cobeña	28	2021-01-01
28042	Colmenar del Arroyo	28	2021-01-01
28043	Colmenar de Oreja	28	2021-01-01
28044	Colmenarejo	28	2021-01-01
28045	Colmenar Viejo	28	2021-01-01
28046	Collado Mediano	28	2021-01-01
28047	Collado Villalba	28	2021-01-01
28048	Corpa	28	2021-01-01
28049	Coslada	28	2021-01-01
28050	Cubas de la Sagra	28	2021-01-01
28051	Chapinería	28	2021-01-01
28052	Chinchón	28	2021-01-01
28053	Daganzo de Arriba	28	2021-01-01
28054	Escorial, El	28	2021-01-01
28055	Estremera	28	2021-01-01
28056	Fresnedillas de la Oliva	28	2021-01-01
28057	Fresno de Torote	28	2021-01-01
28058	Fuenlabrada	28	2021-01-01
28059	Fuente el Saz de Jarama	28	2021-01-01
28060	Fuentidueña de Tajo	28	2021-01-01
28061	Galapagar	28	2021-01-01
28062	Garganta de los Montes	28	2021-01-01
28063	Gargantilla del Lozoya y Pinilla de Buitrago	28	2021-01-01
28064	Gascones	28	2021-01-01
28065	Getafe	28	2021-01-01
28066	Griñón	28	2021-01-01
28067	Guadalix de la Sierra	28	2021-01-01
28068	Guadarrama	28	2021-01-01
28069	Hiruela, La	28	2021-01-01
28070	Horcajo de la Sierra-Aoslos	28	2021-01-01
28071	Horcajuelo de la Sierra	28	2021-01-01
28072	Hoyo de Manzanares	28	2021-01-01
28073	Humanes de Madrid	28	2021-01-01
28074	Leganés	28	2021-01-01
28075	Loeches	28	2021-01-01
28076	Lozoya	28	2021-01-01
28078	Madarcos	28	2021-01-01
28079	Madrid	28	2021-01-01
28080	Majadahonda	28	2021-01-01
28082	Manzanares el Real	28	2021-01-01
28083	Meco	28	2021-01-01
28084	Mejorada del Campo	28	2021-01-01
28085	Miraflores de la Sierra	28	2021-01-01
28086	Molar, El	28	2021-01-01
28087	Molinos, Los	28	2021-01-01
28088	Montejo de la Sierra	28	2021-01-01
28089	Moraleja de Enmedio	28	2021-01-01
28090	Moralzarzal	28	2021-01-01
28091	Morata de Tajuña	28	2021-01-01
28092	Móstoles	28	2021-01-01
28093	Navacerrada	28	2021-01-01
28094	Navalafuente	28	2021-01-01
28095	Navalagamella	28	2021-01-01
28096	Navalcarnero	28	2021-01-01
28097	Navarredonda y San Mamés	28	2021-01-01
28099	Navas del Rey	28	2021-01-01
28100	Nuevo Baztán	28	2021-01-01
28101	Olmeda de las Fuentes	28	2021-01-01
28102	Orusco de Tajuña	28	2021-01-01
28104	Paracuellos de Jarama	28	2021-01-01
28106	Parla	28	2021-01-01
28107	Patones	28	2021-01-01
28108	Pedrezuela	28	2021-01-01
28109	Pelayos de la Presa	28	2021-01-01
28110	Perales de Tajuña	28	2021-01-01
28111	Pezuela de las Torres	28	2021-01-01
28112	Pinilla del Valle	28	2021-01-01
28113	Pinto	28	2021-01-01
28114	Piñuécar-Gandullas	28	2021-01-01
28115	Pozuelo de Alarcón	28	2021-01-01
28116	Pozuelo del Rey	28	2021-01-01
28117	Prádena del Rincón	28	2021-01-01
28118	Puebla de la Sierra	28	2021-01-01
28119	Quijorna	28	2021-01-01
28120	Rascafría	28	2021-01-01
28121	Redueña	28	2021-01-01
28122	Ribatejada	28	2021-01-01
28123	Rivas-Vaciamadrid	28	2021-01-01
28124	Robledillo de la Jara	28	2021-01-01
28125	Robledo de Chavela	28	2021-01-01
28126	Robregordo	28	2021-01-01
28127	Rozas de Madrid, Las	28	2021-01-01
28128	Rozas de Puerto Real	28	2021-01-01
28129	San Agustín del Guadalix	28	2021-01-01
28130	San Fernando de Henares	28	2021-01-01
28131	San Lorenzo de El Escorial	28	2021-01-01
28132	San Martín de la Vega	28	2021-01-01
28133	San Martín de Valdeiglesias	28	2021-01-01
28134	San Sebastián de los Reyes	28	2021-01-01
28135	Santa María de la Alameda	28	2021-01-01
28136	Santorcaz	28	2021-01-01
28137	Santos de la Humosa, Los	28	2021-01-01
28138	Serna del Monte, La	28	2021-01-01
28140	Serranillos del Valle	28	2021-01-01
28141	Sevilla la Nueva	28	2021-01-01
28143	Somosierra	28	2021-01-01
28144	Soto del Real	28	2021-01-01
28145	Talamanca de Jarama	28	2021-01-01
28146	Tielmes	28	2021-01-01
28147	Titulcia	28	2021-01-01
28148	Torrejón de Ardoz	28	2021-01-01
28149	Torrejón de la Calzada	28	2021-01-01
28150	Torrejón de Velasco	28	2021-01-01
28151	Torrelaguna	28	2021-01-01
28152	Torrelodones	28	2021-01-01
28153	Torremocha de Jarama	28	2021-01-01
28154	Torres de la Alameda	28	2021-01-01
28155	Valdaracete	28	2021-01-01
28156	Valdeavero	28	2021-01-01
28157	Valdelaguna	28	2021-01-01
28158	Valdemanco	28	2021-01-01
28159	Valdemaqueda	28	2021-01-01
28160	Valdemorillo	28	2021-01-01
28161	Valdemoro	28	2021-01-01
28162	Valdeolmos-Alalpardo	28	2021-01-01
28163	Valdepiélagos	28	2021-01-01
28164	Valdetorres de Jarama	28	2021-01-01
28165	Valdilecha	28	2021-01-01
28166	Valverde de Alcalá	28	2021-01-01
28167	Velilla de San Antonio	28	2021-01-01
28168	Vellón, El	28	2021-01-01
28169	Venturada	28	2021-01-01
28170	Villaconejos	28	2021-01-01
28171	Villa del Prado	28	2021-01-01
28172	Villalbilla	28	2021-01-01
28173	Villamanrique de Tajo	28	2021-01-01
28174	Villamanta	28	2021-01-01
28175	Villamantilla	28	2021-01-01
28176	Villanueva de la Cañada	28	2021-01-01
28177	Villanueva del Pardillo	28	2021-01-01
28178	Villanueva de Perales	28	2021-01-01
28179	Villar del Olmo	28	2021-01-01
28180	Villarejo de Salvanés	28	2021-01-01
28181	Villaviciosa de Odón	28	2021-01-01
28182	Villavieja del Lozoya	28	2021-01-01
28183	Zarzalejo	28	2021-01-01
28901	Lozoyuela-Navas-Sieteiglesias	28	2021-01-01
28902	Puentes Viejas	28	2021-01-01
28903	Tres Cantos	28	2021-01-01
29001	Alameda	29	2021-01-01
29002	Alcaucín	29	2021-01-01
29003	Alfarnate	29	2021-01-01
29004	Alfarnatejo	29	2021-01-01
29005	Algarrobo	29	2021-01-01
29006	Algatocín	29	2021-01-01
29007	Alhaurín de la Torre	29	2021-01-01
29008	Alhaurín el Grande	29	2021-01-01
29009	Almáchar	29	2021-01-01
29010	Almargen	29	2021-01-01
29011	Almogía	29	2021-01-01
29012	Álora	29	2021-01-01
29013	Alozaina	29	2021-01-01
29014	Alpandeire	29	2021-01-01
29015	Antequera	29	2021-01-01
29016	Árchez	29	2021-01-01
29017	Archidona	29	2021-01-01
29018	Ardales	29	2021-01-01
29019	Arenas	29	2021-01-01
29020	Arriate	29	2021-01-01
29021	Atajate	29	2021-01-01
29022	Benadalid	29	2021-01-01
29023	Benahavís	29	2021-01-01
29024	Benalauría	29	2021-01-01
29025	Benalmádena	29	2021-01-01
29026	Benamargosa	29	2021-01-01
29027	Benamocarra	29	2021-01-01
29028	Benaoján	29	2021-01-01
29029	Benarrabá	29	2021-01-01
29030	Borge, El	29	2021-01-01
29031	Burgo, El	29	2021-01-01
29032	Campillos	29	2021-01-01
29033	Canillas de Aceituno	29	2021-01-01
29034	Canillas de Albaida	29	2021-01-01
29035	Cañete la Real	29	2021-01-01
29036	Carratraca	29	2021-01-01
29037	Cartajima	29	2021-01-01
29038	Cártama	29	2021-01-01
29039	Casabermeja	29	2021-01-01
29040	Casarabonela	29	2021-01-01
29041	Casares	29	2021-01-01
29042	Coín	29	2021-01-01
29043	Colmenar	29	2021-01-01
29044	Comares	29	2021-01-01
29045	Cómpeta	29	2021-01-01
29046	Cortes de la Frontera	29	2021-01-01
29047	Cuevas Bajas	29	2021-01-01
29048	Cuevas del Becerro	29	2021-01-01
29049	Cuevas de San Marcos	29	2021-01-01
29050	Cútar	29	2021-01-01
29051	Estepona	29	2021-01-01
29052	Faraján	29	2021-01-01
29053	Frigiliana	29	2021-01-01
29054	Fuengirola	29	2021-01-01
29055	Fuente de Piedra	29	2021-01-01
29056	Gaucín	29	2021-01-01
29057	Genalguacil	29	2021-01-01
29058	Guaro	29	2021-01-01
29059	Humilladero	29	2021-01-01
29060	Igualeja	29	2021-01-01
29061	Istán	29	2021-01-01
29062	Iznate	29	2021-01-01
29063	Jimera de Líbar	29	2021-01-01
29064	Jubrique	29	2021-01-01
29065	Júzcar	29	2021-01-01
29066	Macharaviaya	29	2021-01-01
29067	Málaga	29	2021-01-01
29068	Manilva	29	2021-01-01
29069	Marbella	29	2021-01-01
29070	Mijas	29	2021-01-01
29071	Moclinejo	29	2021-01-01
29072	Mollina	29	2021-01-01
29073	Monda	29	2021-01-01
29074	Montejaque	29	2021-01-01
29075	Nerja	29	2021-01-01
29076	Ojén	29	2021-01-01
29077	Parauta	29	2021-01-01
29079	Periana	29	2021-01-01
29080	Pizarra	29	2021-01-01
29081	Pujerra	29	2021-01-01
29082	Rincón de la Victoria	29	2021-01-01
29083	Riogordo	29	2021-01-01
29084	Ronda	29	2021-01-01
29085	Salares	29	2021-01-01
29086	Sayalonga	29	2021-01-01
29087	Sedella	29	2021-01-01
29088	Sierra de Yeguas	29	2021-01-01
29089	Teba	29	2021-01-01
29090	Tolox	29	2021-01-01
29091	Torrox	29	2021-01-01
29092	Totalán	29	2021-01-01
29093	Valle de Abdalajís	29	2021-01-01
29094	Vélez-Málaga	29	2021-01-01
29095	Villanueva de Algaidas	29	2021-01-01
29096	Villanueva del Rosario	29	2021-01-01
29097	Villanueva del Trabuco	29	2021-01-01
29098	Villanueva de Tapia	29	2021-01-01
29099	Viñuela	29	2021-01-01
29100	Yunquera	29	2021-01-01
29901	Torremolinos	29	2021-01-01
29902	Villanueva de la Concepción	29	2021-01-01
29903	Montecorto	29	2021-01-01
29904	Serrato	29	2021-01-01
30001	Abanilla	30	2021-01-01
30002	Abarán	30	2021-01-01
30003	Águilas	30	2021-01-01
30004	Albudeite	30	2021-01-01
30005	Alcantarilla	30	2021-01-01
30006	Aledo	30	2021-01-01
30007	Alguazas	30	2021-01-01
30008	Alhama de Murcia	30	2021-01-01
30009	Archena	30	2021-01-01
30010	Beniel	30	2021-01-01
30011	Blanca	30	2021-01-01
30012	Bullas	30	2021-01-01
30013	Calasparra	30	2021-01-01
30014	Campos del Río	30	2021-01-01
30015	Caravaca de la Cruz	30	2021-01-01
30016	Cartagena	30	2021-01-01
30017	Cehegín	30	2021-01-01
30018	Ceutí	30	2021-01-01
30019	Cieza	30	2021-01-01
30020	Fortuna	30	2021-01-01
30021	Fuente Álamo de Murcia	30	2021-01-01
30022	Jumilla	30	2021-01-01
30023	Librilla	30	2021-01-01
30024	Lorca	30	2021-01-01
30025	Lorquí	30	2021-01-01
30026	Mazarrón	30	2021-01-01
30027	Molina de Segura	30	2021-01-01
30028	Moratalla	30	2021-01-01
30029	Mula	30	2021-01-01
30030	Murcia	30	2021-01-01
30031	Ojós	30	2021-01-01
30032	Pliego	30	2021-01-01
30033	Puerto Lumbreras	30	2021-01-01
30034	Ricote	30	2021-01-01
30035	San Javier	30	2021-01-01
30036	San Pedro del Pinatar	30	2021-01-01
30037	Torre-Pacheco	30	2021-01-01
30038	Torres de Cotillas, Las	30	2021-01-01
30039	Totana	30	2021-01-01
30040	Ulea	30	2021-01-01
30041	Unión, La	30	2021-01-01
30042	Villanueva del Río Segura	30	2021-01-01
30043	Yecla	30	2021-01-01
30901	Santomera	30	2021-01-01
30902	Alcázares, Los	30	2021-01-01
31001	Abáigar	31	2021-01-01
31002	Abárzuza/Abartzuza	31	2021-01-01
31003	Abaurregaina/Abaurrea Alta	31	2021-01-01
31004	Abaurrepea/Abaurrea Baja	31	2021-01-01
31005	Aberin	31	2021-01-01
31006	Ablitas	31	2021-01-01
31007	Adiós	31	2021-01-01
31008	Aguilar de Codés	31	2021-01-01
31009	Aibar/Oibar	31	2021-01-01
31010	Altsasu/Alsasua	31	2021-01-01
31011	Allín/Allin	31	2021-01-01
31012	Allo	31	2021-01-01
31013	Améscoa Baja	31	2021-01-01
31014	Ancín/Antzin	31	2021-01-01
31015	Andosilla	31	2021-01-01
31016	Ansoáin/Antsoain	31	2021-01-01
31017	Anue	31	2021-01-01
31018	Añorbe	31	2021-01-01
31019	Aoiz/Agoitz	31	2021-01-01
31020	Araitz	31	2021-01-01
31021	Aranarache/Aranaratxe	31	2021-01-01
31022	Arantza	31	2021-01-01
31023	Aranguren	31	2021-01-01
31024	Arano	31	2021-01-01
31025	Arakil	31	2021-01-01
31026	Aras	31	2021-01-01
31027	Arbizu	31	2021-01-01
31028	Arce/Artzi	31	2021-01-01
31029	Arcos, Los	31	2021-01-01
31030	Arellano	31	2021-01-01
31031	Areso	31	2021-01-01
31032	Arguedas	31	2021-01-01
31033	Aria	31	2021-01-01
31034	Aribe	31	2021-01-01
31035	Armañanzas	31	2021-01-01
31036	Arróniz	31	2021-01-01
31037	Arruazu	31	2021-01-01
31038	Artajona	31	2021-01-01
31039	Artazu	31	2021-01-01
31040	Atetz	31	2021-01-01
31041	Ayegui/Aiegi	31	2021-01-01
31042	Azagra	31	2021-01-01
31043	Azuelo	31	2021-01-01
31044	Bakaiku	31	2021-01-01
31045	Barásoain	31	2021-01-01
31046	Barbarin	31	2021-01-01
31047	Bargota	31	2021-01-01
31048	Barillas	31	2021-01-01
31049	Basaburua	31	2021-01-01
31050	Baztan	31	2021-01-01
31051	Beire	31	2021-01-01
31052	Belascoáin	31	2021-01-01
31053	Berbinzana	31	2021-01-01
31054	Bertizarana	31	2021-01-01
31055	Betelu	31	2021-01-01
31056	Biurrun-Olcoz	31	2021-01-01
31057	Buñuel	31	2021-01-01
31058	Auritz/Burguete	31	2021-01-01
31059	Burgui/Burgi	31	2021-01-01
31060	Burlada/Burlata	31	2021-01-01
31061	Busto, El	31	2021-01-01
31062	Cabanillas	31	2021-01-01
31063	Cabredo	31	2021-01-01
31064	Cadreita	31	2021-01-01
31065	Caparroso	31	2021-01-01
31066	Cárcar	31	2021-01-01
31067	Carcastillo	31	2021-01-01
31068	Cascante	31	2021-01-01
31069	Cáseda	31	2021-01-01
31070	Castejón	31	2021-01-01
31071	Castillonuevo	31	2021-01-01
31072	Cintruénigo	31	2021-01-01
31073	Ziordia	31	2021-01-01
31074	Cirauqui/Zirauki	31	2021-01-01
31075	Ciriza/Ziritza	31	2021-01-01
31076	Cizur	31	2021-01-01
31077	Corella	31	2021-01-01
31078	Cortes	31	2021-01-01
31079	Desojo	31	2021-01-01
31080	Dicastillo	31	2021-01-01
31081	Donamaria	31	2021-01-01
31082	Etxalar	31	2021-01-01
31083	Echarri/Etxarri	31	2021-01-01
31084	Etxarri Aranatz	31	2021-01-01
31085	Etxauri	31	2021-01-01
31086	Valle de Egüés/Eguesibar	31	2021-01-01
31087	Elgorriaga	31	2021-01-01
31088	Noáin (Valle de Elorz)/Noain (Elortzibar)	31	2021-01-01
31089	Enériz/Eneritz	31	2021-01-01
31090	Eratsun	31	2021-01-01
31091	Ergoiena	31	2021-01-01
31092	Erro	31	2021-01-01
31093	Ezcároz/Ezkaroze	31	2021-01-01
31094	Eslava	31	2021-01-01
31095	Esparza de Salazar/Espartza Zaraitzu	31	2021-01-01
31096	Espronceda	31	2021-01-01
31097	Estella-Lizarra	31	2021-01-01
31098	Esteribar	31	2021-01-01
31099	Etayo	31	2021-01-01
31100	Eulate	31	2021-01-01
31101	Ezcabarte	31	2021-01-01
31102	Ezkurra	31	2021-01-01
31103	Ezprogui	31	2021-01-01
31104	Falces	31	2021-01-01
31105	Fitero	31	2021-01-01
31106	Fontellas	31	2021-01-01
31107	Funes	31	2021-01-01
31108	Fustiñana	31	2021-01-01
31109	Galar	31	2021-01-01
31110	Gallipienzo/Galipentzu	31	2021-01-01
31111	Gallués/Galoze	31	2021-01-01
31112	Garaioa	31	2021-01-01
31113	Garde	31	2021-01-01
31114	Garínoain	31	2021-01-01
31115	Garralda	31	2021-01-01
31116	Genevilla	31	2021-01-01
31117	Goizueta	31	2021-01-01
31118	Goñi	31	2021-01-01
31119	Güesa/Gorza	31	2021-01-01
31120	Guesálaz/Gesalatz	31	2021-01-01
31121	Guirguillano	31	2021-01-01
31122	Huarte/Uharte	31	2021-01-01
31123	Uharte Arakil	31	2021-01-01
31124	Ibargoiti	31	2021-01-01
31125	Igúzquiza	31	2021-01-01
31126	Imotz	31	2021-01-01
31127	Irañeta	31	2021-01-01
31128	Isaba/Izaba	31	2021-01-01
31129	Ituren	31	2021-01-01
31130	Iturmendi	31	2021-01-01
31131	Iza/Itza	31	2021-01-01
31132	Izagaondoa	31	2021-01-01
31133	Izalzu/Itzaltzu	31	2021-01-01
31134	Jaurrieta	31	2021-01-01
31135	Javier	31	2021-01-01
31136	Juslapeña/Txulapain	31	2021-01-01
31137	Beintza-Labaien	31	2021-01-01
31138	Lakuntza	31	2021-01-01
31139	Lana	31	2021-01-01
31140	Lantz	31	2021-01-01
31141	Lapoblación	31	2021-01-01
31142	Larraga	31	2021-01-01
31143	Larraona	31	2021-01-01
31144	Larraun	31	2021-01-01
31145	Lazagurría	31	2021-01-01
31146	Leache/Leatxe	31	2021-01-01
31147	Legarda	31	2021-01-01
31148	Legaria	31	2021-01-01
31149	Leitza	31	2021-01-01
31150	Leoz/Leotz	31	2021-01-01
31151	Lerga	31	2021-01-01
31152	Lerín	31	2021-01-01
31153	Lesaka	31	2021-01-01
31154	Lezaun	31	2021-01-01
31155	Liédena	31	2021-01-01
31156	Lizoain-Arriasgoiti/Lizoainibar-Arriasgoiti	31	2021-01-01
31157	Lodosa	31	2021-01-01
31158	Lónguida/Longida	31	2021-01-01
31159	Lumbier	31	2021-01-01
31160	Luquin	31	2021-01-01
31161	Mañeru	31	2021-01-01
31162	Marañón	31	2021-01-01
31163	Marcilla	31	2021-01-01
31164	Mélida	31	2021-01-01
31165	Mendavia	31	2021-01-01
31166	Mendaza	31	2021-01-01
31167	Mendigorria	31	2021-01-01
31168	Metauten	31	2021-01-01
31169	Milagro	31	2021-01-01
31170	Mirafuentes	31	2021-01-01
31171	Miranda de Arga	31	2021-01-01
31172	Monreal/Elo	31	2021-01-01
31173	Monteagudo	31	2021-01-01
31174	Morentin	31	2021-01-01
31175	Mues	31	2021-01-01
31176	Murchante	31	2021-01-01
31177	Murieta	31	2021-01-01
31178	Murillo el Cuende	31	2021-01-01
31179	Murillo el Fruto	31	2021-01-01
31180	Muruzábal	31	2021-01-01
31181	Navascués/Nabaskoze	31	2021-01-01
31182	Nazar	31	2021-01-01
31183	Obanos	31	2021-01-01
31184	Oco	31	2021-01-01
31185	Ochagavía/Otsagabia	31	2021-01-01
31186	Odieta	31	2021-01-01
31187	Oiz	31	2021-01-01
31188	Olaibar	31	2021-01-01
31189	Olazti/Olazagutía	31	2021-01-01
31190	Olejua	31	2021-01-01
31191	Olite/Erriberri	31	2021-01-01
31192	Olóriz/Oloritz	31	2021-01-01
31193	Cendea de Olza/Oltza Zendea	31	2021-01-01
31194	Valle de Ollo/Ollaran	31	2021-01-01
31195	Orbaizeta	31	2021-01-01
31196	Orbara	31	2021-01-01
31197	Orísoain	31	2021-01-01
31198	Oronz/Orontze	31	2021-01-01
31199	Oroz-Betelu/Orotz-Betelu	31	2021-01-01
31200	Oteiza	31	2021-01-01
31201	Pamplona/Iruña	31	2021-01-01
31202	Peralta/Azkoien	31	2021-01-01
31203	Petilla de Aragón	31	2021-01-01
31204	Piedramillera	31	2021-01-01
31205	Pitillas	31	2021-01-01
31206	Puente la Reina/Gares	31	2021-01-01
31207	Pueyo/Puiu	31	2021-01-01
31208	Ribaforada	31	2021-01-01
31209	Romanzado/Erromantzatua	31	2021-01-01
31210	Roncal/Erronkari	31	2021-01-01
31211	Orreaga/Roncesvalles	31	2021-01-01
31212	Sada	31	2021-01-01
31213	Saldías	31	2021-01-01
31214	Salinas de Oro/Jaitz	31	2021-01-01
31215	San Adrián	31	2021-01-01
31216	Sangüesa/Zangoza	31	2021-01-01
31217	San Martín de Unx	31	2021-01-01
31219	Sansol	31	2021-01-01
31220	Santacara	31	2021-01-01
31221	Doneztebe/Santesteban	31	2021-01-01
31222	Sarriés/Sartze	31	2021-01-01
31223	Sartaguda	31	2021-01-01
31224	Sesma	31	2021-01-01
31225	Sorlada	31	2021-01-01
31226	Sunbilla	31	2021-01-01
31227	Tafalla	31	2021-01-01
31228	Tiebas-Muruarte de Reta	31	2021-01-01
31229	Tirapu	31	2021-01-01
31230	Torralba del Río	31	2021-01-01
31231	Torres del Río	31	2021-01-01
31232	Tudela	31	2021-01-01
31233	Tulebras	31	2021-01-01
31234	Ucar	31	2021-01-01
31235	Ujué/Uxue	31	2021-01-01
31236	Ultzama	31	2021-01-01
31237	Unciti	31	2021-01-01
31238	Unzué/Untzue	31	2021-01-01
31239	Urdazubi/Urdax	31	2021-01-01
31240	Urdiain	31	2021-01-01
31241	Urraul Alto	31	2021-01-01
31242	Urraul Bajo	31	2021-01-01
31243	Urroz-Villa	31	2021-01-01
31244	Urroz	31	2021-01-01
31245	Urzainqui/Urzainki	31	2021-01-01
31246	Uterga	31	2021-01-01
31247	Uztárroz/Uztarroze	31	2021-01-01
31248	Luzaide/Valcarlos	31	2021-01-01
31249	Valtierra	31	2021-01-01
31250	Bera	31	2021-01-01
31251	Viana	31	2021-01-01
31252	Vidángoz/Bidankoze	31	2021-01-01
31253	Bidaurreta	31	2021-01-01
31254	Villafranca	31	2021-01-01
31255	Villamayor de Monjardín	31	2021-01-01
31256	Hiriberri/Villanueva de Aezkoa	31	2021-01-01
31257	Villatuerta	31	2021-01-01
31258	Villava/Atarrabia	31	2021-01-01
31259	Igantzi	31	2021-01-01
31260	Valle de Yerri/Deierri	31	2021-01-01
31261	Yesa	31	2021-01-01
31262	Zabalza/Zabaltza	31	2021-01-01
31263	Zubieta	31	2021-01-01
31264	Zugarramurdi	31	2021-01-01
31265	Zúñiga	31	2021-01-01
31901	Barañáin/Barañain	31	2021-01-01
31902	Berrioplano/Berriobeiti	31	2021-01-01
31903	Berriozar	31	2021-01-01
31904	Irurtzun	31	2021-01-01
31905	Beriáin	31	2021-01-01
31906	Orkoien	31	2021-01-01
31907	Zizur Mayor/Zizur Nagusia	31	2021-01-01
31908	Lekunberri	31	2021-01-01
32001	Allariz	32	2021-01-01
32002	Amoeiro	32	2021-01-01
32003	Arnoia, A	32	2021-01-01
32004	Avión	32	2021-01-01
32005	Baltar	32	2021-01-01
32006	Bande	32	2021-01-01
32007	Baños de Molgas	32	2021-01-01
32008	Barbadás	32	2021-01-01
32009	Barco de Valdeorras, O	32	2021-01-01
32010	Beade	32	2021-01-01
32011	Beariz	32	2021-01-01
32012	Blancos, Os	32	2021-01-01
32013	Boborás	32	2021-01-01
32014	Bola, A	32	2021-01-01
32015	Bolo, O	32	2021-01-01
32016	Calvos de Randín	32	2021-01-01
32017	Carballeda de Valdeorras	32	2021-01-01
32018	Carballeda de Avia	32	2021-01-01
32019	Carballiño, O	32	2021-01-01
32020	Cartelle	32	2021-01-01
32021	Castrelo do Val	32	2021-01-01
32022	Castrelo de Miño	32	2021-01-01
32023	Castro Caldelas	32	2021-01-01
32024	Celanova	32	2021-01-01
32025	Cenlle	32	2021-01-01
32026	Coles	32	2021-01-01
32027	Cortegada	32	2021-01-01
32028	Cualedro	32	2021-01-01
32029	Chandrexa de Queixa	32	2021-01-01
32030	Entrimo	32	2021-01-01
32031	Esgos	32	2021-01-01
32032	Xinzo de Limia	32	2021-01-01
32033	Gomesende	32	2021-01-01
32034	Gudiña, A	32	2021-01-01
32035	Irixo, O	32	2021-01-01
32036	Xunqueira de Ambía	32	2021-01-01
32037	Xunqueira de Espadanedo	32	2021-01-01
32038	Larouco	32	2021-01-01
32039	Laza	32	2021-01-01
32040	Leiro	32	2021-01-01
32041	Lobeira	32	2021-01-01
32042	Lobios	32	2021-01-01
32043	Maceda	32	2021-01-01
32044	Manzaneda	32	2021-01-01
32045	Maside	32	2021-01-01
32046	Melón	32	2021-01-01
32047	Merca, A	32	2021-01-01
32048	Mezquita, A	32	2021-01-01
32049	Montederramo	32	2021-01-01
32050	Monterrei	32	2021-01-01
32051	Muíños	32	2021-01-01
32052	Nogueira de Ramuín	32	2021-01-01
32053	Oímbra	32	2021-01-01
32054	Ourense	32	2021-01-01
32055	Paderne de Allariz	32	2021-01-01
32056	Padrenda	32	2021-01-01
32057	Parada de Sil	32	2021-01-01
32058	Pereiro de Aguiar, O	32	2021-01-01
32059	Peroxa, A	32	2021-01-01
32060	Petín	32	2021-01-01
32061	Piñor	32	2021-01-01
32062	Porqueira	32	2021-01-01
32063	Pobra de Trives, A	32	2021-01-01
32064	Pontedeva	32	2021-01-01
32065	Punxín	32	2021-01-01
32066	Quintela de Leirado	32	2021-01-01
32067	Rairiz de Veiga	32	2021-01-01
32068	Ramirás	32	2021-01-01
32069	Ribadavia	32	2021-01-01
32070	San Xoán de Río	32	2021-01-01
32071	Riós	32	2021-01-01
32072	Rúa, A	32	2021-01-01
32073	Rubiá	32	2021-01-01
32074	San Amaro	32	2021-01-01
32075	San Cibrao das Viñas	32	2021-01-01
32076	San Cristovo de Cea	32	2021-01-01
32077	Sandiás	32	2021-01-01
32078	Sarreaus	32	2021-01-01
32079	Taboadela	32	2021-01-01
32080	Teixeira, A	32	2021-01-01
32081	Toén	32	2021-01-01
32082	Trasmiras	32	2021-01-01
32083	Veiga, A	32	2021-01-01
32084	Verea	32	2021-01-01
32085	Verín	32	2021-01-01
32086	Viana do Bolo	32	2021-01-01
32087	Vilamarín	32	2021-01-01
32088	Vilamartín de Valdeorras	32	2021-01-01
32089	Vilar de Barrio	32	2021-01-01
32090	Vilar de Santos	32	2021-01-01
32091	Vilardevós	32	2021-01-01
32092	Vilariño de Conso	32	2021-01-01
33001	Allande	33	2021-01-01
33002	Aller	33	2021-01-01
33003	Amieva	33	2021-01-01
33004	Avilés	33	2021-01-01
33005	Belmonte de Miranda	33	2021-01-01
33006	Bimenes	33	2021-01-01
33007	Boal	33	2021-01-01
33008	Cabrales	33	2021-01-01
33009	Cabranes	33	2021-01-01
33010	Candamo	33	2021-01-01
33011	Cangas del Narcea	33	2021-01-01
33012	Cangas de Onís	33	2021-01-01
33013	Caravia	33	2021-01-01
33014	Carreño	33	2021-01-01
33015	Caso	33	2021-01-01
33016	Castrillón	33	2021-01-01
33017	Castropol	33	2021-01-01
33018	Coaña	33	2021-01-01
33019	Colunga	33	2021-01-01
33020	Corvera de Asturias	33	2021-01-01
33021	Cudillero	33	2021-01-01
33022	Degaña	33	2021-01-01
33023	Franco, El	33	2021-01-01
33024	Gijón	33	2021-01-01
33025	Gozón	33	2021-01-01
33026	Grado	33	2021-01-01
33027	Grandas de Salime	33	2021-01-01
33028	Ibias	33	2021-01-01
33029	Illano	33	2021-01-01
33030	Illas	33	2021-01-01
33031	Langreo	33	2021-01-01
33032	Laviana	33	2021-01-01
33033	Lena	33	2021-01-01
33034	Valdés	33	2021-01-01
33035	Llanera	33	2021-01-01
33036	Llanes	33	2021-01-01
33037	Mieres	33	2021-01-01
33038	Morcín	33	2021-01-01
33039	Muros de Nalón	33	2021-01-01
33040	Nava	33	2021-01-01
33041	Navia	33	2021-01-01
33042	Noreña	33	2021-01-01
33043	Onís	33	2021-01-01
33044	Oviedo	33	2021-01-01
33045	Parres	33	2021-01-01
33046	Peñamellera Alta	33	2021-01-01
33047	Peñamellera Baja	33	2021-01-01
33048	Pesoz	33	2021-01-01
33049	Piloña	33	2021-01-01
33050	Ponga	33	2021-01-01
33051	Pravia	33	2021-01-01
33052	Proaza	33	2021-01-01
33053	Quirós	33	2021-01-01
33054	Regueras, Las	33	2021-01-01
33055	Ribadedeva	33	2021-01-01
33056	Ribadesella	33	2021-01-01
33057	Ribera de Arriba	33	2021-01-01
33058	Riosa	33	2021-01-01
33059	Salas	33	2021-01-01
33060	San Martín del Rey Aurelio	33	2021-01-01
33061	San Martín de Oscos	33	2021-01-01
33062	Santa Eulalia de Oscos	33	2021-01-01
33063	San Tirso de Abres	33	2021-01-01
33064	Santo Adriano	33	2021-01-01
33065	Sariego	33	2021-01-01
33066	Siero	33	2021-01-01
33067	Sobrescobio	33	2021-01-01
33068	Somiedo	33	2021-01-01
33069	Soto del Barco	33	2021-01-01
33070	Tapia de Casariego	33	2021-01-01
33071	Taramundi	33	2021-01-01
33072	Teverga	33	2021-01-01
33073	Tineo	33	2021-01-01
33074	Vegadeo	33	2021-01-01
33075	Villanueva de Oscos	33	2021-01-01
33076	Villaviciosa	33	2021-01-01
33077	Villayón	33	2021-01-01
33078	Yernes y Tameza	33	2021-01-01
34001	Abarca de Campos	34	2021-01-01
34003	Abia de las Torres	34	2021-01-01
34004	Aguilar de Campoo	34	2021-01-01
34005	Alar del Rey	34	2021-01-01
34006	Alba de Cerrato	34	2021-01-01
34009	Amayuelas de Arriba	34	2021-01-01
34010	Ampudia	34	2021-01-01
34011	Amusco	34	2021-01-01
34012	Antigüedad	34	2021-01-01
34015	Arconada	34	2021-01-01
34017	Astudillo	34	2021-01-01
34018	Autilla del Pino	34	2021-01-01
34019	Autillo de Campos	34	2021-01-01
34020	Ayuela	34	2021-01-01
34022	Baltanás	34	2021-01-01
34023	Venta de Baños	34	2021-01-01
34024	Baquerín de Campos	34	2021-01-01
34025	Bárcena de Campos	34	2021-01-01
34027	Barruelo de Santullán	34	2021-01-01
34028	Báscones de Ojeda	34	2021-01-01
34029	Becerril de Campos	34	2021-01-01
34031	Belmonte de Campos	34	2021-01-01
34032	Berzosilla	34	2021-01-01
34033	Boada de Campos	34	2021-01-01
34034	Boadilla del Camino	34	2021-01-01
34035	Boadilla de Rioseco	34	2021-01-01
34036	Brañosera	34	2021-01-01
34037	Buenavista de Valdavia	34	2021-01-01
34038	Bustillo de la Vega	34	2021-01-01
34039	Bustillo del Páramo de Carrión	34	2021-01-01
34041	Calahorra de Boedo	34	2021-01-01
34042	Calzada de los Molinos	34	2021-01-01
34045	Capillas	34	2021-01-01
34046	Cardeñosa de Volpejera	34	2021-01-01
34047	Carrión de los Condes	34	2021-01-01
34048	Castil de Vela	34	2021-01-01
34049	Castrejón de la Peña	34	2021-01-01
34050	Castrillo de Don Juan	34	2021-01-01
34051	Castrillo de Onielo	34	2021-01-01
34052	Castrillo de Villavega	34	2021-01-01
34053	Castromocho	34	2021-01-01
34055	Cervatos de la Cueza	34	2021-01-01
34056	Cervera de Pisuerga	34	2021-01-01
34057	Cevico de la Torre	34	2021-01-01
34058	Cevico Navero	34	2021-01-01
34059	Cisneros	34	2021-01-01
34060	Cobos de Cerrato	34	2021-01-01
34061	Collazos de Boedo	34	2021-01-01
34062	Congosto de Valdavia	34	2021-01-01
34063	Cordovilla la Real	34	2021-01-01
34066	Cubillas de Cerrato	34	2021-01-01
34067	Dehesa de Montejo	34	2021-01-01
34068	Dehesa de Romanos	34	2021-01-01
34069	Dueñas	34	2021-01-01
34070	Espinosa de Cerrato	34	2021-01-01
34071	Espinosa de Villagonzalo	34	2021-01-01
34072	Frechilla	34	2021-01-01
34073	Fresno del Río	34	2021-01-01
34074	Frómista	34	2021-01-01
34076	Fuentes de Nava	34	2021-01-01
34077	Fuentes de Valdepero	34	2021-01-01
34079	Grijota	34	2021-01-01
34080	Guardo	34	2021-01-01
34081	Guaza de Campos	34	2021-01-01
34082	Hérmedes de Cerrato	34	2021-01-01
34083	Herrera de Pisuerga	34	2021-01-01
34084	Herrera de Valdecañas	34	2021-01-01
34086	Hontoria de Cerrato	34	2021-01-01
34087	Hornillos de Cerrato	34	2021-01-01
34088	Husillos	34	2021-01-01
34089	Itero de la Vega	34	2021-01-01
34091	Lagartos	34	2021-01-01
34092	Lantadilla	34	2021-01-01
34093	Vid de Ojeda, La	34	2021-01-01
34094	Ledigos	34	2021-01-01
34096	Lomas	34	2021-01-01
34098	Magaz de Pisuerga	34	2021-01-01
34099	Manquillos	34	2021-01-01
34100	Mantinos	34	2021-01-01
34101	Marcilla de Campos	34	2021-01-01
34102	Mazariegos	34	2021-01-01
34103	Mazuecos de Valdeginate	34	2021-01-01
34104	Melgar de Yuso	34	2021-01-01
34106	Meneses de Campos	34	2021-01-01
34107	Micieces de Ojeda	34	2021-01-01
34108	Monzón de Campos	34	2021-01-01
34109	Moratinos	34	2021-01-01
34110	Mudá	34	2021-01-01
34112	Nogal de las Huertas	34	2021-01-01
34113	Olea de Boedo	34	2021-01-01
34114	Olmos de Ojeda	34	2021-01-01
34116	Osornillo	34	2021-01-01
34120	Palencia	34	2021-01-01
34121	Palenzuela	34	2021-01-01
34122	Páramo de Boedo	34	2021-01-01
34123	Paredes de Nava	34	2021-01-01
34124	Payo de Ojeda	34	2021-01-01
34125	Pedraza de Campos	34	2021-01-01
34126	Pedrosa de la Vega	34	2021-01-01
34127	Perales	34	2021-01-01
34129	Pino del Río	34	2021-01-01
34130	Piña de Campos	34	2021-01-01
34131	Población de Arroyo	34	2021-01-01
34132	Población de Campos	34	2021-01-01
34133	Población de Cerrato	34	2021-01-01
34134	Polentinos	34	2021-01-01
34135	Pomar de Valdivia	34	2021-01-01
34136	Poza de la Vega	34	2021-01-01
34137	Pozo de Urama	34	2021-01-01
34139	Prádanos de Ojeda	34	2021-01-01
34140	Puebla de Valdavia, La	34	2021-01-01
34141	Quintana del Puente	34	2021-01-01
34143	Quintanilla de Onsoña	34	2021-01-01
34146	Reinoso de Cerrato	34	2021-01-01
34147	Renedo de la Vega	34	2021-01-01
34149	Requena de Campos	34	2021-01-01
34151	Respenda de la Peña	34	2021-01-01
34152	Revenga de Campos	34	2021-01-01
34154	Revilla de Collazos	34	2021-01-01
34155	Ribas de Campos	34	2021-01-01
34156	Riberos de la Cueza	34	2021-01-01
34157	Saldaña	34	2021-01-01
34158	Salinas de Pisuerga	34	2021-01-01
34159	San Cebrián de Campos	34	2021-01-01
34160	San Cebrián de Mudá	34	2021-01-01
34161	San Cristóbal de Boedo	34	2021-01-01
34163	San Mamés de Campos	34	2021-01-01
34165	San Román de la Cuba	34	2021-01-01
34167	Santa Cecilia del Alcor	34	2021-01-01
34168	Santa Cruz de Boedo	34	2021-01-01
34169	Santervás de la Vega	34	2021-01-01
34170	Santibáñez de Ecla	34	2021-01-01
34171	Santibáñez de la Peña	34	2021-01-01
34174	Santoyo	34	2021-01-01
34175	Serna, La	34	2021-01-01
34176	Sotobañado y Priorato	34	2021-01-01
34177	Soto de Cerrato	34	2021-01-01
34178	Tabanera de Cerrato	34	2021-01-01
34179	Tabanera de Valdavia	34	2021-01-01
34180	Támara de Campos	34	2021-01-01
34181	Tariego de Cerrato	34	2021-01-01
34182	Torquemada	34	2021-01-01
34184	Torremormojón	34	2021-01-01
34185	Triollo	34	2021-01-01
34186	Valbuena de Pisuerga	34	2021-01-01
34189	Valdeolmillos	34	2021-01-01
34190	Valderrábano	34	2021-01-01
34192	Valde-Ucieza	34	2021-01-01
34196	Valle de Cerrato	34	2021-01-01
34199	Velilla del Río Carrión	34	2021-01-01
34201	Vertavillo	34	2021-01-01
34202	Villabasta de Valdavia	34	2021-01-01
34204	Villacidaler	34	2021-01-01
34205	Villaconancio	34	2021-01-01
34206	Villada	34	2021-01-01
34208	Villaeles de Valdavia	34	2021-01-01
34210	Villahán	34	2021-01-01
34211	Villaherreros	34	2021-01-01
34213	Villalaco	34	2021-01-01
34214	Villalba de Guardo	34	2021-01-01
34215	Villalcázar de Sirga	34	2021-01-01
34216	Villalcón	34	2021-01-01
34217	Villalobón	34	2021-01-01
34218	Villaluenga de la Vega	34	2021-01-01
34220	Villamartín de Campos	34	2021-01-01
34221	Villamediana	34	2021-01-01
34222	Villameriel	34	2021-01-01
34223	Villamoronta	34	2021-01-01
34224	Villamuera de la Cueza	34	2021-01-01
34225	Villamuriel de Cerrato	34	2021-01-01
34227	Villanueva del Rebollar	34	2021-01-01
34228	Villanuño de Valdavia	34	2021-01-01
34229	Villaprovedo	34	2021-01-01
34230	Villarmentero de Campos	34	2021-01-01
34231	Villarrabé	34	2021-01-01
34232	Villarramiel	34	2021-01-01
34233	Villasarracino	34	2021-01-01
34234	Villasila de Valdavia	34	2021-01-01
34236	Villaturde	34	2021-01-01
34237	Villaumbrales	34	2021-01-01
34238	Villaviudas	34	2021-01-01
34240	Villerías de Campos	34	2021-01-01
34241	Villodre	34	2021-01-01
34242	Villodrigo	34	2021-01-01
34243	Villoldo	34	2021-01-01
34245	Villota del Páramo	34	2021-01-01
34246	Villovieco	34	2021-01-01
34901	Osorno la Mayor	34	2021-01-01
34902	Valle del Retortillo	34	2021-01-01
34903	Loma de Ucieza	34	2021-01-01
34904	Pernía, La	34	2021-01-01
35001	Agaete	35	2021-01-01
35002	Agüimes	35	2021-01-01
35003	Antigua	35	2021-01-01
35004	Arrecife	35	2021-01-01
35005	Artenara	35	2021-01-01
35006	Arucas	35	2021-01-01
35007	Betancuria	35	2021-01-01
35008	Firgas	35	2021-01-01
35009	Gáldar	35	2021-01-01
35010	Haría	35	2021-01-01
35011	Ingenio	35	2021-01-01
35012	Mogán	35	2021-01-01
35013	Moya	35	2021-01-01
35014	Oliva, La	35	2021-01-01
35015	Pájara	35	2021-01-01
35016	Palmas de Gran Canaria, Las	35	2021-01-01
35017	Puerto del Rosario	35	2021-01-01
35018	San Bartolomé	35	2021-01-01
35019	San Bartolomé de Tirajana	35	2021-01-01
35020	Aldea de San Nicolás, La	35	2021-01-01
35021	Santa Brígida	35	2021-01-01
35022	Santa Lucía de Tirajana	35	2021-01-01
35023	Santa María de Guía de Gran Canaria	35	2021-01-01
35024	Teguise	35	2021-01-01
35025	Tejeda	35	2021-01-01
35026	Telde	35	2021-01-01
35027	Teror	35	2021-01-01
35028	Tías	35	2021-01-01
35029	Tinajo	35	2021-01-01
35030	Tuineje	35	2021-01-01
35031	Valsequillo de Gran Canaria	35	2021-01-01
35032	Valleseco	35	2021-01-01
35033	Vega de San Mateo	35	2021-01-01
35034	Yaiza	35	2021-01-01
36001	Arbo	36	2021-01-01
36002	Barro	36	2021-01-01
36003	Baiona	36	2021-01-01
36004	Bueu	36	2021-01-01
36005	Caldas de Reis	36	2021-01-01
36006	Cambados	36	2021-01-01
36007	Campo Lameiro	36	2021-01-01
36008	Cangas	36	2021-01-01
36009	Cañiza, A	36	2021-01-01
36010	Catoira	36	2021-01-01
36013	Covelo	36	2021-01-01
36014	Crecente	36	2021-01-01
36015	Cuntis	36	2021-01-01
36016	Dozón	36	2021-01-01
36017	Estrada, A	36	2021-01-01
36018	Forcarei	36	2021-01-01
36019	Fornelos de Montes	36	2021-01-01
36020	Agolada	36	2021-01-01
36021	Gondomar	36	2021-01-01
36022	Grove, O	36	2021-01-01
36023	Guarda, A	36	2021-01-01
36024	Lalín	36	2021-01-01
36025	Lama, A	36	2021-01-01
36026	Marín	36	2021-01-01
36027	Meaño	36	2021-01-01
36028	Meis	36	2021-01-01
36029	Moaña	36	2021-01-01
36030	Mondariz	36	2021-01-01
36031	Mondariz-Balneario	36	2021-01-01
36032	Moraña	36	2021-01-01
36033	Mos	36	2021-01-01
36034	Neves, As	36	2021-01-01
36035	Nigrán	36	2021-01-01
36036	Oia	36	2021-01-01
36037	Pazos de Borbén	36	2021-01-01
36038	Pontevedra	36	2021-01-01
36039	Porriño, O	36	2021-01-01
36040	Portas	36	2021-01-01
36041	Poio	36	2021-01-01
36042	Ponteareas	36	2021-01-01
36043	Ponte Caldelas	36	2021-01-01
36044	Pontecesures	36	2021-01-01
36045	Redondela	36	2021-01-01
36046	Ribadumia	36	2021-01-01
36047	Rodeiro	36	2021-01-01
36048	Rosal, O	36	2021-01-01
36049	Salceda de Caselas	36	2021-01-01
36050	Salvaterra de Miño	36	2021-01-01
36051	Sanxenxo	36	2021-01-01
36052	Silleda	36	2021-01-01
36053	Soutomaior	36	2021-01-01
36054	Tomiño	36	2021-01-01
36055	Tui	36	2021-01-01
36056	Valga	36	2021-01-01
36057	Vigo	36	2021-01-01
36058	Vilaboa	36	2021-01-01
36059	Vila de Cruces	36	2021-01-01
36060	Vilagarcía de Arousa	36	2021-01-01
36061	Vilanova de Arousa	36	2021-01-01
36901	Illa de Arousa, A	36	2021-01-01
36902	Cerdedo-Cotobade	36	2021-01-01
37001	Abusejo	37	2021-01-01
37002	Agallas	37	2021-01-01
37003	Ahigal de los Aceiteros	37	2021-01-01
37004	Ahigal de Villarino	37	2021-01-01
37005	Alameda de Gardón, La	37	2021-01-01
37006	Alamedilla, La	37	2021-01-01
37007	Alaraz	37	2021-01-01
37008	Alba de Tormes	37	2021-01-01
37009	Alba de Yeltes	37	2021-01-01
37010	Alberca, La	37	2021-01-01
37011	Alberguería de Argañán, La	37	2021-01-01
37012	Alconada	37	2021-01-01
37013	Aldeacipreste	37	2021-01-01
37014	Aldeadávila de la Ribera	37	2021-01-01
37015	Aldea del Obispo	37	2021-01-01
37016	Aldealengua	37	2021-01-01
37017	Aldeanueva de Figueroa	37	2021-01-01
37018	Aldeanueva de la Sierra	37	2021-01-01
37019	Aldearrodrigo	37	2021-01-01
37020	Aldearrubia	37	2021-01-01
37021	Aldeaseca de Alba	37	2021-01-01
37022	Aldeaseca de la Frontera	37	2021-01-01
37023	Aldeatejada	37	2021-01-01
37024	Aldeavieja de Tormes	37	2021-01-01
37025	Aldehuela de la Bóveda	37	2021-01-01
37026	Aldehuela de Yeltes	37	2021-01-01
37027	Almenara de Tormes	37	2021-01-01
37028	Almendra	37	2021-01-01
37029	Anaya de Alba	37	2021-01-01
37030	Añover de Tormes	37	2021-01-01
37031	Arabayona de Mógica	37	2021-01-01
37032	Arapiles	37	2021-01-01
37033	Arcediano	37	2021-01-01
37034	Arco, El	37	2021-01-01
37035	Armenteros	37	2021-01-01
37036	San Miguel del Robledo	37	2021-01-01
37037	Atalaya, La	37	2021-01-01
37038	Babilafuente	37	2021-01-01
37039	Bañobárez	37	2021-01-01
37040	Barbadillo	37	2021-01-01
37041	Barbalos	37	2021-01-01
37042	Barceo	37	2021-01-01
37044	Barruecopardo	37	2021-01-01
37045	Bastida, La	37	2021-01-01
37046	Béjar	37	2021-01-01
37047	Beleña	37	2021-01-01
37049	Bermellar	37	2021-01-01
37050	Berrocal de Huebra	37	2021-01-01
37051	Berrocal de Salvatierra	37	2021-01-01
37052	Boada	37	2021-01-01
37054	Bodón, El	37	2021-01-01
37055	Bogajo	37	2021-01-01
37056	Bouza, La	37	2021-01-01
37057	Bóveda del Río Almar	37	2021-01-01
37058	Brincones	37	2021-01-01
37059	Buenamadre	37	2021-01-01
37060	Buenavista	37	2021-01-01
37061	Cabaco, El	37	2021-01-01
37062	Cabezabellosa de la Calzada	37	2021-01-01
37063	Cabeza de Béjar, La	37	2021-01-01
37065	Cabeza del Caballo	37	2021-01-01
37067	Cabrerizos	37	2021-01-01
37068	Cabrillas	37	2021-01-01
37069	Calvarrasa de Abajo	37	2021-01-01
37070	Calvarrasa de Arriba	37	2021-01-01
37071	Calzada de Béjar, La	37	2021-01-01
37072	Calzada de Don Diego	37	2021-01-01
37073	Calzada de Valdunciel	37	2021-01-01
37074	Campillo de Azaba	37	2021-01-01
37077	Campo de Peñaranda, El	37	2021-01-01
37078	Candelario	37	2021-01-01
37079	Canillas de Abajo	37	2021-01-01
37080	Cantagallo	37	2021-01-01
37081	Cantalapiedra	37	2021-01-01
37082	Cantalpino	37	2021-01-01
37083	Cantaracillo	37	2021-01-01
37085	Carbajosa de la Sagrada	37	2021-01-01
37086	Carpio de Azaba	37	2021-01-01
37087	Carrascal de Barregas	37	2021-01-01
37088	Carrascal del Obispo	37	2021-01-01
37089	Casafranca	37	2021-01-01
37090	Casas del Conde, Las	37	2021-01-01
37091	Casillas de Flores	37	2021-01-01
37092	Castellanos de Moriscos	37	2021-01-01
37096	Castillejo de Martín Viejo	37	2021-01-01
37097	Castraz	37	2021-01-01
37098	Cepeda	37	2021-01-01
37099	Cereceda de la Sierra	37	2021-01-01
37100	Cerezal de Peñahorcada	37	2021-01-01
37101	Cerralbo	37	2021-01-01
37102	Cerro, El	37	2021-01-01
37103	Cespedosa de Tormes	37	2021-01-01
37104	Cilleros de la Bastida	37	2021-01-01
37106	Cipérez	37	2021-01-01
37107	Ciudad Rodrigo	37	2021-01-01
37108	Coca de Alba	37	2021-01-01
37109	Colmenar de Montemayor	37	2021-01-01
37110	Cordovilla	37	2021-01-01
37112	Cristóbal	37	2021-01-01
37113	Cubo de Don Sancho, El	37	2021-01-01
37114	Chagarcía Medianero	37	2021-01-01
37115	Dios le Guarde	37	2021-01-01
37116	Doñinos de Ledesma	37	2021-01-01
37117	Doñinos de Salamanca	37	2021-01-01
37118	Éjeme	37	2021-01-01
37119	Encina, La	37	2021-01-01
37120	Encina de San Silvestre	37	2021-01-01
37121	Encinas de Abajo	37	2021-01-01
37122	Encinas de Arriba	37	2021-01-01
37123	Encinasola de los Comendadores	37	2021-01-01
37124	Endrinal	37	2021-01-01
37125	Escurial de la Sierra	37	2021-01-01
37126	Espadaña	37	2021-01-01
37127	Espeja	37	2021-01-01
37128	Espino de la Orbada	37	2021-01-01
37129	Florida de Liébana	37	2021-01-01
37130	Forfoleda	37	2021-01-01
37131	Frades de la Sierra	37	2021-01-01
37132	Fregeneda, La	37	2021-01-01
37133	Fresnedoso	37	2021-01-01
37134	Fresno Alhándiga	37	2021-01-01
37135	Fuente de San Esteban, La	37	2021-01-01
37136	Fuenteguinaldo	37	2021-01-01
37137	Fuenteliante	37	2021-01-01
37138	Fuenterroble de Salvatierra	37	2021-01-01
37139	Fuentes de Béjar	37	2021-01-01
37140	Fuentes de Oñoro	37	2021-01-01
37141	Gajates	37	2021-01-01
37142	Galindo y Perahuy	37	2021-01-01
37143	Galinduste	37	2021-01-01
37144	Galisancho	37	2021-01-01
37145	Gallegos de Argañán	37	2021-01-01
37146	Gallegos de Solmirón	37	2021-01-01
37147	Garcibuey	37	2021-01-01
37148	Garcihernández	37	2021-01-01
37149	Garcirrey	37	2021-01-01
37150	Gejuelo del Barro	37	2021-01-01
37151	Golpejas	37	2021-01-01
37152	Gomecello	37	2021-01-01
37154	Guadramiro	37	2021-01-01
37155	Guijo de Ávila	37	2021-01-01
37156	Guijuelo	37	2021-01-01
37157	Herguijuela de Ciudad Rodrigo	37	2021-01-01
37158	Herguijuela de la Sierra	37	2021-01-01
37159	Herguijuela del Campo	37	2021-01-01
37160	Hinojosa de Duero	37	2021-01-01
37161	Horcajo de Montemayor	37	2021-01-01
37162	Horcajo Medianero	37	2021-01-01
37163	Hoya, La	37	2021-01-01
37164	Huerta	37	2021-01-01
37165	Iruelos	37	2021-01-01
37166	Ituero de Azaba	37	2021-01-01
37167	Juzbado	37	2021-01-01
37168	Lagunilla	37	2021-01-01
37169	Larrodrigo	37	2021-01-01
37170	Ledesma	37	2021-01-01
37171	Ledrada	37	2021-01-01
37172	Linares de Riofrío	37	2021-01-01
37173	Lumbrales	37	2021-01-01
37174	Macotera	37	2021-01-01
37175	Machacón	37	2021-01-01
37176	Madroñal	37	2021-01-01
37177	Maíllo, El	37	2021-01-01
37178	Malpartida	37	2021-01-01
37179	Mancera de Abajo	37	2021-01-01
37180	Manzano, El	37	2021-01-01
37181	Martiago	37	2021-01-01
37182	Martinamor	37	2021-01-01
37183	Martín de Yeltes	37	2021-01-01
37184	Masueco	37	2021-01-01
37185	Castellanos de Villiquera	37	2021-01-01
37186	Mata de Ledesma, La	37	2021-01-01
37187	Matilla de los Caños del Río	37	2021-01-01
37188	Maya, La	37	2021-01-01
37189	Membribe de la Sierra	37	2021-01-01
37190	Mieza	37	2021-01-01
37191	Milano, El	37	2021-01-01
37192	Miranda de Azán	37	2021-01-01
37193	Miranda del Castañar	37	2021-01-01
37194	Mogarraz	37	2021-01-01
37195	Molinillo	37	2021-01-01
37196	Monforte de la Sierra	37	2021-01-01
37197	Monleón	37	2021-01-01
37198	Monleras	37	2021-01-01
37199	Monsagro	37	2021-01-01
37200	Montejo	37	2021-01-01
37201	Montemayor del Río	37	2021-01-01
37202	Monterrubio de Armuña	37	2021-01-01
37203	Monterrubio de la Sierra	37	2021-01-01
37204	Morasverdes	37	2021-01-01
37205	Morille	37	2021-01-01
37206	Moríñigo	37	2021-01-01
37207	Moriscos	37	2021-01-01
37208	Moronta	37	2021-01-01
37209	Mozárbez	37	2021-01-01
37211	Narros de Matalayegua	37	2021-01-01
37212	Navacarros	37	2021-01-01
37213	Nava de Béjar	37	2021-01-01
37214	Nava de Francia	37	2021-01-01
37215	Nava de Sotrobal	37	2021-01-01
37216	Navales	37	2021-01-01
37217	Navalmoral de Béjar	37	2021-01-01
37218	Navamorales	37	2021-01-01
37219	Navarredonda de la Rinconada	37	2021-01-01
37221	Navasfrías	37	2021-01-01
37222	Negrilla de Palencia	37	2021-01-01
37223	Olmedo de Camaces	37	2021-01-01
37224	Orbada, La	37	2021-01-01
37225	Pajares de la Laguna	37	2021-01-01
37226	Palacios del Arzobispo	37	2021-01-01
37228	Palaciosrubios	37	2021-01-01
37229	Palencia de Negrilla	37	2021-01-01
37230	Parada de Arriba	37	2021-01-01
37231	Parada de Rubiales	37	2021-01-01
37232	Paradinas de San Juan	37	2021-01-01
37233	Pastores	37	2021-01-01
37234	Payo, El	37	2021-01-01
37235	Pedraza de Alba	37	2021-01-01
37236	Pedrosillo de Alba	37	2021-01-01
37237	Pedrosillo de los Aires	37	2021-01-01
37238	Pedrosillo el Ralo	37	2021-01-01
37239	Pedroso de la Armuña, El	37	2021-01-01
37240	Pelabravo	37	2021-01-01
37241	Pelarrodríguez	37	2021-01-01
37242	Pelayos	37	2021-01-01
37243	Peña, La	37	2021-01-01
37244	Peñacaballera	37	2021-01-01
37245	Peñaparda	37	2021-01-01
37246	Peñaranda de Bracamonte	37	2021-01-01
37247	Peñarandilla	37	2021-01-01
37248	Peralejos de Abajo	37	2021-01-01
37249	Peralejos de Arriba	37	2021-01-01
37250	Pereña de la Ribera	37	2021-01-01
37251	Peromingo	37	2021-01-01
37252	Pinedas	37	2021-01-01
37253	Pino de Tormes, El	37	2021-01-01
37254	Pitiegua	37	2021-01-01
37255	Pizarral	37	2021-01-01
37256	Poveda de las Cintas	37	2021-01-01
37257	Pozos de Hinojo	37	2021-01-01
37258	Puebla de Azaba	37	2021-01-01
37259	Puebla de San Medel	37	2021-01-01
37260	Puebla de Yeltes	37	2021-01-01
37261	Puente del Congosto	37	2021-01-01
37262	Puertas	37	2021-01-01
37263	Puerto de Béjar	37	2021-01-01
37264	Puerto Seguro	37	2021-01-01
37265	Rágama	37	2021-01-01
37266	Redonda, La	37	2021-01-01
37267	Retortillo	37	2021-01-01
37268	Rinconada de la Sierra, La	37	2021-01-01
37269	Robleda	37	2021-01-01
37270	Robliza de Cojos	37	2021-01-01
37271	Rollán	37	2021-01-01
37272	Saelices el Chico	37	2021-01-01
37273	Sagrada, La	37	2021-01-01
37274	Salamanca	37	2021-01-01
37275	Saldeana	37	2021-01-01
37276	Salmoral	37	2021-01-01
37277	Salvatierra de Tormes	37	2021-01-01
37278	San Cristóbal de la Cuesta	37	2021-01-01
37279	Sancti-Spíritus	37	2021-01-01
37280	Sanchón de la Ribera	37	2021-01-01
37281	Sanchón de la Sagrada	37	2021-01-01
37282	Sanchotello	37	2021-01-01
37283	Sando	37	2021-01-01
37284	San Esteban de la Sierra	37	2021-01-01
37285	San Felices de los Gallegos	37	2021-01-01
37286	San Martín del Castañar	37	2021-01-01
37287	San Miguel de Valero	37	2021-01-01
37288	San Morales	37	2021-01-01
37289	San Muñoz	37	2021-01-01
37290	San Pedro del Valle	37	2021-01-01
37291	San Pedro de Rozados	37	2021-01-01
37292	San Pelayo de Guareña	37	2021-01-01
37293	Santa María de Sando	37	2021-01-01
37294	Santa Marta de Tormes	37	2021-01-01
37296	Santiago de la Puebla	37	2021-01-01
37297	Santibáñez de Béjar	37	2021-01-01
37298	Santibáñez de la Sierra	37	2021-01-01
37299	Santiz	37	2021-01-01
37300	Santos, Los	37	2021-01-01
37301	Sardón de los Frailes	37	2021-01-01
37302	Saucelle	37	2021-01-01
37303	Sahugo, El	37	2021-01-01
37304	Sepulcro-Hilario	37	2021-01-01
37305	Sequeros	37	2021-01-01
37306	Serradilla del Arroyo	37	2021-01-01
37307	Serradilla del Llano	37	2021-01-01
37309	Sierpe, La	37	2021-01-01
37310	Sieteiglesias de Tormes	37	2021-01-01
37311	Sobradillo	37	2021-01-01
37312	Sorihuela	37	2021-01-01
37313	Sotoserrano	37	2021-01-01
37314	Tabera de Abajo	37	2021-01-01
37315	Tala, La	37	2021-01-01
37316	Tamames	37	2021-01-01
37317	Tarazona de Guareña	37	2021-01-01
37318	Tardáguila	37	2021-01-01
37319	Tejado, El	37	2021-01-01
37320	Tejeda y Segoyuela	37	2021-01-01
37321	Tenebrón	37	2021-01-01
37322	Terradillos	37	2021-01-01
37323	Topas	37	2021-01-01
37324	Tordillos	37	2021-01-01
37325	Tornadizo, El	37	2021-01-01
37327	Torresmenudas	37	2021-01-01
37328	Trabanca	37	2021-01-01
37329	Tremedal de Tormes	37	2021-01-01
37330	Valdecarros	37	2021-01-01
37331	Valdefuentes de Sangusín	37	2021-01-01
37332	Valdehijaderos	37	2021-01-01
37333	Valdelacasa	37	2021-01-01
37334	Valdelageve	37	2021-01-01
37335	Valdelosa	37	2021-01-01
37336	Valdemierque	37	2021-01-01
37337	Valderrodrigo	37	2021-01-01
37338	Valdunciel	37	2021-01-01
37339	Valero	37	2021-01-01
37340	Valsalabroso	37	2021-01-01
37341	Valverde de Valdelacasa	37	2021-01-01
37342	Valverdón	37	2021-01-01
37343	Vallejera de Riofrío	37	2021-01-01
37344	Vecinos	37	2021-01-01
37345	Vega de Tirados	37	2021-01-01
37346	Veguillas, Las	37	2021-01-01
37347	Vellés, La	37	2021-01-01
37348	Ventosa del Río Almar	37	2021-01-01
37349	Vídola, La	37	2021-01-01
37350	Vilvestre	37	2021-01-01
37351	Villaflores	37	2021-01-01
37352	Villagonzalo de Tormes	37	2021-01-01
37353	Villalba de los Llanos	37	2021-01-01
37354	Villamayor	37	2021-01-01
37355	Villanueva del Conde	37	2021-01-01
37356	Villar de Argañán	37	2021-01-01
37357	Villar de Ciervo	37	2021-01-01
37358	Villar de Gallimazo	37	2021-01-01
37359	Villar de la Yegua	37	2021-01-01
37360	Villar de Peralonso	37	2021-01-01
37361	Villar de Samaniego	37	2021-01-01
37362	Villares de la Reina	37	2021-01-01
37363	Villares de Yeltes	37	2021-01-01
37364	Villarino de los Aires	37	2021-01-01
37365	Villarmayor	37	2021-01-01
37366	Villarmuerto	37	2021-01-01
37367	Villasbuenas	37	2021-01-01
37368	Villasdardo	37	2021-01-01
37369	Villaseco de los Gamitos	37	2021-01-01
37370	Villaseco de los Reyes	37	2021-01-01
37371	Villasrubias	37	2021-01-01
37372	Villaverde de Guareña	37	2021-01-01
37373	Villavieja de Yeltes	37	2021-01-01
37374	Villoria	37	2021-01-01
37375	Villoruela	37	2021-01-01
37376	Vitigudino	37	2021-01-01
37377	Yecla de Yeltes	37	2021-01-01
37378	Zamarra	37	2021-01-01
37379	Zamayón	37	2021-01-01
37380	Zarapicos	37	2021-01-01
37381	Zarza de Pumareda, La	37	2021-01-01
37382	Zorita de la Frontera	37	2021-01-01
38001	Adeje	38	2021-01-01
38002	Agulo	38	2021-01-01
38003	Alajeró	38	2021-01-01
38004	Arafo	38	2021-01-01
38005	Arico	38	2021-01-01
38006	Arona	38	2021-01-01
38007	Barlovento	38	2021-01-01
38008	Breña Alta	38	2021-01-01
38009	Breña Baja	38	2021-01-01
38010	Buenavista del Norte	38	2021-01-01
38011	Candelaria	38	2021-01-01
38012	Fasnia	38	2021-01-01
38013	Frontera	38	2021-01-01
38014	Fuencaliente de la Palma	38	2021-01-01
38015	Garachico	38	2021-01-01
38016	Garafía	38	2021-01-01
38017	Granadilla de Abona	38	2021-01-01
38018	Guancha, La	38	2021-01-01
38019	Guía de Isora	38	2021-01-01
38020	Güímar	38	2021-01-01
38021	Hermigua	38	2021-01-01
38022	Icod de los Vinos	38	2021-01-01
38023	San Cristóbal de La Laguna	38	2021-01-01
38024	Llanos de Aridane, Los	38	2021-01-01
38025	Matanza de Acentejo, La	38	2021-01-01
38026	Orotava, La	38	2021-01-01
38027	Paso, El	38	2021-01-01
38028	Puerto de la Cruz	38	2021-01-01
38029	Puntagorda	38	2021-01-01
38030	Puntallana	38	2021-01-01
38031	Realejos, Los	38	2021-01-01
38032	Rosario, El	38	2021-01-01
38033	San Andrés y Sauces	38	2021-01-01
38034	San Juan de la Rambla	38	2021-01-01
38035	San Miguel de Abona	38	2021-01-01
38036	San Sebastián de la Gomera	38	2021-01-01
38037	Santa Cruz de la Palma	38	2021-01-01
38038	Santa Cruz de Tenerife	38	2021-01-01
38039	Santa Úrsula	38	2021-01-01
38040	Santiago del Teide	38	2021-01-01
38041	Sauzal, El	38	2021-01-01
38042	Silos, Los	38	2021-01-01
38043	Tacoronte	38	2021-01-01
38044	Tanque, El	38	2021-01-01
38045	Tazacorte	38	2021-01-01
38046	Tegueste	38	2021-01-01
38047	Tijarafe	38	2021-01-01
38048	Valverde	38	2021-01-01
38049	Valle Gran Rey	38	2021-01-01
38050	Vallehermoso	38	2021-01-01
38051	Victoria de Acentejo, La	38	2021-01-01
38052	Vilaflor de Chasna	38	2021-01-01
38053	Villa de Mazo	38	2021-01-01
38901	Pinar de El Hierro, El	38	2021-01-01
39001	Alfoz de Lloredo	39	2021-01-01
39002	Ampuero	39	2021-01-01
39003	Anievas	39	2021-01-01
39004	Arenas de Iguña	39	2021-01-01
39005	Argoños	39	2021-01-01
39006	Arnuero	39	2021-01-01
39007	Arredondo	39	2021-01-01
39008	Astillero, El	39	2021-01-01
39009	Bárcena de Cicero	39	2021-01-01
39010	Bárcena de Pie de Concha	39	2021-01-01
39011	Bareyo	39	2021-01-01
39012	Cabezón de la Sal	39	2021-01-01
39013	Cabezón de Liébana	39	2021-01-01
39014	Cabuérniga	39	2021-01-01
39015	Camaleño	39	2021-01-01
39016	Camargo	39	2021-01-01
39017	Campoo de Yuso	39	2021-01-01
39018	Cartes	39	2021-01-01
39019	Castañeda	39	2021-01-01
39020	Castro-Urdiales	39	2021-01-01
39021	Cieza	39	2021-01-01
39022	Cillorigo de Liébana	39	2021-01-01
39023	Colindres	39	2021-01-01
39024	Comillas	39	2021-01-01
39025	Corrales de Buelna, Los	39	2021-01-01
39026	Corvera de Toranzo	39	2021-01-01
39027	Campoo de Enmedio	39	2021-01-01
39028	Entrambasaguas	39	2021-01-01
39029	Escalante	39	2021-01-01
39030	Guriezo	39	2021-01-01
39031	Hazas de Cesto	39	2021-01-01
39032	Hermandad de Campoo de Suso	39	2021-01-01
39033	Herrerías	39	2021-01-01
39034	Lamasón	39	2021-01-01
39035	Laredo	39	2021-01-01
39036	Liendo	39	2021-01-01
39037	Liérganes	39	2021-01-01
39038	Limpias	39	2021-01-01
39039	Luena	39	2021-01-01
39040	Marina de Cudeyo	39	2021-01-01
39041	Mazcuerras	39	2021-01-01
39042	Medio Cudeyo	39	2021-01-01
39043	Meruelo	39	2021-01-01
39044	Miengo	39	2021-01-01
39045	Miera	39	2021-01-01
39046	Molledo	39	2021-01-01
39047	Noja	39	2021-01-01
39048	Penagos	39	2021-01-01
39049	Peñarrubia	39	2021-01-01
39050	Pesaguero	39	2021-01-01
39051	Pesquera	39	2021-01-01
39052	Piélagos	39	2021-01-01
39053	Polaciones	39	2021-01-01
39054	Polanco	39	2021-01-01
39055	Potes	39	2021-01-01
39056	Puente Viesgo	39	2021-01-01
39057	Ramales de la Victoria	39	2021-01-01
39058	Rasines	39	2021-01-01
39059	Reinosa	39	2021-01-01
39060	Reocín	39	2021-01-01
39061	Ribamontán al Mar	39	2021-01-01
39062	Ribamontán al Monte	39	2021-01-01
39063	Rionansa	39	2021-01-01
39064	Riotuerto	39	2021-01-01
39065	Rozas de Valdearroyo, Las	39	2021-01-01
39066	Ruente	39	2021-01-01
39067	Ruesga	39	2021-01-01
39068	Ruiloba	39	2021-01-01
39069	San Felices de Buelna	39	2021-01-01
39070	San Miguel de Aguayo	39	2021-01-01
39071	San Pedro del Romeral	39	2021-01-01
39072	San Roque de Riomiera	39	2021-01-01
39073	Santa Cruz de Bezana	39	2021-01-01
39074	Santa María de Cayón	39	2021-01-01
39075	Santander	39	2021-01-01
39076	Santillana del Mar	39	2021-01-01
39077	Santiurde de Reinosa	39	2021-01-01
39078	Santiurde de Toranzo	39	2021-01-01
39079	Santoña	39	2021-01-01
39080	San Vicente de la Barquera	39	2021-01-01
39081	Saro	39	2021-01-01
39082	Selaya	39	2021-01-01
39083	Soba	39	2021-01-01
39084	Solórzano	39	2021-01-01
39085	Suances	39	2021-01-01
39086	Tojos, Los	39	2021-01-01
39087	Torrelavega	39	2021-01-01
39088	Tresviso	39	2021-01-01
39089	Tudanca	39	2021-01-01
39090	Udías	39	2021-01-01
39091	Valdáliga	39	2021-01-01
39092	Valdeolea	39	2021-01-01
39093	Valdeprado del Río	39	2021-01-01
39094	Valderredible	39	2021-01-01
39095	Val de San Vicente	39	2021-01-01
39096	Vega de Liébana	39	2021-01-01
39097	Vega de Pas	39	2021-01-01
39098	Villacarriedo	39	2021-01-01
39099	Villaescusa	39	2021-01-01
39100	Villafufre	39	2021-01-01
39101	Valle de Villaverde	39	2021-01-01
39102	Voto	39	2021-01-01
40001	Abades	40	2021-01-01
40002	Adrada de Pirón	40	2021-01-01
40003	Adrados	40	2021-01-01
40004	Aguilafuente	40	2021-01-01
40005	Alconada de Maderuelo	40	2021-01-01
40006	Aldealcorvo	40	2021-01-01
40007	Aldealengua de Pedraza	40	2021-01-01
40008	Aldealengua de Santa María	40	2021-01-01
40009	Aldeanueva de la Serrezuela	40	2021-01-01
40010	Aldeanueva del Codonal	40	2021-01-01
40012	Aldea Real	40	2021-01-01
40013	Aldeasoña	40	2021-01-01
40014	Aldehorno	40	2021-01-01
40015	Aldehuela del Codonal	40	2021-01-01
40016	Aldeonte	40	2021-01-01
40017	Anaya	40	2021-01-01
40018	Añe	40	2021-01-01
40019	Arahuetes	40	2021-01-01
40020	Arcones	40	2021-01-01
40021	Arevalillo de Cega	40	2021-01-01
40022	Armuña	40	2021-01-01
40024	Ayllón	40	2021-01-01
40025	Barbolla	40	2021-01-01
40026	Basardilla	40	2021-01-01
40028	Bercial	40	2021-01-01
40029	Bercimuel	40	2021-01-01
40030	Bernardos	40	2021-01-01
40031	Bernuy de Porreros	40	2021-01-01
40032	Boceguillas	40	2021-01-01
40033	Brieva	40	2021-01-01
40034	Caballar	40	2021-01-01
40035	Cabañas de Polendos	40	2021-01-01
40036	Cabezuela	40	2021-01-01
40037	Calabazas de Fuentidueña	40	2021-01-01
40039	Campo de San Pedro	40	2021-01-01
40040	Cantalejo	40	2021-01-01
40041	Cantimpalos	40	2021-01-01
40043	Carbonero el Mayor	40	2021-01-01
40044	Carrascal del Río	40	2021-01-01
40045	Casla	40	2021-01-01
40046	Castillejo de Mesleón	40	2021-01-01
40047	Castro de Fuentidueña	40	2021-01-01
40048	Castrojimeno	40	2021-01-01
40049	Castroserna de Abajo	40	2021-01-01
40051	Castroserracín	40	2021-01-01
40052	Cedillo de la Torre	40	2021-01-01
40053	Cerezo de Abajo	40	2021-01-01
40054	Cerezo de Arriba	40	2021-01-01
40055	Cilleruelo de San Mamés	40	2021-01-01
40056	Cobos de Fuentidueña	40	2021-01-01
40057	Coca	40	2021-01-01
40058	Codorniz	40	2021-01-01
40059	Collado Hermoso	40	2021-01-01
40060	Condado de Castilnovo	40	2021-01-01
40061	Corral de Ayllón	40	2021-01-01
40062	Cubillo	40	2021-01-01
40063	Cuéllar	40	2021-01-01
40065	Chañe	40	2021-01-01
40068	Domingo García	40	2021-01-01
40069	Donhierro	40	2021-01-01
40070	Duruelo	40	2021-01-01
40071	Encinas	40	2021-01-01
40072	Encinillas	40	2021-01-01
40073	Escalona del Prado	40	2021-01-01
40074	Escarabajosa de Cabezas	40	2021-01-01
40075	Escobar de Polendos	40	2021-01-01
40076	Espinar, El	40	2021-01-01
40077	Espirdo	40	2021-01-01
40078	Fresneda de Cuéllar	40	2021-01-01
40079	Fresno de Cantespino	40	2021-01-01
40080	Fresno de la Fuente	40	2021-01-01
40081	Frumales	40	2021-01-01
40082	Fuente de Santa Cruz	40	2021-01-01
40083	Fuente el Olmo de Fuentidueña	40	2021-01-01
40084	Fuente el Olmo de Íscar	40	2021-01-01
40086	Fuentepelayo	40	2021-01-01
40087	Fuentepiñel	40	2021-01-01
40088	Fuenterrebollo	40	2021-01-01
40089	Fuentesaúco de Fuentidueña	40	2021-01-01
40091	Fuentesoto	40	2021-01-01
40092	Fuentidueña	40	2021-01-01
40093	Gallegos	40	2021-01-01
40094	Garcillán	40	2021-01-01
40095	Gomezserracín	40	2021-01-01
40097	Grajera	40	2021-01-01
40099	Honrubia de la Cuesta	40	2021-01-01
40100	Hontalbilla	40	2021-01-01
40101	Hontanares de Eresma	40	2021-01-01
40103	Huertos, Los	40	2021-01-01
40104	Ituero y Lama	40	2021-01-01
40105	Juarros de Riomoros	40	2021-01-01
40106	Juarros de Voltoya	40	2021-01-01
40107	Labajos	40	2021-01-01
40108	Laguna de Contreras	40	2021-01-01
40109	Languilla	40	2021-01-01
40110	Lastras de Cuéllar	40	2021-01-01
40111	Lastras del Pozo	40	2021-01-01
40112	Lastrilla, La	40	2021-01-01
40113	Losa, La	40	2021-01-01
40115	Maderuelo	40	2021-01-01
40118	Marazuela	40	2021-01-01
40119	Martín Miguel	40	2021-01-01
40120	Martín Muñoz de la Dehesa	40	2021-01-01
40121	Martín Muñoz de las Posadas	40	2021-01-01
40122	Marugán	40	2021-01-01
40123	Matabuena	40	2021-01-01
40124	Mata de Cuéllar	40	2021-01-01
40125	Matilla, La	40	2021-01-01
40126	Melque de Cercos	40	2021-01-01
40127	Membibre de la Hoz	40	2021-01-01
40128	Migueláñez	40	2021-01-01
40129	Montejo de Arévalo	40	2021-01-01
40130	Montejo de la Vega de la Serrezuela	40	2021-01-01
40131	Monterrubio	40	2021-01-01
40132	Moral de Hornuez	40	2021-01-01
40134	Mozoncillo	40	2021-01-01
40135	Muñopedro	40	2021-01-01
40136	Muñoveros	40	2021-01-01
40138	Nava de la Asunción	40	2021-01-01
40139	Navafría	40	2021-01-01
40140	Navalilla	40	2021-01-01
40141	Navalmanzano	40	2021-01-01
40142	Navares de Ayuso	40	2021-01-01
40143	Navares de Enmedio	40	2021-01-01
40144	Navares de las Cuevas	40	2021-01-01
40145	Navas de Oro	40	2021-01-01
40146	Navas de San Antonio	40	2021-01-01
40148	Nieva	40	2021-01-01
40149	Olombrada	40	2021-01-01
40150	Orejana	40	2021-01-01
40151	Ortigosa de Pestaño	40	2021-01-01
40152	Otero de Herreros	40	2021-01-01
40154	Pajarejos	40	2021-01-01
40155	Palazuelos de Eresma	40	2021-01-01
40156	Pedraza	40	2021-01-01
40157	Pelayos del Arroyo	40	2021-01-01
40158	Perosillo	40	2021-01-01
40159	Pinarejos	40	2021-01-01
40160	Pinarnegrillo	40	2021-01-01
40161	Carabias	40	2021-01-01
40162	Prádena	40	2021-01-01
40163	Puebla de Pedraza	40	2021-01-01
40164	Rapariegos	40	2021-01-01
40165	Rebollo	40	2021-01-01
40166	Remondo	40	2021-01-01
40168	Riaguas de San Bartolomé	40	2021-01-01
40170	Riaza	40	2021-01-01
40171	Ribota	40	2021-01-01
40172	Riofrío de Riaza	40	2021-01-01
40173	Roda de Eresma	40	2021-01-01
40174	Sacramenia	40	2021-01-01
40176	Samboal	40	2021-01-01
40177	San Cristóbal de Cuéllar	40	2021-01-01
40178	San Cristóbal de la Vega	40	2021-01-01
40179	Sanchonuño	40	2021-01-01
40180	Sangarcía	40	2021-01-01
40181	Real Sitio de San Ildefonso	40	2021-01-01
40182	San Martín y Mudrián	40	2021-01-01
40183	San Miguel de Bernuy	40	2021-01-01
40184	San Pedro de Gaíllos	40	2021-01-01
40185	Santa María la Real de Nieva	40	2021-01-01
40186	Santa Marta del Cerro	40	2021-01-01
40188	Santiuste de Pedraza	40	2021-01-01
40189	Santiuste de San Juan Bautista	40	2021-01-01
40190	Santo Domingo de Pirón	40	2021-01-01
40191	Santo Tomé del Puerto	40	2021-01-01
40192	Sauquillo de Cabezas	40	2021-01-01
40193	Sebúlcor	40	2021-01-01
40194	Segovia	40	2021-01-01
40195	Sepúlveda	40	2021-01-01
40196	Sequera de Fresno	40	2021-01-01
40198	Sotillo	40	2021-01-01
40199	Sotosalbos	40	2021-01-01
40200	Tabanera la Luenga	40	2021-01-01
40201	Tolocirio	40	2021-01-01
40202	Torreadrada	40	2021-01-01
40203	Torrecaballeros	40	2021-01-01
40204	Torrecilla del Pinar	40	2021-01-01
40205	Torreiglesias	40	2021-01-01
40206	Torre Val de San Pedro	40	2021-01-01
40207	Trescasas	40	2021-01-01
40208	Turégano	40	2021-01-01
40210	Urueñas	40	2021-01-01
40211	Valdeprados	40	2021-01-01
40212	Valdevacas de Montejo	40	2021-01-01
40213	Valdevacas y Guijar	40	2021-01-01
40214	Valseca	40	2021-01-01
40215	Valtiendas	40	2021-01-01
40216	Valverde del Majano	40	2021-01-01
40218	Valle de Tabladillo	40	2021-01-01
40219	Vallelado	40	2021-01-01
40220	Valleruela de Pedraza	40	2021-01-01
40221	Valleruela de Sepúlveda	40	2021-01-01
40222	Veganzones	40	2021-01-01
40223	Vegas de Matute	40	2021-01-01
40224	Ventosilla y Tejadilla	40	2021-01-01
40225	Villacastín	40	2021-01-01
40228	Villaverde de Íscar	40	2021-01-01
40229	Villaverde de Montejo	40	2021-01-01
40230	Villeguillo	40	2021-01-01
40231	Yanguas de Eresma	40	2021-01-01
40233	Zarzuela del Monte	40	2021-01-01
40234	Zarzuela del Pinar	40	2021-01-01
40901	Ortigosa del Monte	40	2021-01-01
40902	Cozuelos de Fuentidueña	40	2021-01-01
40903	Marazoleja	40	2021-01-01
40904	Navas de Riofrío	40	2021-01-01
40905	Cuevas de Provanco	40	2021-01-01
40906	San Cristóbal de Segovia	40	2021-01-01
41001	Aguadulce	41	2021-01-01
41002	Alanís	41	2021-01-01
41003	Albaida del Aljarafe	41	2021-01-01
41004	Alcalá de Guadaíra	41	2021-01-01
41005	Alcalá del Río	41	2021-01-01
41006	Alcolea del Río	41	2021-01-01
41007	Algaba, La	41	2021-01-01
41008	Algámitas	41	2021-01-01
41009	Almadén de la Plata	41	2021-01-01
41010	Almensilla	41	2021-01-01
41011	Arahal	41	2021-01-01
41012	Aznalcázar	41	2021-01-01
41013	Aznalcóllar	41	2021-01-01
41014	Badolatosa	41	2021-01-01
41015	Benacazón	41	2021-01-01
41016	Bollullos de la Mitación	41	2021-01-01
41017	Bormujos	41	2021-01-01
41018	Brenes	41	2021-01-01
41019	Burguillos	41	2021-01-01
41020	Cabezas de San Juan, Las	41	2021-01-01
41021	Camas	41	2021-01-01
41022	Campana, La	41	2021-01-01
41023	Cantillana	41	2021-01-01
41024	Carmona	41	2021-01-01
41025	Carrión de los Céspedes	41	2021-01-01
41026	Casariche	41	2021-01-01
41027	Castilblanco de los Arroyos	41	2021-01-01
41028	Castilleja de Guzmán	41	2021-01-01
41029	Castilleja de la Cuesta	41	2021-01-01
41030	Castilleja del Campo	41	2021-01-01
41031	Castillo de las Guardas, El	41	2021-01-01
41032	Cazalla de la Sierra	41	2021-01-01
41033	Constantina	41	2021-01-01
41034	Coria del Río	41	2021-01-01
41035	Coripe	41	2021-01-01
41036	Coronil, El	41	2021-01-01
41037	Corrales, Los	41	2021-01-01
41038	Dos Hermanas	41	2021-01-01
41039	Écija	41	2021-01-01
41040	Espartinas	41	2021-01-01
41041	Estepa	41	2021-01-01
41042	Fuentes de Andalucía	41	2021-01-01
41043	Garrobo, El	41	2021-01-01
41044	Gelves	41	2021-01-01
41045	Gerena	41	2021-01-01
41046	Gilena	41	2021-01-01
41047	Gines	41	2021-01-01
41048	Guadalcanal	41	2021-01-01
41049	Guillena	41	2021-01-01
41050	Herrera	41	2021-01-01
41051	Huévar del Aljarafe	41	2021-01-01
41052	Lantejuela	41	2021-01-01
41053	Lebrija	41	2021-01-01
41054	Lora de Estepa	41	2021-01-01
41055	Lora del Río	41	2021-01-01
41056	Luisiana, La	41	2021-01-01
41057	Madroño, El	41	2021-01-01
41058	Mairena del Alcor	41	2021-01-01
41059	Mairena del Aljarafe	41	2021-01-01
41060	Marchena	41	2021-01-01
41061	Marinaleda	41	2021-01-01
41062	Martín de la Jara	41	2021-01-01
41063	Molares, Los	41	2021-01-01
41064	Montellano	41	2021-01-01
41065	Morón de la Frontera	41	2021-01-01
41066	Navas de la Concepción, Las	41	2021-01-01
41067	Olivares	41	2021-01-01
41068	Osuna	41	2021-01-01
41069	Palacios y Villafranca, Los	41	2021-01-01
41070	Palomares del Río	41	2021-01-01
41071	Paradas	41	2021-01-01
41072	Pedrera	41	2021-01-01
41073	Pedroso, El	41	2021-01-01
41074	Peñaflor	41	2021-01-01
41075	Pilas	41	2021-01-01
41076	Pruna	41	2021-01-01
41077	Puebla de Cazalla, La	41	2021-01-01
41078	Puebla de los Infantes, La	41	2021-01-01
41079	Puebla del Río, La	41	2021-01-01
41080	Real de la Jara, El	41	2021-01-01
41081	Rinconada, La	41	2021-01-01
41082	Roda de Andalucía, La	41	2021-01-01
41083	Ronquillo, El	41	2021-01-01
41084	Rubio, El	41	2021-01-01
41085	Salteras	41	2021-01-01
41086	San Juan de Aznalfarache	41	2021-01-01
41087	Sanlúcar la Mayor	41	2021-01-01
41088	San Nicolás del Puerto	41	2021-01-01
41089	Santiponce	41	2021-01-01
41090	Saucejo, El	41	2021-01-01
41091	Sevilla	41	2021-01-01
41092	Tocina	41	2021-01-01
41093	Tomares	41	2021-01-01
41094	Umbrete	41	2021-01-01
41095	Utrera	41	2021-01-01
41096	Valencina de la Concepción	41	2021-01-01
41097	Villamanrique de la Condesa	41	2021-01-01
41098	Villanueva del Ariscal	41	2021-01-01
41099	Villanueva del Río y Minas	41	2021-01-01
41100	Villanueva de San Juan	41	2021-01-01
41101	Villaverde del Río	41	2021-01-01
41102	Viso del Alcor, El	41	2021-01-01
41901	Cañada Rosal	41	2021-01-01
41902	Isla Mayor	41	2021-01-01
41903	Cuervo de Sevilla, El	41	2021-01-01
41904	Palmar de Troya, El	41	2021-01-01
42001	Abejar	42	2021-01-01
42003	Adradas	42	2021-01-01
42004	Ágreda	42	2021-01-01
42006	Alconaba	42	2021-01-01
42007	Alcubilla de Avellaneda	42	2021-01-01
42008	Alcubilla de las Peñas	42	2021-01-01
42009	Aldealafuente	42	2021-01-01
42010	Aldealices	42	2021-01-01
42011	Aldealpozo	42	2021-01-01
42012	Aldealseñor	42	2021-01-01
42013	Aldehuela de Periáñez	42	2021-01-01
42014	Aldehuelas, Las	42	2021-01-01
42015	Alentisque	42	2021-01-01
42016	Aliud	42	2021-01-01
42017	Almajano	42	2021-01-01
42018	Almaluez	42	2021-01-01
42019	Almarza	42	2021-01-01
42020	Almazán	42	2021-01-01
42021	Almazul	42	2021-01-01
42022	Almenar de Soria	42	2021-01-01
42023	Alpanseque	42	2021-01-01
42024	Arancón	42	2021-01-01
42025	Arcos de Jalón	42	2021-01-01
42026	Arenillas	42	2021-01-01
42027	Arévalo de la Sierra	42	2021-01-01
42028	Ausejo de la Sierra	42	2021-01-01
42029	Baraona	42	2021-01-01
42030	Barca	42	2021-01-01
42031	Barcones	42	2021-01-01
42032	Bayubas de Abajo	42	2021-01-01
42033	Bayubas de Arriba	42	2021-01-01
42034	Beratón	42	2021-01-01
42035	Berlanga de Duero	42	2021-01-01
42036	Blacos	42	2021-01-01
42037	Bliecos	42	2021-01-01
42038	Borjabad	42	2021-01-01
42039	Borobia	42	2021-01-01
42041	Buberos	42	2021-01-01
42042	Buitrago	42	2021-01-01
42043	Burgo de Osma-Ciudad de Osma	42	2021-01-01
42044	Cabrejas del Campo	42	2021-01-01
42045	Cabrejas del Pinar	42	2021-01-01
42046	Calatañazor	42	2021-01-01
42048	Caltojar	42	2021-01-01
42049	Candilichera	42	2021-01-01
42050	Cañamaque	42	2021-01-01
42051	Carabantes	42	2021-01-01
42052	Caracena	42	2021-01-01
42053	Carrascosa de Abajo	42	2021-01-01
42054	Carrascosa de la Sierra	42	2021-01-01
42055	Casarejos	42	2021-01-01
42056	Castilfrío de la Sierra	42	2021-01-01
42057	Castilruiz	42	2021-01-01
42058	Castillejo de Robledo	42	2021-01-01
42059	Centenera de Andaluz	42	2021-01-01
42060	Cerbón	42	2021-01-01
42061	Cidones	42	2021-01-01
42062	Cigudosa	42	2021-01-01
42063	Cihuela	42	2021-01-01
42064	Ciria	42	2021-01-01
42065	Cirujales del Río	42	2021-01-01
42068	Coscurita	42	2021-01-01
42069	Covaleda	42	2021-01-01
42070	Cubilla	42	2021-01-01
42071	Cubo de la Solana	42	2021-01-01
42073	Cueva de Ágreda	42	2021-01-01
42075	Dévanos	42	2021-01-01
42076	Deza	42	2021-01-01
42078	Duruelo de la Sierra	42	2021-01-01
42079	Escobosa de Almazán	42	2021-01-01
42080	Espeja de San Marcelino	42	2021-01-01
42081	Espejón	42	2021-01-01
42082	Estepa de San Juan	42	2021-01-01
42083	Frechilla de Almazán	42	2021-01-01
42084	Fresno de Caracena	42	2021-01-01
42085	Fuentearmegil	42	2021-01-01
42086	Fuentecambrón	42	2021-01-01
42087	Fuentecantos	42	2021-01-01
42088	Fuentelmonge	42	2021-01-01
42089	Fuentelsaz de Soria	42	2021-01-01
42090	Fuentepinilla	42	2021-01-01
42092	Fuentes de Magaña	42	2021-01-01
42093	Fuentestrún	42	2021-01-01
42094	Garray	42	2021-01-01
42095	Golmayo	42	2021-01-01
42096	Gómara	42	2021-01-01
42097	Gormaz	42	2021-01-01
42098	Herrera de Soria	42	2021-01-01
42100	Hinojosa del Campo	42	2021-01-01
42103	Langa de Duero	42	2021-01-01
42105	Liceras	42	2021-01-01
42106	Losilla, La	42	2021-01-01
42107	Magaña	42	2021-01-01
42108	Maján	42	2021-01-01
42110	Matalebreras	42	2021-01-01
42111	Matamala de Almazán	42	2021-01-01
42113	Medinaceli	42	2021-01-01
42115	Miño de Medinaceli	42	2021-01-01
42116	Miño de San Esteban	42	2021-01-01
42117	Molinos de Duero	42	2021-01-01
42118	Momblona	42	2021-01-01
42119	Monteagudo de las Vicarías	42	2021-01-01
42120	Montejo de Tiermes	42	2021-01-01
42121	Montenegro de Cameros	42	2021-01-01
42123	Morón de Almazán	42	2021-01-01
42124	Muriel de la Fuente	42	2021-01-01
42125	Muriel Viejo	42	2021-01-01
42127	Nafría de Ucero	42	2021-01-01
42128	Narros	42	2021-01-01
42129	Navaleno	42	2021-01-01
42130	Nepas	42	2021-01-01
42131	Nolay	42	2021-01-01
42132	Noviercas	42	2021-01-01
42134	Ólvega	42	2021-01-01
42135	Oncala	42	2021-01-01
42139	Pinilla del Campo	42	2021-01-01
42140	Portillo de Soria	42	2021-01-01
42141	Póveda de Soria, La	42	2021-01-01
42142	Pozalmuro	42	2021-01-01
42144	Quintana Redonda	42	2021-01-01
42145	Quintanas de Gormaz	42	2021-01-01
42148	Quiñonería	42	2021-01-01
42149	Rábanos, Los	42	2021-01-01
42151	Rebollar	42	2021-01-01
42152	Recuerda	42	2021-01-01
42153	Rello	42	2021-01-01
42154	Renieblas	42	2021-01-01
42155	Retortillo de Soria	42	2021-01-01
42156	Reznos	42	2021-01-01
42157	Riba de Escalote, La	42	2021-01-01
42158	Rioseco de Soria	42	2021-01-01
42159	Rollamienta	42	2021-01-01
42160	Royo, El	42	2021-01-01
42161	Salduero	42	2021-01-01
42162	San Esteban de Gormaz	42	2021-01-01
42163	San Felices	42	2021-01-01
42164	San Leonardo de Yagüe	42	2021-01-01
42165	San Pedro Manrique	42	2021-01-01
42166	Santa Cruz de Yanguas	42	2021-01-01
42167	Santa María de Huerta	42	2021-01-01
42168	Santa María de las Hoyas	42	2021-01-01
42171	Serón de Nágima	42	2021-01-01
42172	Soliedra	42	2021-01-01
42173	Soria	42	2021-01-01
42174	Sotillo del Rincón	42	2021-01-01
42175	Suellacabras	42	2021-01-01
42176	Tajahuerce	42	2021-01-01
42177	Tajueco	42	2021-01-01
42178	Talveila	42	2021-01-01
42181	Tardelcuende	42	2021-01-01
42182	Taroda	42	2021-01-01
42183	Tejado	42	2021-01-01
42184	Torlengua	42	2021-01-01
42185	Torreblacos	42	2021-01-01
42187	Torrubia de Soria	42	2021-01-01
42188	Trévago	42	2021-01-01
42189	Ucero	42	2021-01-01
42190	Vadillo	42	2021-01-01
42191	Valdeavellano de Tera	42	2021-01-01
42192	Valdegeña	42	2021-01-01
42193	Valdelagua del Cerro	42	2021-01-01
42194	Valdemaluque	42	2021-01-01
42195	Valdenebro	42	2021-01-01
42196	Valdeprado	42	2021-01-01
42197	Valderrodilla	42	2021-01-01
42198	Valtajeros	42	2021-01-01
42200	Velamazán	42	2021-01-01
42201	Velilla de la Sierra	42	2021-01-01
42202	Velilla de los Ajos	42	2021-01-01
42204	Viana de Duero	42	2021-01-01
42205	Villaciervos	42	2021-01-01
42206	Villanueva de Gormaz	42	2021-01-01
42207	Villar del Ala	42	2021-01-01
42208	Villar del Campo	42	2021-01-01
42209	Villar del Río	42	2021-01-01
42211	Villares de Soria, Los	42	2021-01-01
42212	Villasayas	42	2021-01-01
42213	Villaseca de Arciel	42	2021-01-01
42215	Vinuesa	42	2021-01-01
42216	Vizmanos	42	2021-01-01
42217	Vozmediano	42	2021-01-01
42218	Yanguas	42	2021-01-01
42219	Yelo	42	2021-01-01
43001	Aiguamúrcia	43	2021-01-01
43002	Albinyana	43	2021-01-01
43003	Albiol, L'	43	2021-01-01
43004	Alcanar	43	2021-01-01
43005	Alcover	43	2021-01-01
43006	Aldover	43	2021-01-01
43007	Aleixar, L'	43	2021-01-01
43008	Alfara de Carles	43	2021-01-01
43009	Alforja	43	2021-01-01
43010	Alió	43	2021-01-01
43011	Almoster	43	2021-01-01
43012	Altafulla	43	2021-01-01
43013	Ametlla de Mar, L'	43	2021-01-01
43014	Amposta	43	2021-01-01
43015	Arbolí	43	2021-01-01
43016	Arboç, L'	43	2021-01-01
43017	Argentera, L'	43	2021-01-01
43018	Arnes	43	2021-01-01
43019	Ascó	43	2021-01-01
43020	Banyeres del Penedès	43	2021-01-01
43021	Barberà de la Conca	43	2021-01-01
43022	Batea	43	2021-01-01
43023	Bellmunt del Priorat	43	2021-01-01
43024	Bellvei	43	2021-01-01
43025	Benifallet	43	2021-01-01
43026	Benissanet	43	2021-01-01
43027	Bisbal de Montsant, La	43	2021-01-01
43028	Bisbal del Penedès, La	43	2021-01-01
43029	Blancafort	43	2021-01-01
43030	Bonastre	43	2021-01-01
43031	Borges del Camp, Les	43	2021-01-01
43032	Bot	43	2021-01-01
43033	Botarell	43	2021-01-01
43034	Bràfim	43	2021-01-01
43035	Cabacés	43	2021-01-01
43036	Cabra del Camp	43	2021-01-01
43037	Calafell	43	2021-01-01
43038	Cambrils	43	2021-01-01
43039	Capafonts	43	2021-01-01
43040	Capçanes	43	2021-01-01
43041	Caseres	43	2021-01-01
43042	Castellvell del Camp	43	2021-01-01
43043	Catllar, El	43	2021-01-01
43044	Sénia, La	43	2021-01-01
43045	Colldejou	43	2021-01-01
43046	Conesa	43	2021-01-01
43047	Constantí	43	2021-01-01
43048	Corbera d'Ebre	43	2021-01-01
43049	Cornudella de Montsant	43	2021-01-01
43050	Creixell	43	2021-01-01
43051	Cunit	43	2021-01-01
43052	Xerta	43	2021-01-01
43053	Duesaigües	43	2021-01-01
43054	Espluga de Francolí, L'	43	2021-01-01
43055	Falset	43	2021-01-01
43056	Fatarella, La	43	2021-01-01
43057	Febró, La	43	2021-01-01
43058	Figuera, La	43	2021-01-01
43059	Figuerola del Camp	43	2021-01-01
43060	Flix	43	2021-01-01
43061	Forès	43	2021-01-01
43062	Freginals	43	2021-01-01
43063	Galera, La	43	2021-01-01
43064	Gandesa	43	2021-01-01
43065	Garcia	43	2021-01-01
43066	Garidells, Els	43	2021-01-01
43067	Ginestar	43	2021-01-01
43068	Godall	43	2021-01-01
43069	Gratallops	43	2021-01-01
43070	Guiamets, Els	43	2021-01-01
43071	Horta de Sant Joan	43	2021-01-01
43072	Lloar, El	43	2021-01-01
43073	Llorac	43	2021-01-01
43074	Llorenç del Penedès	43	2021-01-01
43075	Margalef	43	2021-01-01
43076	Marçà	43	2021-01-01
43077	Mas de Barberans	43	2021-01-01
43078	Masdenverge	43	2021-01-01
43079	Masllorenç	43	2021-01-01
43080	Masó, La	43	2021-01-01
43081	Maspujols	43	2021-01-01
43082	Masroig, El	43	2021-01-01
43083	Milà, El	43	2021-01-01
43084	Miravet	43	2021-01-01
43085	Molar, El	43	2021-01-01
43086	Montblanc	43	2021-01-01
43088	Montbrió del Camp	43	2021-01-01
43089	Montferri	43	2021-01-01
43090	Montmell, El	43	2021-01-01
43091	Mont-ral	43	2021-01-01
43092	Mont-roig del Camp	43	2021-01-01
43093	Móra d'Ebre	43	2021-01-01
43094	Móra la Nova	43	2021-01-01
43095	Morell, El	43	2021-01-01
43096	Morera de Montsant, La	43	2021-01-01
43097	Nou de Gaià, La	43	2021-01-01
43098	Nulles	43	2021-01-01
43099	Palma d'Ebre, La	43	2021-01-01
43100	Pallaresos, Els	43	2021-01-01
43101	Passanant i Belltall	43	2021-01-01
43102	Paüls	43	2021-01-01
43103	Perafort	43	2021-01-01
43104	Perelló, El	43	2021-01-01
43105	Piles, Les	43	2021-01-01
43106	Pinell de Brai, El	43	2021-01-01
43107	Pira	43	2021-01-01
43108	Pla de Santa Maria, El	43	2021-01-01
43109	Pobla de Mafumet, La	43	2021-01-01
43110	Pobla de Massaluca, La	43	2021-01-01
43111	Pobla de Montornès, La	43	2021-01-01
43112	Poboleda	43	2021-01-01
43113	Pont d'Armentera, El	43	2021-01-01
43114	Porrera	43	2021-01-01
43115	Pradell de la Teixeta	43	2021-01-01
43116	Prades	43	2021-01-01
43117	Prat de Comte	43	2021-01-01
43118	Pratdip	43	2021-01-01
43119	Puigpelat	43	2021-01-01
43120	Querol	43	2021-01-01
43121	Rasquera	43	2021-01-01
43122	Renau	43	2021-01-01
43123	Reus	43	2021-01-01
43124	Riba, La	43	2021-01-01
43125	Riba-roja d'Ebre	43	2021-01-01
43126	Riera de Gaià, La	43	2021-01-01
43127	Riudecanyes	43	2021-01-01
43128	Riudecols	43	2021-01-01
43129	Riudoms	43	2021-01-01
43130	Rocafort de Queralt	43	2021-01-01
43131	Roda de Berà	43	2021-01-01
43132	Rodonyà	43	2021-01-01
43133	Roquetes	43	2021-01-01
43134	Rourell, El	43	2021-01-01
43135	Salomó	43	2021-01-01
43136	Ràpita, La	43	2021-01-01
43137	Sant Jaume dels Domenys	43	2021-01-01
43138	Santa Bàrbara	43	2021-01-01
43139	Santa Coloma de Queralt	43	2021-01-01
43140	Santa Oliva	43	2021-01-01
43141	Pontils	43	2021-01-01
43142	Sarral	43	2021-01-01
43143	Savallà del Comtat	43	2021-01-01
43144	Secuita, La	43	2021-01-01
43145	Selva del Camp, La	43	2021-01-01
43146	Senan	43	2021-01-01
43147	Solivella	43	2021-01-01
43148	Tarragona	43	2021-01-01
43149	Tivenys	43	2021-01-01
43150	Tivissa	43	2021-01-01
43151	Torre de Fontaubella, La	43	2021-01-01
43152	Torre de l'Espanyol, La	43	2021-01-01
43153	Torredembarra	43	2021-01-01
43154	Torroja del Priorat	43	2021-01-01
43155	Tortosa	43	2021-01-01
43156	Ulldecona	43	2021-01-01
43157	Ulldemolins	43	2021-01-01
43158	Vallclara	43	2021-01-01
43159	Vallfogona de Riucorb	43	2021-01-01
43160	Vallmoll	43	2021-01-01
43161	Valls	43	2021-01-01
43162	Vandellòs i l'Hospitalet de l'Infant	43	2021-01-01
43163	Vendrell, El	43	2021-01-01
43164	Vespella de Gaià	43	2021-01-01
43165	Vilabella	43	2021-01-01
43166	Vilallonga del Camp	43	2021-01-01
43167	Vilanova d'Escornalbou	43	2021-01-01
43168	Vilanova de Prades	43	2021-01-01
43169	Vilaplana	43	2021-01-01
43170	Vila-rodona	43	2021-01-01
43171	Vila-seca	43	2021-01-01
43172	Vilaverd	43	2021-01-01
43173	Vilella Alta, La	43	2021-01-01
43174	Vilella Baixa, La	43	2021-01-01
43175	Vilalba dels Arcs	43	2021-01-01
43176	Vimbodí i Poblet	43	2021-01-01
43177	Vinebre	43	2021-01-01
43178	Vinyols i els Arcs	43	2021-01-01
43901	Deltebre	43	2021-01-01
43902	Sant Jaume d'Enveja	43	2021-01-01
43903	Camarles	43	2021-01-01
43904	Aldea, L'	43	2021-01-01
43905	Salou	43	2021-01-01
43906	Ampolla, L'	43	2021-01-01
43907	Canonja, La	43	2021-01-01
44001	Ababuj	44	2021-01-01
44002	Abejuela	44	2021-01-01
44003	Aguatón	44	2021-01-01
44004	Aguaviva	44	2021-01-01
44005	Aguilar del Alfambra	44	2021-01-01
44006	Alacón	44	2021-01-01
44007	Alba	44	2021-01-01
44008	Albalate del Arzobispo	44	2021-01-01
44009	Albarracín	44	2021-01-01
44010	Albentosa	44	2021-01-01
44011	Alcaine	44	2021-01-01
44012	Alcalá de la Selva	44	2021-01-01
44013	Alcañiz	44	2021-01-01
44014	Alcorisa	44	2021-01-01
44016	Alfambra	44	2021-01-01
44017	Aliaga	44	2021-01-01
44018	Almohaja	44	2021-01-01
44019	Alobras	44	2021-01-01
44020	Alpeñés	44	2021-01-01
44021	Allepuz	44	2021-01-01
44022	Alloza	44	2021-01-01
44023	Allueva	44	2021-01-01
44024	Anadón	44	2021-01-01
44025	Andorra	44	2021-01-01
44026	Arcos de las Salinas	44	2021-01-01
44027	Arens de Lledó	44	2021-01-01
44028	Argente	44	2021-01-01
44029	Ariño	44	2021-01-01
44031	Azaila	44	2021-01-01
44032	Bádenas	44	2021-01-01
44033	Báguena	44	2021-01-01
44034	Bañón	44	2021-01-01
44035	Barrachina	44	2021-01-01
44036	Bea	44	2021-01-01
44037	Beceite	44	2021-01-01
44038	Belmonte de San José	44	2021-01-01
44039	Bello	44	2021-01-01
44040	Berge	44	2021-01-01
44041	Bezas	44	2021-01-01
44042	Blancas	44	2021-01-01
44043	Blesa	44	2021-01-01
44044	Bordón	44	2021-01-01
44045	Bronchales	44	2021-01-01
44046	Bueña	44	2021-01-01
44047	Burbáguena	44	2021-01-01
44048	Cabra de Mora	44	2021-01-01
44049	Calaceite	44	2021-01-01
44050	Calamocha	44	2021-01-01
44051	Calanda	44	2021-01-01
44052	Calomarde	44	2021-01-01
44053	Camañas	44	2021-01-01
44054	Camarena de la Sierra	44	2021-01-01
44055	Camarillas	44	2021-01-01
44056	Caminreal	44	2021-01-01
44059	Cantavieja	44	2021-01-01
44060	Cañada de Benatanduz	44	2021-01-01
44061	Cañada de Verich, La	44	2021-01-01
44062	Cañada Vellida	44	2021-01-01
44063	Cañizar del Olivar	44	2021-01-01
44064	Cascante del Río	44	2021-01-01
44065	Castejón de Tornos	44	2021-01-01
44066	Castel de Cabra	44	2021-01-01
44067	Castelnou	44	2021-01-01
44068	Castelserás	44	2021-01-01
44070	Castellar, El	44	2021-01-01
44071	Castellote	44	2021-01-01
44074	Cedrillas	44	2021-01-01
44075	Celadas	44	2021-01-01
44076	Cella	44	2021-01-01
44077	Cerollera, La	44	2021-01-01
44080	Codoñera, La	44	2021-01-01
44082	Corbalán	44	2021-01-01
44084	Cortes de Aragón	44	2021-01-01
44085	Cosa	44	2021-01-01
44086	Cretas	44	2021-01-01
44087	Crivillén	44	2021-01-01
44088	Cuba, La	44	2021-01-01
44089	Cubla	44	2021-01-01
44090	Cucalón	44	2021-01-01
44092	Cuervo, El	44	2021-01-01
44093	Cuevas de Almudén	44	2021-01-01
44094	Cuevas Labradas	44	2021-01-01
44096	Ejulve	44	2021-01-01
44097	Escorihuela	44	2021-01-01
44099	Escucha	44	2021-01-01
44100	Estercuel	44	2021-01-01
44101	Ferreruela de Huerva	44	2021-01-01
44102	Fonfría	44	2021-01-01
44103	Formiche Alto	44	2021-01-01
44105	Fórnoles	44	2021-01-01
44106	Fortanete	44	2021-01-01
44107	Foz-Calanda	44	2021-01-01
44108	Fresneda, La	44	2021-01-01
44109	Frías de Albarracín	44	2021-01-01
44110	Fuenferrada	44	2021-01-01
44111	Fuentes Calientes	44	2021-01-01
44112	Fuentes Claras	44	2021-01-01
44113	Fuentes de Rubielos	44	2021-01-01
44114	Fuentespalda	44	2021-01-01
44115	Galve	44	2021-01-01
44116	Gargallo	44	2021-01-01
44117	Gea de Albarracín	44	2021-01-01
44118	Ginebrosa, La	44	2021-01-01
44119	Griegos	44	2021-01-01
44120	Guadalaviar	44	2021-01-01
44121	Gúdar	44	2021-01-01
44122	Híjar	44	2021-01-01
44123	Hinojosa de Jarque	44	2021-01-01
44124	Hoz de la Vieja, La	44	2021-01-01
44125	Huesa del Común	44	2021-01-01
44126	Iglesuela del Cid, La	44	2021-01-01
44127	Jabaloyas	44	2021-01-01
44128	Jarque de la Val	44	2021-01-01
44129	Jatiel	44	2021-01-01
44130	Jorcas	44	2021-01-01
44131	Josa	44	2021-01-01
44132	Lagueruela	44	2021-01-01
44133	Lanzuela	44	2021-01-01
44135	Libros	44	2021-01-01
44136	Lidón	44	2021-01-01
44137	Linares de Mora	44	2021-01-01
44138	Loscos	44	2021-01-01
44141	Lledó	44	2021-01-01
44142	Maicas	44	2021-01-01
44143	Manzanera	44	2021-01-01
44144	Martín del Río	44	2021-01-01
44145	Mas de las Matas	44	2021-01-01
44146	Mata de los Olmos, La	44	2021-01-01
44147	Mazaleón	44	2021-01-01
44148	Mezquita de Jarque	44	2021-01-01
44149	Mirambel	44	2021-01-01
44150	Miravete de la Sierra	44	2021-01-01
44151	Molinos	44	2021-01-01
44152	Monforte de Moyuela	44	2021-01-01
44153	Monreal del Campo	44	2021-01-01
44154	Monroyo	44	2021-01-01
44155	Montalbán	44	2021-01-01
44156	Monteagudo del Castillo	44	2021-01-01
44157	Monterde de Albarracín	44	2021-01-01
44158	Mora de Rubielos	44	2021-01-01
44159	Moscardón	44	2021-01-01
44160	Mosqueruela	44	2021-01-01
44161	Muniesa	44	2021-01-01
44163	Noguera de Albarracín	44	2021-01-01
44164	Nogueras	44	2021-01-01
44165	Nogueruelas	44	2021-01-01
44167	Obón	44	2021-01-01
44168	Odón	44	2021-01-01
44169	Ojos Negros	44	2021-01-01
44171	Olba	44	2021-01-01
44172	Oliete	44	2021-01-01
44173	Olmos, Los	44	2021-01-01
44174	Orihuela del Tremedal	44	2021-01-01
44175	Orrios	44	2021-01-01
44176	Palomar de Arroyos	44	2021-01-01
44177	Pancrudo	44	2021-01-01
44178	Parras de Castellote, Las	44	2021-01-01
44179	Peñarroya de Tastavins	44	2021-01-01
44180	Peracense	44	2021-01-01
44181	Peralejos	44	2021-01-01
44182	Perales del Alfambra	44	2021-01-01
44183	Pitarque	44	2021-01-01
44184	Plou	44	2021-01-01
44185	Pobo, El	44	2021-01-01
44187	Portellada, La	44	2021-01-01
44189	Pozondón	44	2021-01-01
44190	Pozuel del Campo	44	2021-01-01
44191	Puebla de Híjar, La	44	2021-01-01
44192	Puebla de Valverde, La	44	2021-01-01
44193	Puertomingalvo	44	2021-01-01
44194	Ráfales	44	2021-01-01
44195	Rillo	44	2021-01-01
44196	Riodeva	44	2021-01-01
44197	Ródenas	44	2021-01-01
44198	Royuela	44	2021-01-01
44199	Rubiales	44	2021-01-01
44200	Rubielos de la Cérida	44	2021-01-01
44201	Rubielos de Mora	44	2021-01-01
44203	Salcedillo	44	2021-01-01
44204	Saldón	44	2021-01-01
44205	Samper de Calanda	44	2021-01-01
44206	San Agustín	44	2021-01-01
44207	San Martín del Río	44	2021-01-01
44208	Santa Cruz de Nogueras	44	2021-01-01
44209	Santa Eulalia	44	2021-01-01
44210	Sarrión	44	2021-01-01
44211	Segura de los Baños	44	2021-01-01
44212	Seno	44	2021-01-01
44213	Singra	44	2021-01-01
44215	Terriente	44	2021-01-01
44216	Teruel	44	2021-01-01
44217	Toril y Masegoso	44	2021-01-01
44218	Tormón	44	2021-01-01
44219	Tornos	44	2021-01-01
44220	Torralba de los Sisones	44	2021-01-01
44221	Torrecilla de Alcañiz	44	2021-01-01
44222	Torrecilla del Rebollar	44	2021-01-01
44223	Torre de Arcas	44	2021-01-01
44224	Torre de las Arcas	44	2021-01-01
44225	Torre del Compte	44	2021-01-01
44226	Torrelacárcel	44	2021-01-01
44227	Torre los Negros	44	2021-01-01
44228	Torremocha de Jiloca	44	2021-01-01
44229	Torres de Albarracín	44	2021-01-01
44230	Torrevelilla	44	2021-01-01
44231	Torrijas	44	2021-01-01
44232	Torrijo del Campo	44	2021-01-01
44234	Tramacastiel	44	2021-01-01
44235	Tramacastilla	44	2021-01-01
44236	Tronchón	44	2021-01-01
44237	Urrea de Gaén	44	2021-01-01
44238	Utrillas	44	2021-01-01
44239	Valacloche	44	2021-01-01
44240	Valbona	44	2021-01-01
44241	Valdealgorfa	44	2021-01-01
44243	Valdecuenca	44	2021-01-01
44244	Valdelinares	44	2021-01-01
44245	Valdeltormo	44	2021-01-01
44246	Valderrobres	44	2021-01-01
44247	Valjunquera	44	2021-01-01
44249	Vallecillo, El	44	2021-01-01
44250	Veguillas de la Sierra	44	2021-01-01
44251	Villafranca del Campo	44	2021-01-01
44252	Villahermosa del Campo	44	2021-01-01
44256	Villanueva del Rebollar de la Sierra	44	2021-01-01
44257	Villar del Cobo	44	2021-01-01
44258	Villar del Salz	44	2021-01-01
44260	Villarluengo	44	2021-01-01
44261	Villarquemado	44	2021-01-01
44262	Villarroya de los Pinares	44	2021-01-01
44263	Villastar	44	2021-01-01
44264	Villel	44	2021-01-01
44265	Vinaceite	44	2021-01-01
44266	Visiedo	44	2021-01-01
44267	Vivel del Río Martín	44	2021-01-01
44268	Zoma, La	44	2021-01-01
45001	Ajofrín	45	2021-01-01
45002	Alameda de la Sagra	45	2021-01-01
45003	Albarreal de Tajo	45	2021-01-01
45004	Alcabón	45	2021-01-01
45005	Alcañizo	45	2021-01-01
45006	Alcaudete de la Jara	45	2021-01-01
45007	Alcolea de Tajo	45	2021-01-01
45008	Aldea en Cabo	45	2021-01-01
45009	Aldeanueva de Barbarroya	45	2021-01-01
45010	Aldeanueva de San Bartolomé	45	2021-01-01
45011	Almendral de la Cañada	45	2021-01-01
45012	Almonacid de Toledo	45	2021-01-01
45013	Almorox	45	2021-01-01
45014	Añover de Tajo	45	2021-01-01
45015	Arcicóllar	45	2021-01-01
45016	Argés	45	2021-01-01
45017	Azután	45	2021-01-01
45018	Barcience	45	2021-01-01
45019	Bargas	45	2021-01-01
45020	Belvís de la Jara	45	2021-01-01
45021	Borox	45	2021-01-01
45022	Buenaventura	45	2021-01-01
45023	Burguillos de Toledo	45	2021-01-01
45024	Burujón	45	2021-01-01
45025	Cabañas de la Sagra	45	2021-01-01
45026	Cabañas de Yepes	45	2021-01-01
45027	Cabezamesada	45	2021-01-01
45028	Calera y Chozas	45	2021-01-01
45029	Caleruela	45	2021-01-01
45030	Calzada de Oropesa	45	2021-01-01
45031	Camarena	45	2021-01-01
45032	Camarenilla	45	2021-01-01
45033	Campillo de la Jara, El	45	2021-01-01
45034	Camuñas	45	2021-01-01
45035	Cardiel de los Montes	45	2021-01-01
45036	Carmena	45	2021-01-01
45037	Carpio de Tajo, El	45	2021-01-01
45038	Carranque	45	2021-01-01
45039	Carriches	45	2021-01-01
45040	Casar de Escalona, El	45	2021-01-01
45041	Casarrubios del Monte	45	2021-01-01
45042	Casasbuenas	45	2021-01-01
45043	Castillo de Bayuela	45	2021-01-01
45045	Cazalegas	45	2021-01-01
45046	Cebolla	45	2021-01-01
45047	Cedillo del Condado	45	2021-01-01
45048	Cerralbos, Los	45	2021-01-01
45049	Cervera de los Montes	45	2021-01-01
45050	Ciruelos	45	2021-01-01
45051	Cobeja	45	2021-01-01
45052	Cobisa	45	2021-01-01
45053	Consuegra	45	2021-01-01
45054	Corral de Almaguer	45	2021-01-01
45055	Cuerva	45	2021-01-01
45056	Chozas de Canales	45	2021-01-01
45057	Chueca	45	2021-01-01
45058	Domingo Pérez	45	2021-01-01
45059	Dosbarrios	45	2021-01-01
45060	Erustes	45	2021-01-01
45061	Escalona	45	2021-01-01
45062	Escalonilla	45	2021-01-01
45063	Espinoso del Rey	45	2021-01-01
45064	Esquivias	45	2021-01-01
45065	Estrella, La	45	2021-01-01
45066	Fuensalida	45	2021-01-01
45067	Gálvez	45	2021-01-01
45068	Garciotum	45	2021-01-01
45069	Gerindote	45	2021-01-01
45070	Guadamur	45	2021-01-01
45071	Guardia, La	45	2021-01-01
45072	Herencias, Las	45	2021-01-01
45073	Herreruela de Oropesa	45	2021-01-01
45074	Hinojosa de San Vicente	45	2021-01-01
45075	Hontanar	45	2021-01-01
45076	Hormigos	45	2021-01-01
45077	Huecas	45	2021-01-01
45078	Huerta de Valdecarábanos	45	2021-01-01
45079	Iglesuela del Tiétar, La	45	2021-01-01
45080	Illán de Vacas	45	2021-01-01
45081	Illescas	45	2021-01-01
45082	Lagartera	45	2021-01-01
45083	Layos	45	2021-01-01
45084	Lillo	45	2021-01-01
45085	Lominchar	45	2021-01-01
45086	Lucillos	45	2021-01-01
45087	Madridejos	45	2021-01-01
45088	Magán	45	2021-01-01
45089	Malpica de Tajo	45	2021-01-01
45090	Manzaneque	45	2021-01-01
45091	Maqueda	45	2021-01-01
45092	Marjaliza	45	2021-01-01
45093	Marrupe	45	2021-01-01
45094	Mascaraque	45	2021-01-01
45095	Mata, La	45	2021-01-01
45096	Mazarambroz	45	2021-01-01
45097	Mejorada	45	2021-01-01
45098	Menasalbas	45	2021-01-01
45099	Méntrida	45	2021-01-01
45100	Mesegar de Tajo	45	2021-01-01
45101	Miguel Esteban	45	2021-01-01
45102	Mocejón	45	2021-01-01
45103	Mohedas de la Jara	45	2021-01-01
45104	Montearagón	45	2021-01-01
45105	Montesclaros	45	2021-01-01
45106	Mora	45	2021-01-01
45107	Nambroca	45	2021-01-01
45108	Nava de Ricomalillo, La	45	2021-01-01
45109	Navahermosa	45	2021-01-01
45110	Navalcán	45	2021-01-01
45111	Navalmoralejo	45	2021-01-01
45112	Navalmorales, Los	45	2021-01-01
45113	Navalucillos, Los	45	2021-01-01
45114	Navamorcuende	45	2021-01-01
45115	Noblejas	45	2021-01-01
45116	Noez	45	2021-01-01
45117	Nombela	45	2021-01-01
45118	Novés	45	2021-01-01
45119	Numancia de la Sagra	45	2021-01-01
45120	Nuño Gómez	45	2021-01-01
45121	Ocaña	45	2021-01-01
45122	Olías del Rey	45	2021-01-01
45123	Ontígola	45	2021-01-01
45124	Orgaz	45	2021-01-01
45125	Oropesa	45	2021-01-01
45126	Otero	45	2021-01-01
45127	Palomeque	45	2021-01-01
45128	Pantoja	45	2021-01-01
45129	Paredes de Escalona	45	2021-01-01
45130	Parrillas	45	2021-01-01
45131	Pelahustán	45	2021-01-01
45132	Pepino	45	2021-01-01
45133	Polán	45	2021-01-01
45134	Portillo de Toledo	45	2021-01-01
45135	Puebla de Almoradiel, La	45	2021-01-01
45136	Puebla de Montalbán, La	45	2021-01-01
45137	Pueblanueva, La	45	2021-01-01
45138	Puente del Arzobispo, El	45	2021-01-01
45139	Puerto de San Vicente	45	2021-01-01
45140	Pulgar	45	2021-01-01
45141	Quero	45	2021-01-01
45142	Quintanar de la Orden	45	2021-01-01
45143	Quismondo	45	2021-01-01
45144	Real de San Vicente, El	45	2021-01-01
45145	Recas	45	2021-01-01
45146	Retamoso de la Jara	45	2021-01-01
45147	Rielves	45	2021-01-01
45148	Robledo del Mazo	45	2021-01-01
45149	Romeral, El	45	2021-01-01
45150	San Bartolomé de las Abiertas	45	2021-01-01
45151	San Martín de Montalbán	45	2021-01-01
45152	San Martín de Pusa	45	2021-01-01
45153	San Pablo de los Montes	45	2021-01-01
45154	San Román de los Montes	45	2021-01-01
45155	Santa Ana de Pusa	45	2021-01-01
45156	Santa Cruz de la Zarza	45	2021-01-01
45157	Santa Cruz del Retamar	45	2021-01-01
45158	Santa Olalla	45	2021-01-01
45159	Sartajada	45	2021-01-01
45160	Segurilla	45	2021-01-01
45161	Seseña	45	2021-01-01
45162	Sevilleja de la Jara	45	2021-01-01
45163	Sonseca	45	2021-01-01
45164	Sotillo de las Palomas	45	2021-01-01
45165	Talavera de la Reina	45	2021-01-01
45166	Tembleque	45	2021-01-01
45167	Toboso, El	45	2021-01-01
45168	Toledo	45	2021-01-01
45169	Torralba de Oropesa	45	2021-01-01
45170	Torrecilla de la Jara	45	2021-01-01
45171	Torre de Esteban Hambrán, La	45	2021-01-01
45172	Torrico	45	2021-01-01
45173	Torrijos	45	2021-01-01
45174	Totanés	45	2021-01-01
45175	Turleque	45	2021-01-01
45176	Ugena	45	2021-01-01
45177	Urda	45	2021-01-01
45179	Valdeverdeja	45	2021-01-01
45180	Valmojado	45	2021-01-01
45181	Velada	45	2021-01-01
45182	Ventas con Peña Aguilera, Las	45	2021-01-01
45183	Ventas de Retamosa, Las	45	2021-01-01
45184	Ventas de San Julián, Las	45	2021-01-01
45185	Villacañas	45	2021-01-01
45186	Villa de Don Fadrique, La	45	2021-01-01
45187	Villafranca de los Caballeros	45	2021-01-01
45188	Villaluenga de la Sagra	45	2021-01-01
45189	Villamiel de Toledo	45	2021-01-01
45190	Villaminaya	45	2021-01-01
45191	Villamuelas	45	2021-01-01
45192	Villanueva de Alcardete	45	2021-01-01
45193	Villanueva de Bogas	45	2021-01-01
45194	Villarejo de Montalbán	45	2021-01-01
45195	Villarrubia de Santiago	45	2021-01-01
45196	Villaseca de la Sagra	45	2021-01-01
45197	Villasequilla	45	2021-01-01
45198	Villatobas	45	2021-01-01
45199	Viso de San Juan, El	45	2021-01-01
45200	Yébenes, Los	45	2021-01-01
45201	Yeles	45	2021-01-01
45202	Yepes	45	2021-01-01
45203	Yuncler	45	2021-01-01
45204	Yunclillos	45	2021-01-01
45205	Yuncos	45	2021-01-01
45901	Santo Domingo-Caudilla	45	2021-01-01
46001	Ademuz	46	2021-01-01
46002	Ador	46	2021-01-01
46003	Atzeneta d'Albaida	46	2021-01-01
46004	Agullent	46	2021-01-01
46005	Alaquàs	46	2021-01-01
46006	Albaida	46	2021-01-01
46007	Albal	46	2021-01-01
46008	Albalat de la Ribera	46	2021-01-01
46009	Albalat dels Sorells	46	2021-01-01
46010	Albalat dels Tarongers	46	2021-01-01
46011	Alberic	46	2021-01-01
46012	Alborache	46	2021-01-01
46013	Alboraia/Alboraya	46	2021-01-01
46014	Albuixech	46	2021-01-01
46015	Alcàsser	46	2021-01-01
46016	Alcàntera de Xúquer	46	2021-01-01
46017	Alzira	46	2021-01-01
46018	Alcublas	46	2021-01-01
46019	Alcúdia, l'	46	2021-01-01
46020	Alcúdia de Crespins, l'	46	2021-01-01
46021	Aldaia	46	2021-01-01
46022	Alfafar	46	2021-01-01
46023	Alfauir	46	2021-01-01
46024	Alfara de la Baronia	46	2021-01-01
46025	Alfara del Patriarca	46	2021-01-01
46026	Alfarb	46	2021-01-01
46027	Alfarrasí	46	2021-01-01
46028	Algar de Palància	46	2021-01-01
46029	Algemesí	46	2021-01-01
46030	Algímia d'Alfara	46	2021-01-01
46031	Alginet	46	2021-01-01
46032	Almàssera	46	2021-01-01
46033	Almiserà	46	2021-01-01
46034	Almoines	46	2021-01-01
46035	Almussafes	46	2021-01-01
46036	Alpuente	46	2021-01-01
46037	Alqueria de la Comtessa, l'	46	2021-01-01
46038	Andilla	46	2021-01-01
46039	Anna	46	2021-01-01
46040	Antella	46	2021-01-01
46041	Aras de los Olmos	46	2021-01-01
46042	Aielo de Malferit	46	2021-01-01
46043	Aielo de Rugat	46	2021-01-01
46044	Ayora	46	2021-01-01
46045	Barxeta	46	2021-01-01
46046	Barx	46	2021-01-01
46047	Bèlgida	46	2021-01-01
46048	Bellreguard	46	2021-01-01
46049	Bellús	46	2021-01-01
46050	Benagéber	46	2021-01-01
46051	Benaguasil	46	2021-01-01
46052	Benavites	46	2021-01-01
46053	Beneixida	46	2021-01-01
46054	Benetússer	46	2021-01-01
46055	Beniarjó	46	2021-01-01
46056	Beniatjar	46	2021-01-01
46057	Benicolet	46	2021-01-01
46058	Benifairó de les Valls	46	2021-01-01
46059	Benifairó de la Valldigna	46	2021-01-01
46060	Benifaió	46	2021-01-01
46061	Beniflá	46	2021-01-01
46062	Benigànim	46	2021-01-01
46063	Benimodo	46	2021-01-01
46064	Benimuslem	46	2021-01-01
46065	Beniparrell	46	2021-01-01
46066	Benirredrà	46	2021-01-01
46067	Benissanó	46	2021-01-01
46068	Benissoda	46	2021-01-01
46069	Benissuera	46	2021-01-01
46070	Bétera	46	2021-01-01
46071	Bicorp	46	2021-01-01
46072	Bocairent	46	2021-01-01
46073	Bolbaite	46	2021-01-01
46074	Bonrepòs i Mirambell	46	2021-01-01
46075	Bufali	46	2021-01-01
46076	Bugarra	46	2021-01-01
46077	Buñol	46	2021-01-01
46078	Burjassot	46	2021-01-01
46079	Calles	46	2021-01-01
46080	Camporrobles	46	2021-01-01
46081	Canals	46	2021-01-01
46082	Canet d'En Berenguer	46	2021-01-01
46083	Carcaixent	46	2021-01-01
46084	Càrcer	46	2021-01-01
46085	Carlet	46	2021-01-01
46086	Carrícola	46	2021-01-01
46087	Casas Altas	46	2021-01-01
46088	Casas Bajas	46	2021-01-01
46089	Casinos	46	2021-01-01
46090	Castelló de Rugat	46	2021-01-01
46091	Castellonet de la Conquesta	46	2021-01-01
46092	Castielfabib	46	2021-01-01
46093	Catadau	46	2021-01-01
46094	Catarroja	46	2021-01-01
46095	Caudete de las Fuentes	46	2021-01-01
46096	Cerdà	46	2021-01-01
46097	Cofrentes	46	2021-01-01
46098	Corbera	46	2021-01-01
46099	Cortes de Pallás	46	2021-01-01
46100	Cotes	46	2021-01-01
46101	Quart de les Valls	46	2021-01-01
46102	Quart de Poblet	46	2021-01-01
46103	Quartell	46	2021-01-01
46104	Quatretonda	46	2021-01-01
46105	Cullera	46	2021-01-01
46106	Chelva	46	2021-01-01
46107	Chella	46	2021-01-01
46108	Chera	46	2021-01-01
46109	Cheste	46	2021-01-01
46110	Xirivella	46	2021-01-01
46111	Chiva	46	2021-01-01
46112	Chulilla	46	2021-01-01
46113	Daimús	46	2021-01-01
46114	Domeño	46	2021-01-01
46115	Dos Aguas	46	2021-01-01
46116	Eliana, l'	46	2021-01-01
46117	Emperador	46	2021-01-01
46118	Enguera	46	2021-01-01
46119	Énova, l'	46	2021-01-01
46120	Estivella	46	2021-01-01
46121	Estubeny	46	2021-01-01
46122	Faura	46	2021-01-01
46123	Favara	46	2021-01-01
46124	Fontanars dels Alforins	46	2021-01-01
46125	Fortaleny	46	2021-01-01
46126	Foios	46	2021-01-01
46127	Font d'en Carròs, la	46	2021-01-01
46128	Font de la Figuera, la	46	2021-01-01
46129	Fuenterrobles	46	2021-01-01
46130	Gavarda	46	2021-01-01
46131	Gandia	46	2021-01-01
46132	Genovés, el	46	2021-01-01
46133	Gestalgar	46	2021-01-01
46134	Gilet	46	2021-01-01
46135	Godella	46	2021-01-01
46136	Godelleta	46	2021-01-01
46137	Granja de la Costera, la	46	2021-01-01
46138	Guadasséquies	46	2021-01-01
46139	Guadassuar	46	2021-01-01
46140	Guardamar de la Safor	46	2021-01-01
46141	Higueruelas	46	2021-01-01
46142	Jalance	46	2021-01-01
46143	Xeraco	46	2021-01-01
46144	Jarafuel	46	2021-01-01
46145	Xàtiva	46	2021-01-01
46146	Xeresa	46	2021-01-01
46147	Llíria	46	2021-01-01
46148	Loriguilla	46	2021-01-01
46149	Losa del Obispo	46	2021-01-01
46150	Llutxent	46	2021-01-01
46151	Llocnou d'En Fenollet	46	2021-01-01
46152	Llocnou de la Corona	46	2021-01-01
46153	Llocnou de Sant Jeroni	46	2021-01-01
46154	Llanera de Ranes	46	2021-01-01
46155	Llaurí	46	2021-01-01
46156	Llombai	46	2021-01-01
46157	Llosa de Ranes, la	46	2021-01-01
46158	Macastre	46	2021-01-01
46159	Manises	46	2021-01-01
46160	Manuel	46	2021-01-01
46161	Marines	46	2021-01-01
46162	Massalavés	46	2021-01-01
46163	Massalfassar	46	2021-01-01
46164	Massamagrell	46	2021-01-01
46165	Massanassa	46	2021-01-01
46166	Meliana	46	2021-01-01
46167	Millares	46	2021-01-01
46168	Miramar	46	2021-01-01
46169	Mislata	46	2021-01-01
46170	Moixent/Mogente	46	2021-01-01
46171	Montcada/Moncada	46	2021-01-01
46172	Montserrat	46	2021-01-01
46173	Montaverner	46	2021-01-01
46174	Montesa	46	2021-01-01
46175	Montitxelvo/Montichelvo	46	2021-01-01
46176	Montroi/Montroy	46	2021-01-01
46177	Museros	46	2021-01-01
46178	Nàquera/Náquera	46	2021-01-01
46179	Navarrés	46	2021-01-01
46180	Novetlè	46	2021-01-01
46181	Oliva	46	2021-01-01
46182	Olocau	46	2021-01-01
46183	Olleria, l'	46	2021-01-01
46184	Ontinyent	46	2021-01-01
46185	Otos	46	2021-01-01
46186	Paiporta	46	2021-01-01
46187	Palma de Gandía	46	2021-01-01
46188	Palmera	46	2021-01-01
46189	Palomar, el	46	2021-01-01
46190	Paterna	46	2021-01-01
46191	Pedralba	46	2021-01-01
46192	Petrés	46	2021-01-01
46193	Picanya	46	2021-01-01
46194	Picassent	46	2021-01-01
46195	Piles	46	2021-01-01
46196	Pinet	46	2021-01-01
46197	Polinyà de Xúquer	46	2021-01-01
46198	Potries	46	2021-01-01
46199	Pobla de Farnals, la	46	2021-01-01
46200	Pobla del Duc, la	46	2021-01-01
46201	Puebla de San Miguel	46	2021-01-01
46202	Pobla de Vallbona, la	46	2021-01-01
46203	Pobla Llarga, la	46	2021-01-01
46204	Puig de Santa Maria, el	46	2021-01-01
46205	Puçol	46	2021-01-01
46206	Quesa	46	2021-01-01
46207	Rafelbunyol	46	2021-01-01
46208	Rafelcofer	46	2021-01-01
46209	Rafelguaraf	46	2021-01-01
46210	Ráfol de Salem	46	2021-01-01
46211	Real de Gandia, el	46	2021-01-01
46212	Real	46	2021-01-01
46213	Requena	46	2021-01-01
46214	Riba-roja de Túria	46	2021-01-01
46215	Riola	46	2021-01-01
46216	Rocafort	46	2021-01-01
46217	Rotglà i Corberà	46	2021-01-01
46218	Ròtova	46	2021-01-01
46219	Rugat	46	2021-01-01
46220	Sagunt/Sagunto	46	2021-01-01
46221	Salem	46	2021-01-01
46222	Sant Joanet	46	2021-01-01
46223	Sedaví	46	2021-01-01
46224	Segart	46	2021-01-01
46225	Sellent	46	2021-01-01
46226	Sempere	46	2021-01-01
46227	Senyera	46	2021-01-01
46228	Serra	46	2021-01-01
46229	Siete Aguas	46	2021-01-01
46230	Silla	46	2021-01-01
46231	Simat de la Valldigna	46	2021-01-01
46232	Sinarcas	46	2021-01-01
46233	Sollana	46	2021-01-01
46234	Sot de Chera	46	2021-01-01
46235	Sueca	46	2021-01-01
46236	Sumacàrcer	46	2021-01-01
46237	Tavernes Blanques	46	2021-01-01
46238	Tavernes de la Valldigna	46	2021-01-01
46239	Teresa de Cofrentes	46	2021-01-01
46240	Terrateig	46	2021-01-01
46241	Titaguas	46	2021-01-01
46242	Torrebaja	46	2021-01-01
46243	Torrella	46	2021-01-01
46244	Torrent	46	2021-01-01
46245	Torres Torres	46	2021-01-01
46246	Tous	46	2021-01-01
46247	Tuéjar	46	2021-01-01
46248	Turís	46	2021-01-01
46249	Utiel	46	2021-01-01
46250	València	46	2021-01-01
46251	Vallada	46	2021-01-01
46252	Vallanca	46	2021-01-01
46253	Vallés	46	2021-01-01
46254	Venta del Moro	46	2021-01-01
46255	Vilallonga/Villalonga	46	2021-01-01
46256	Vilamarxant	46	2021-01-01
46257	Castelló	46	2021-01-01
46258	Villar del Arzobispo	46	2021-01-01
46259	Villargordo del Cabriel	46	2021-01-01
46260	Vinalesa	46	2021-01-01
46261	Yátova	46	2021-01-01
46262	Yesa, La	46	2021-01-01
46263	Zarra	46	2021-01-01
46902	Gátova	46	2021-01-01
46903	San Antonio de Benagéber	46	2021-01-01
46904	Benicull de Xúquer	46	2021-01-01
47001	Adalia	47	2021-01-01
47002	Aguasal	47	2021-01-01
47003	Aguilar de Campos	47	2021-01-01
47004	Alaejos	47	2021-01-01
47005	Alcazarén	47	2021-01-01
47006	Aldea de San Miguel	47	2021-01-01
47007	Aldeamayor de San Martín	47	2021-01-01
47008	Almenara de Adaja	47	2021-01-01
47009	Amusquillo	47	2021-01-01
47010	Arroyo de la Encomienda	47	2021-01-01
47011	Ataquines	47	2021-01-01
47012	Bahabón	47	2021-01-01
47013	Barcial de la Loma	47	2021-01-01
47014	Barruelo del Valle	47	2021-01-01
47015	Becilla de Valderaduey	47	2021-01-01
47016	Benafarces	47	2021-01-01
47017	Bercero	47	2021-01-01
47018	Berceruelo	47	2021-01-01
47019	Berrueces	47	2021-01-01
47020	Bobadilla del Campo	47	2021-01-01
47021	Bocigas	47	2021-01-01
47022	Bocos de Duero	47	2021-01-01
47023	Boecillo	47	2021-01-01
47024	Bolaños de Campos	47	2021-01-01
47025	Brahojos de Medina	47	2021-01-01
47026	Bustillo de Chaves	47	2021-01-01
47027	Cabezón de Pisuerga	47	2021-01-01
47028	Cabezón de Valderaduey	47	2021-01-01
47029	Cabreros del Monte	47	2021-01-01
47030	Campaspero	47	2021-01-01
47031	Campillo, El	47	2021-01-01
47032	Camporredondo	47	2021-01-01
47033	Canalejas de Peñafiel	47	2021-01-01
47034	Canillas de Esgueva	47	2021-01-01
47035	Carpio	47	2021-01-01
47036	Casasola de Arión	47	2021-01-01
47037	Castrejón de Trabancos	47	2021-01-01
47038	Castrillo de Duero	47	2021-01-01
47039	Castrillo-Tejeriego	47	2021-01-01
47040	Castrobol	47	2021-01-01
47041	Castrodeza	47	2021-01-01
47042	Castromembibre	47	2021-01-01
47043	Castromonte	47	2021-01-01
47044	Castronuevo de Esgueva	47	2021-01-01
47045	Castronuño	47	2021-01-01
47046	Castroponce	47	2021-01-01
47047	Castroverde de Cerrato	47	2021-01-01
47048	Ceinos de Campos	47	2021-01-01
47049	Cervillego de la Cruz	47	2021-01-01
47050	Cigales	47	2021-01-01
47051	Ciguñuela	47	2021-01-01
47052	Cistérniga	47	2021-01-01
47053	Cogeces de Íscar	47	2021-01-01
47054	Cogeces del Monte	47	2021-01-01
47055	Corcos	47	2021-01-01
47056	Corrales de Duero	47	2021-01-01
47057	Cubillas de Santa Marta	47	2021-01-01
47058	Cuenca de Campos	47	2021-01-01
47059	Curiel de Duero	47	2021-01-01
47060	Encinas de Esgueva	47	2021-01-01
47061	Esguevillas de Esgueva	47	2021-01-01
47062	Fombellida	47	2021-01-01
47063	Fompedraza	47	2021-01-01
47064	Fontihoyuelo	47	2021-01-01
47065	Fresno el Viejo	47	2021-01-01
47066	Fuensaldaña	47	2021-01-01
47067	Fuente el Sol	47	2021-01-01
47068	Fuente-Olmedo	47	2021-01-01
47069	Gallegos de Hornija	47	2021-01-01
47070	Gatón de Campos	47	2021-01-01
47071	Geria	47	2021-01-01
47073	Herrín de Campos	47	2021-01-01
47074	Hornillos de Eresma	47	2021-01-01
47075	Íscar	47	2021-01-01
47076	Laguna de Duero	47	2021-01-01
47077	Langayo	47	2021-01-01
47078	Lomoviejo	47	2021-01-01
47079	Llano de Olmedo	47	2021-01-01
47080	Manzanillo	47	2021-01-01
47081	Marzales	47	2021-01-01
47082	Matapozuelos	47	2021-01-01
47083	Matilla de los Caños	47	2021-01-01
47084	Mayorga	47	2021-01-01
47085	Medina del Campo	47	2021-01-01
47086	Medina de Rioseco	47	2021-01-01
47087	Megeces	47	2021-01-01
47088	Melgar de Abajo	47	2021-01-01
47089	Melgar de Arriba	47	2021-01-01
47090	Mojados	47	2021-01-01
47091	Monasterio de Vega	47	2021-01-01
47092	Montealegre de Campos	47	2021-01-01
47093	Montemayor de Pililla	47	2021-01-01
47094	Moral de la Reina	47	2021-01-01
47095	Moraleja de las Panaderas	47	2021-01-01
47096	Morales de Campos	47	2021-01-01
47097	Mota del Marqués	47	2021-01-01
47098	Mucientes	47	2021-01-01
47099	Mudarra, La	47	2021-01-01
47100	Muriel	47	2021-01-01
47101	Nava del Rey	47	2021-01-01
47102	Nueva Villa de las Torres	47	2021-01-01
47103	Olivares de Duero	47	2021-01-01
47104	Olmedo	47	2021-01-01
47105	Olmos de Esgueva	47	2021-01-01
47106	Olmos de Peñafiel	47	2021-01-01
47109	Palazuelo de Vedija	47	2021-01-01
47110	Parrilla, La	47	2021-01-01
47111	Pedraja de Portillo, La	47	2021-01-01
47112	Pedrajas de San Esteban	47	2021-01-01
47113	Pedrosa del Rey	47	2021-01-01
47114	Peñafiel	47	2021-01-01
47115	Peñaflor de Hornija	47	2021-01-01
47116	Pesquera de Duero	47	2021-01-01
47117	Piña de Esgueva	47	2021-01-01
47118	Piñel de Abajo	47	2021-01-01
47119	Piñel de Arriba	47	2021-01-01
47121	Pollos	47	2021-01-01
47122	Portillo	47	2021-01-01
47123	Pozal de Gallinas	47	2021-01-01
47124	Pozaldez	47	2021-01-01
47125	Pozuelo de la Orden	47	2021-01-01
47126	Puras	47	2021-01-01
47127	Quintanilla de Arriba	47	2021-01-01
47128	Quintanilla del Molar	47	2021-01-01
47129	Quintanilla de Onésimo	47	2021-01-01
47130	Quintanilla de Trigueros	47	2021-01-01
47131	Rábano	47	2021-01-01
47132	Ramiro	47	2021-01-01
47133	Renedo de Esgueva	47	2021-01-01
47134	Roales de Campos	47	2021-01-01
47135	Robladillo	47	2021-01-01
47137	Roturas	47	2021-01-01
47138	Rubí de Bracamonte	47	2021-01-01
47139	Rueda	47	2021-01-01
47140	Saelices de Mayorga	47	2021-01-01
47141	Salvador de Zapardiel	47	2021-01-01
47142	San Cebrián de Mazote	47	2021-01-01
47143	San Llorente	47	2021-01-01
47144	San Martín de Valvení	47	2021-01-01
47145	San Miguel del Arroyo	47	2021-01-01
47146	San Miguel del Pino	47	2021-01-01
47147	San Pablo de la Moraleja	47	2021-01-01
47148	San Pedro de Latarce	47	2021-01-01
47149	San Pelayo	47	2021-01-01
47150	San Román de Hornija	47	2021-01-01
47151	San Salvador	47	2021-01-01
47152	Santa Eufemia del Arroyo	47	2021-01-01
47153	Santervás de Campos	47	2021-01-01
47154	Santibáñez de Valcorba	47	2021-01-01
47155	Santovenia de Pisuerga	47	2021-01-01
47156	San Vicente del Palacio	47	2021-01-01
47157	Sardón de Duero	47	2021-01-01
47158	Seca, La	47	2021-01-01
47159	Serrada	47	2021-01-01
47160	Siete Iglesias de Trabancos	47	2021-01-01
47161	Simancas	47	2021-01-01
47162	Tamariz de Campos	47	2021-01-01
47163	Tiedra	47	2021-01-01
47164	Tordehumos	47	2021-01-01
47165	Tordesillas	47	2021-01-01
47166	Torrecilla de la Abadesa	47	2021-01-01
47167	Torrecilla de la Orden	47	2021-01-01
47168	Torrecilla de la Torre	47	2021-01-01
47169	Torre de Esgueva	47	2021-01-01
47170	Torre de Peñafiel	47	2021-01-01
47171	Torrelobatón	47	2021-01-01
47172	Torrescárcela	47	2021-01-01
47173	Traspinedo	47	2021-01-01
47174	Trigueros del Valle	47	2021-01-01
47175	Tudela de Duero	47	2021-01-01
47176	Unión de Campos, La	47	2021-01-01
47177	Urones de Castroponce	47	2021-01-01
47178	Urueña	47	2021-01-01
47179	Valbuena de Duero	47	2021-01-01
47180	Valdearcos de la Vega	47	2021-01-01
47181	Valdenebro de los Valles	47	2021-01-01
47182	Valdestillas	47	2021-01-01
47183	Valdunquillo	47	2021-01-01
47184	Valoria la Buena	47	2021-01-01
47185	Valverde de Campos	47	2021-01-01
47186	Valladolid	47	2021-01-01
47187	Vega de Ruiponce	47	2021-01-01
47188	Vega de Valdetronco	47	2021-01-01
47189	Velascálvaro	47	2021-01-01
47190	Velilla	47	2021-01-01
47191	Velliza	47	2021-01-01
47192	Ventosa de la Cuesta	47	2021-01-01
47193	Viana de Cega	47	2021-01-01
47194	Viloria	47	2021-01-01
47195	Villabáñez	47	2021-01-01
47196	Villabaruz de Campos	47	2021-01-01
47197	Villabrágima	47	2021-01-01
47198	Villacarralón	47	2021-01-01
47199	Villacid de Campos	47	2021-01-01
47200	Villaco	47	2021-01-01
47203	Villafrades de Campos	47	2021-01-01
47204	Villafranca de Duero	47	2021-01-01
47205	Villafrechós	47	2021-01-01
47206	Villafuerte	47	2021-01-01
47207	Villagarcía de Campos	47	2021-01-01
47208	Villagómez la Nueva	47	2021-01-01
47209	Villalán de Campos	47	2021-01-01
47210	Villalar de los Comuneros	47	2021-01-01
47211	Villalba de la Loma	47	2021-01-01
47212	Villalba de los Alcores	47	2021-01-01
47213	Villalbarba	47	2021-01-01
47214	Villalón de Campos	47	2021-01-01
47215	Villamuriel de Campos	47	2021-01-01
47216	Villán de Tordesillas	47	2021-01-01
47217	Villanubla	47	2021-01-01
47218	Villanueva de Duero	47	2021-01-01
47219	Villanueva de la Condesa	47	2021-01-01
47220	Villanueva de los Caballeros	47	2021-01-01
47221	Villanueva de los Infantes	47	2021-01-01
47222	Villanueva de San Mancio	47	2021-01-01
47223	Villardefrades	47	2021-01-01
47224	Villarmentero de Esgueva	47	2021-01-01
47225	Villasexmir	47	2021-01-01
47226	Villavaquerín	47	2021-01-01
47227	Villavellid	47	2021-01-01
47228	Villaverde de Medina	47	2021-01-01
47229	Villavicencio de los Caballeros	47	2021-01-01
47230	Wamba	47	2021-01-01
47231	Zaratán	47	2021-01-01
47232	Zarza, La	47	2021-01-01
48001	Abadiño	48	2021-01-01
48002	Abanto y Ciérvana-Abanto Zierbena	48	2021-01-01
48003	Amorebieta-Etxano	48	2021-01-01
48004	Amoroto	48	2021-01-01
48005	Arakaldo	48	2021-01-01
48006	Arantzazu	48	2021-01-01
48007	Munitibar-Arbatzegi Gerrikaitz	48	2021-01-01
48008	Artzentales	48	2021-01-01
48009	Arrankudiaga-Zollo	48	2021-01-01
48010	Arrieta	48	2021-01-01
48011	Arrigorriaga	48	2021-01-01
48012	Bakio	48	2021-01-01
48013	Barakaldo	48	2021-01-01
48014	Barrika	48	2021-01-01
48015	Basauri	48	2021-01-01
48016	Berango	48	2021-01-01
48017	Bermeo	48	2021-01-01
48018	Berriatua	48	2021-01-01
48019	Berriz	48	2021-01-01
48020	Bilbao	48	2021-01-01
48021	Busturia	48	2021-01-01
48022	Karrantza Harana/Valle de Carranza	48	2021-01-01
48023	Artea	48	2021-01-01
48024	Zeanuri	48	2021-01-01
48025	Zeberio	48	2021-01-01
48026	Dima	48	2021-01-01
48027	Durango	48	2021-01-01
48028	Ea	48	2021-01-01
48029	Etxebarri	48	2021-01-01
48030	Etxebarria	48	2021-01-01
48031	Elantxobe	48	2021-01-01
48032	Elorrio	48	2021-01-01
48033	Ereño	48	2021-01-01
48034	Ermua	48	2021-01-01
48035	Fruiz	48	2021-01-01
48036	Galdakao	48	2021-01-01
48037	Galdames	48	2021-01-01
48038	Gamiz-Fika	48	2021-01-01
48039	Garai	48	2021-01-01
48040	Gatika	48	2021-01-01
48041	Gautegiz Arteaga	48	2021-01-01
48042	Gordexola	48	2021-01-01
48043	Gorliz	48	2021-01-01
48044	Getxo	48	2021-01-01
48045	Güeñes	48	2021-01-01
48046	Gernika-Lumo	48	2021-01-01
48047	Gizaburuaga	48	2021-01-01
48048	Ibarrangelu	48	2021-01-01
48049	Ispaster	48	2021-01-01
48050	Izurtza	48	2021-01-01
48051	Lanestosa	48	2021-01-01
48052	Larrabetzu	48	2021-01-01
48053	Laukiz	48	2021-01-01
48054	Leioa	48	2021-01-01
48055	Lemoa	48	2021-01-01
48056	Lemoiz	48	2021-01-01
48057	Lekeitio	48	2021-01-01
48058	Mallabia	48	2021-01-01
48059	Mañaria	48	2021-01-01
48060	Markina-Xemein	48	2021-01-01
48061	Maruri-Jatabe	48	2021-01-01
48062	Mendata	48	2021-01-01
48063	Mendexa	48	2021-01-01
48064	Meñaka	48	2021-01-01
48065	Ugao-Miraballes	48	2021-01-01
48066	Morga	48	2021-01-01
48067	Muxika	48	2021-01-01
48068	Mundaka	48	2021-01-01
48069	Mungia	48	2021-01-01
48070	Aulesti	48	2021-01-01
48071	Muskiz	48	2021-01-01
48072	Otxandio	48	2021-01-01
48073	Ondarroa	48	2021-01-01
48074	Urduña/Orduña	48	2021-01-01
48075	Orozko	48	2021-01-01
48076	Sukarrieta	48	2021-01-01
48077	Plentzia	48	2021-01-01
48078	Portugalete	48	2021-01-01
48079	Errigoiti	48	2021-01-01
48080	Valle de Trápaga-Trapagaran	48	2021-01-01
48081	Lezama	48	2021-01-01
48082	Santurtzi	48	2021-01-01
48083	Ortuella	48	2021-01-01
48084	Sestao	48	2021-01-01
48085	Sopela	48	2021-01-01
48086	Sopuerta	48	2021-01-01
48087	Trucios-Turtzioz	48	2021-01-01
48088	Ubide	48	2021-01-01
48089	Urduliz	48	2021-01-01
48090	Balmaseda	48	2021-01-01
48091	Atxondo	48	2021-01-01
48092	Bedia	48	2021-01-01
48093	Areatza	48	2021-01-01
48094	Igorre	48	2021-01-01
48095	Zaldibar	48	2021-01-01
48096	Zalla	48	2021-01-01
48097	Zaratamo	48	2021-01-01
48901	Derio	48	2021-01-01
48902	Erandio	48	2021-01-01
48903	Loiu	48	2021-01-01
48904	Sondika	48	2021-01-01
48905	Zamudio	48	2021-01-01
48906	Forua	48	2021-01-01
48907	Kortezubi	48	2021-01-01
48908	Murueta	48	2021-01-01
48909	Nabarniz	48	2021-01-01
48910	Iurreta	48	2021-01-01
48911	Ajangiz	48	2021-01-01
48912	Alonsotegi	48	2021-01-01
48913	Zierbena	48	2021-01-01
48914	Arratzu	48	2021-01-01
48915	Ziortza-Bolibar	48	2021-01-01
48916	Usansolo	48	2024-01-01
49002	Abezames	49	2021-01-01
49003	Alcañices	49	2021-01-01
49004	Alcubilla de Nogales	49	2021-01-01
49005	Alfaraz de Sayago	49	2021-01-01
49006	Algodre	49	2021-01-01
49007	Almaraz de Duero	49	2021-01-01
49008	Almeida de Sayago	49	2021-01-01
49009	Andavías	49	2021-01-01
49010	Arcenillas	49	2021-01-01
49011	Arcos de la Polvorosa	49	2021-01-01
49012	Argañín	49	2021-01-01
49013	Argujillo	49	2021-01-01
49014	Arquillinos	49	2021-01-01
49015	Arrabalde	49	2021-01-01
49016	Aspariegos	49	2021-01-01
49017	Asturianos	49	2021-01-01
49018	Ayoó de Vidriales	49	2021-01-01
49019	Barcial del Barco	49	2021-01-01
49020	Belver de los Montes	49	2021-01-01
49021	Benavente	49	2021-01-01
49022	Benegiles	49	2021-01-01
49023	Bermillo de Sayago	49	2021-01-01
49024	Bóveda de Toro, La	49	2021-01-01
49025	Bretó	49	2021-01-01
49026	Bretocino	49	2021-01-01
49027	Brime de Sog	49	2021-01-01
49028	Brime de Urz	49	2021-01-01
49029	Burganes de Valverde	49	2021-01-01
49030	Bustillo del Oro	49	2021-01-01
49031	Cabañas de Sayago	49	2021-01-01
49032	Calzadilla de Tera	49	2021-01-01
49033	Camarzana de Tera	49	2021-01-01
49034	Cañizal	49	2021-01-01
49035	Cañizo	49	2021-01-01
49036	Carbajales de Alba	49	2021-01-01
49037	Carbellino	49	2021-01-01
49038	Casaseca de Campeán	49	2021-01-01
49039	Casaseca de las Chanas	49	2021-01-01
49040	Castrillo de la Guareña	49	2021-01-01
49041	Castrogonzalo	49	2021-01-01
49042	Castronuevo	49	2021-01-01
49043	Castroverde de Campos	49	2021-01-01
49044	Cazurra	49	2021-01-01
49046	Cerecinos de Campos	49	2021-01-01
49047	Cerecinos del Carrizal	49	2021-01-01
49048	Cernadilla	49	2021-01-01
49050	Cobreros	49	2021-01-01
49052	Coomonte	49	2021-01-01
49053	Coreses	49	2021-01-01
49054	Corrales del Vino	49	2021-01-01
49055	Cotanes del Monte	49	2021-01-01
49056	Cubillos	49	2021-01-01
49057	Cubo de Benavente	49	2021-01-01
49058	Cubo de Tierra del Vino, El	49	2021-01-01
49059	Cuelgamures	49	2021-01-01
49061	Entrala	49	2021-01-01
49062	Espadañedo	49	2021-01-01
49063	Faramontanos de Tábara	49	2021-01-01
49064	Fariza	49	2021-01-01
49065	Fermoselle	49	2021-01-01
49066	Ferreras de Abajo	49	2021-01-01
49067	Ferreras de Arriba	49	2021-01-01
49068	Ferreruela	49	2021-01-01
49069	Figueruela de Arriba	49	2021-01-01
49071	Fonfría	49	2021-01-01
49075	Fresno de la Polvorosa	49	2021-01-01
49076	Fresno de la Ribera	49	2021-01-01
49077	Fresno de Sayago	49	2021-01-01
49078	Friera de Valverde	49	2021-01-01
49079	Fuente Encalada	49	2021-01-01
49080	Fuentelapeña	49	2021-01-01
49081	Fuentesaúco	49	2021-01-01
49082	Fuentes de Ropel	49	2021-01-01
49083	Fuentesecas	49	2021-01-01
49084	Fuentespreadas	49	2021-01-01
49085	Galende	49	2021-01-01
49086	Gallegos del Pan	49	2021-01-01
49087	Gallegos del Río	49	2021-01-01
49088	Gamones	49	2021-01-01
49090	Gema	49	2021-01-01
49091	Granja de Moreruela	49	2021-01-01
49092	Granucillo	49	2021-01-01
49093	Guarrate	49	2021-01-01
49094	Hermisende	49	2021-01-01
49095	Hiniesta, La	49	2021-01-01
49096	Jambrina	49	2021-01-01
49097	Justel	49	2021-01-01
49098	Losacino	49	2021-01-01
49099	Losacio	49	2021-01-01
49100	Lubián	49	2021-01-01
49101	Luelmo	49	2021-01-01
49102	Maderal, El	49	2021-01-01
49103	Madridanos	49	2021-01-01
49104	Mahide	49	2021-01-01
49105	Maire de Castroponce	49	2021-01-01
49107	Malva	49	2021-01-01
49108	Manganeses de la Lampreana	49	2021-01-01
49109	Manganeses de la Polvorosa	49	2021-01-01
49110	Manzanal de Arriba	49	2021-01-01
49111	Manzanal del Barco	49	2021-01-01
49112	Manzanal de los Infantes	49	2021-01-01
49113	Matilla de Arzón	49	2021-01-01
49114	Matilla la Seca	49	2021-01-01
49115	Mayalde	49	2021-01-01
49116	Melgar de Tera	49	2021-01-01
49117	Micereces de Tera	49	2021-01-01
49118	Milles de la Polvorosa	49	2021-01-01
49119	Molacillos	49	2021-01-01
49120	Molezuelas de la Carballeda	49	2021-01-01
49121	Mombuey	49	2021-01-01
49122	Monfarracinos	49	2021-01-01
49123	Montamarta	49	2021-01-01
49124	Moral de Sayago	49	2021-01-01
49125	Moraleja del Vino	49	2021-01-01
49126	Moraleja de Sayago	49	2021-01-01
49127	Morales del Vino	49	2021-01-01
49128	Morales de Rey	49	2021-01-01
49129	Morales de Toro	49	2021-01-01
49130	Morales de Valverde	49	2021-01-01
49131	Moralina	49	2021-01-01
49132	Moreruela de los Infanzones	49	2021-01-01
49133	Moreruela de Tábara	49	2021-01-01
49134	Muelas de los Caballeros	49	2021-01-01
49135	Muelas del Pan	49	2021-01-01
49136	Muga de Sayago	49	2021-01-01
49137	Navianos de Valverde	49	2021-01-01
49138	Olmillos de Castro	49	2021-01-01
49139	Otero de Bodas	49	2021-01-01
49141	Pajares de la Lampreana	49	2021-01-01
49142	Palacios del Pan	49	2021-01-01
49143	Palacios de Sanabria	49	2021-01-01
49145	Pedralba de la Pradería	49	2021-01-01
49146	Pego, El	49	2021-01-01
49147	Peleagonzalo	49	2021-01-01
49148	Peleas de Abajo	49	2021-01-01
49149	Peñausende	49	2021-01-01
49150	Peque	49	2021-01-01
49151	Perdigón, El	49	2021-01-01
49152	Pereruela	49	2021-01-01
49153	Perilla de Castro	49	2021-01-01
49154	Pías	49	2021-01-01
49155	Piedrahita de Castro	49	2021-01-01
49156	Pinilla de Toro	49	2021-01-01
49157	Pino del Oro	49	2021-01-01
49158	Piñero, El	49	2021-01-01
49159	Pobladura del Valle	49	2021-01-01
49160	Pobladura de Valderaduey	49	2021-01-01
49162	Porto	49	2021-01-01
49163	Pozoantiguo	49	2021-01-01
49164	Pozuelo de Tábara	49	2021-01-01
49165	Prado	49	2021-01-01
49166	Puebla de Sanabria	49	2021-01-01
49167	Pueblica de Valverde	49	2021-01-01
49168	Quintanilla del Monte	49	2021-01-01
49169	Quintanilla del Olmo	49	2021-01-01
49170	Quintanilla de Urz	49	2021-01-01
49171	Quiruelas de Vidriales	49	2021-01-01
49172	Rabanales	49	2021-01-01
49173	Rábano de Aliste	49	2021-01-01
49174	Requejo	49	2021-01-01
49175	Revellinos	49	2021-01-01
49176	Riofrío de Aliste	49	2021-01-01
49177	Rionegro del Puente	49	2021-01-01
49178	Roales	49	2021-01-01
49179	Robleda-Cervantes	49	2021-01-01
49180	Roelos de Sayago	49	2021-01-01
49181	Rosinos de la Requejada	49	2021-01-01
49183	Salce	49	2021-01-01
49184	Samir de los Caños	49	2021-01-01
49185	San Agustín del Pozo	49	2021-01-01
49186	San Cebrián de Castro	49	2021-01-01
49187	San Cristóbal de Entreviñas	49	2021-01-01
49188	San Esteban del Molar	49	2021-01-01
49189	San Justo	49	2021-01-01
49190	San Martín de Valderaduey	49	2021-01-01
49191	San Miguel de la Ribera	49	2021-01-01
49192	San Miguel del Valle	49	2021-01-01
49193	San Pedro de Ceque	49	2021-01-01
49194	San Pedro de la Nave-Almendra	49	2021-01-01
49197	Santa Clara de Avedillo	49	2021-01-01
49199	Santa Colomba de las Monjas	49	2021-01-01
49200	Santa Cristina de la Polvorosa	49	2021-01-01
49201	Santa Croya de Tera	49	2021-01-01
49202	Santa Eufemia del Barco	49	2021-01-01
49203	Santa María de la Vega	49	2021-01-01
49204	Santa María de Valverde	49	2021-01-01
49205	Santibáñez de Tera	49	2021-01-01
49206	Santibáñez de Vidriales	49	2021-01-01
49207	Santovenia	49	2021-01-01
49208	San Vicente de la Cabeza	49	2021-01-01
49209	San Vitero	49	2021-01-01
49210	Sanzoles	49	2021-01-01
49214	Tábara	49	2021-01-01
49216	Tapioles	49	2021-01-01
49219	Toro	49	2021-01-01
49220	Torre del Valle, La	49	2021-01-01
49221	Torregamones	49	2021-01-01
49222	Torres del Carrizal	49	2021-01-01
49223	Trabazos	49	2021-01-01
49224	Trefacio	49	2021-01-01
49225	Uña de Quintana	49	2021-01-01
49226	Vadillo de la Guareña	49	2021-01-01
49227	Valcabado	49	2021-01-01
49228	Valdefinjas	49	2021-01-01
49229	Valdescorriel	49	2021-01-01
49230	Vallesa de la Guareña	49	2021-01-01
49231	Vega de Tera	49	2021-01-01
49232	Vega de Villalobos	49	2021-01-01
49233	Vegalatrave	49	2021-01-01
49234	Venialbo	49	2021-01-01
49235	Vezdemarbán	49	2021-01-01
49236	Vidayanes	49	2021-01-01
49237	Videmala	49	2021-01-01
49238	Villabrázaro	49	2021-01-01
49239	Villabuena del Puente	49	2021-01-01
49240	Villadepera	49	2021-01-01
49241	Villaescusa	49	2021-01-01
49242	Villafáfila	49	2021-01-01
49243	Villaferrueña	49	2021-01-01
49244	Villageriz	49	2021-01-01
49245	Villalazán	49	2021-01-01
49246	Villalba de la Lampreana	49	2021-01-01
49247	Villalcampo	49	2021-01-01
49248	Villalobos	49	2021-01-01
49249	Villalonso	49	2021-01-01
49250	Villalpando	49	2021-01-01
49251	Villalube	49	2021-01-01
49252	Villamayor de Campos	49	2021-01-01
49255	Villamor de los Escuderos	49	2021-01-01
49256	Villanázar	49	2021-01-01
49257	Villanueva de Azoague	49	2021-01-01
49258	Villanueva de Campeán	49	2021-01-01
49259	Villanueva de las Peras	49	2021-01-01
49260	Villanueva del Campo	49	2021-01-01
49261	Villaralbo	49	2021-01-01
49262	Villardeciervos	49	2021-01-01
49263	Villar de Fallaves	49	2021-01-01
49264	Villar del Buey	49	2021-01-01
49265	Villardiegua de la Ribera	49	2021-01-01
49266	Villárdiga	49	2021-01-01
49267	Villardondiego	49	2021-01-01
49268	Villarrín de Campos	49	2021-01-01
49269	Villaseco del Pan	49	2021-01-01
49270	Villavendimio	49	2021-01-01
49271	Villaveza del Agua	49	2021-01-01
49272	Villaveza de Valverde	49	2021-01-01
49273	Viñas	49	2021-01-01
49275	Zamora	49	2021-01-01
50001	Abanto	50	2021-01-01
50002	Acered	50	2021-01-01
50003	Agón	50	2021-01-01
50004	Aguarón	50	2021-01-01
50005	Aguilón	50	2021-01-01
50006	Ainzón	50	2021-01-01
50007	Aladrén	50	2021-01-01
50008	Alagón	50	2021-01-01
50009	Alarba	50	2021-01-01
50010	Alberite de San Juan	50	2021-01-01
50011	Albeta	50	2021-01-01
50012	Alborge	50	2021-01-01
50013	Alcalá de Ebro	50	2021-01-01
50014	Alcalá de Moncayo	50	2021-01-01
50015	Alconchel de Ariza	50	2021-01-01
50016	Aldehuela de Liestos	50	2021-01-01
50017	Alfajarín	50	2021-01-01
50018	Alfamén	50	2021-01-01
50019	Alforque	50	2021-01-01
50020	Alhama de Aragón	50	2021-01-01
50021	Almochuel	50	2021-01-01
50022	Almolda, La	50	2021-01-01
50023	Almonacid de la Cuba	50	2021-01-01
50024	Almonacid de la Sierra	50	2021-01-01
50025	Almunia de Doña Godina, La	50	2021-01-01
50026	Alpartir	50	2021-01-01
50027	Ambel	50	2021-01-01
50028	Anento	50	2021-01-01
50029	Aniñón	50	2021-01-01
50030	Añón de Moncayo	50	2021-01-01
50031	Aranda de Moncayo	50	2021-01-01
50032	Arándiga	50	2021-01-01
50033	Ardisa	50	2021-01-01
50034	Ariza	50	2021-01-01
50035	Artieda	50	2021-01-01
50036	Asín	50	2021-01-01
50037	Atea	50	2021-01-01
50038	Ateca	50	2021-01-01
50039	Azuara	50	2021-01-01
50040	Badules	50	2021-01-01
50041	Bagüés	50	2021-01-01
50042	Balconchán	50	2021-01-01
50043	Bárboles	50	2021-01-01
50044	Bardallur	50	2021-01-01
50045	Belchite	50	2021-01-01
50046	Belmonte de Gracián	50	2021-01-01
50047	Berdejo	50	2021-01-01
50048	Berrueco	50	2021-01-01
50050	Bijuesca	50	2021-01-01
50051	Biota	50	2021-01-01
50052	Bisimbre	50	2021-01-01
50053	Boquiñeni	50	2021-01-01
50054	Bordalba	50	2021-01-01
50055	Borja	50	2021-01-01
50056	Botorrita	50	2021-01-01
50057	Brea de Aragón	50	2021-01-01
50058	Bubierca	50	2021-01-01
50059	Bujaraloz	50	2021-01-01
50060	Bulbuente	50	2021-01-01
50061	Bureta	50	2021-01-01
50062	Burgo de Ebro, El	50	2021-01-01
50063	Buste, El	50	2021-01-01
50064	Cabañas de Ebro	50	2021-01-01
50065	Cabolafuente	50	2021-01-01
50066	Cadrete	50	2021-01-01
50067	Calatayud	50	2021-01-01
50068	Calatorao	50	2021-01-01
50069	Calcena	50	2021-01-01
50070	Calmarza	50	2021-01-01
50071	Campillo de Aragón	50	2021-01-01
50072	Carenas	50	2021-01-01
50073	Cariñena	50	2021-01-01
50074	Caspe	50	2021-01-01
50075	Castejón de Alarba	50	2021-01-01
50076	Castejón de las Armas	50	2021-01-01
50077	Castejón de Valdejasa	50	2021-01-01
50078	Castiliscar	50	2021-01-01
50079	Cervera de la Cañada	50	2021-01-01
50080	Cerveruela	50	2021-01-01
50081	Cetina	50	2021-01-01
50082	Cimballa	50	2021-01-01
50083	Cinco Olivas	50	2021-01-01
50084	Clarés de Ribota	50	2021-01-01
50085	Codo	50	2021-01-01
50086	Codos	50	2021-01-01
50087	Contamina	50	2021-01-01
50088	Cosuenda	50	2021-01-01
50089	Cuarte de Huerva	50	2021-01-01
50090	Cubel	50	2021-01-01
50091	Cuerlas, Las	50	2021-01-01
50092	Chiprana	50	2021-01-01
50093	Chodes	50	2021-01-01
50094	Daroca	50	2021-01-01
50095	Ejea de los Caballeros	50	2021-01-01
50096	Embid de Ariza	50	2021-01-01
50098	Encinacorba	50	2021-01-01
50099	Épila	50	2021-01-01
50100	Erla	50	2021-01-01
50101	Escatrón	50	2021-01-01
50102	Fabara	50	2021-01-01
50104	Farlete	50	2021-01-01
50105	Fayón	50	2021-01-01
50106	Fayos, Los	50	2021-01-01
50107	Figueruelas	50	2021-01-01
50108	Fombuena	50	2021-01-01
50109	Frago, El	50	2021-01-01
50110	Frasno, El	50	2021-01-01
50111	Fréscano	50	2021-01-01
50113	Fuendejalón	50	2021-01-01
50114	Fuendetodos	50	2021-01-01
50115	Fuentes de Ebro	50	2021-01-01
50116	Fuentes de Jiloca	50	2021-01-01
50117	Gallocanta	50	2021-01-01
50118	Gallur	50	2021-01-01
50119	Gelsa	50	2021-01-01
50120	Godojos	50	2021-01-01
50121	Gotor	50	2021-01-01
50122	Grisel	50	2021-01-01
50123	Grisén	50	2021-01-01
50124	Herrera de los Navarros	50	2021-01-01
50125	Ibdes	50	2021-01-01
50126	Illueca	50	2021-01-01
50128	Isuerre	50	2021-01-01
50129	Jaraba	50	2021-01-01
50130	Jarque de Moncayo	50	2021-01-01
50131	Jaulín	50	2021-01-01
50132	Joyosa, La	50	2021-01-01
50133	Lagata	50	2021-01-01
50134	Langa del Castillo	50	2021-01-01
50135	Layana	50	2021-01-01
50136	Lécera	50	2021-01-01
50137	Leciñena	50	2021-01-01
50138	Lechón	50	2021-01-01
50139	Letux	50	2021-01-01
50140	Litago	50	2021-01-01
50141	Lituénigo	50	2021-01-01
50142	Lobera de Onsella	50	2021-01-01
50143	Longares	50	2021-01-01
50144	Longás	50	2021-01-01
50146	Lucena de Jalón	50	2021-01-01
50147	Luceni	50	2021-01-01
50148	Luesia	50	2021-01-01
50149	Luesma	50	2021-01-01
50150	Lumpiaque	50	2021-01-01
50151	Luna	50	2021-01-01
50152	Maella	50	2021-01-01
50153	Magallón	50	2021-01-01
50154	Mainar	50	2021-01-01
50155	Malanquilla	50	2021-01-01
50156	Maleján	50	2021-01-01
50157	Malón	50	2021-01-01
50159	Maluenda	50	2021-01-01
50160	Mallén	50	2021-01-01
50161	Manchones	50	2021-01-01
50162	Mara	50	2021-01-01
50163	María de Huerva	50	2021-01-01
50164	Mediana de Aragón	50	2021-01-01
50165	Mequinenza	50	2021-01-01
50166	Mesones de Isuela	50	2021-01-01
50167	Mezalocha	50	2021-01-01
50168	Mianos	50	2021-01-01
50169	Miedes de Aragón	50	2021-01-01
50170	Monegrillo	50	2021-01-01
50171	Moneva	50	2021-01-01
50172	Monreal de Ariza	50	2021-01-01
50173	Monterde	50	2021-01-01
50174	Montón	50	2021-01-01
50175	Morata de Jalón	50	2021-01-01
50176	Morata de Jiloca	50	2021-01-01
50177	Morés	50	2021-01-01
50178	Moros	50	2021-01-01
50179	Moyuela	50	2021-01-01
50180	Mozota	50	2021-01-01
50181	Muel	50	2021-01-01
50182	Muela, La	50	2021-01-01
50183	Munébrega	50	2021-01-01
50184	Murero	50	2021-01-01
50185	Murillo de Gállego	50	2021-01-01
50186	Navardún	50	2021-01-01
50187	Nigüella	50	2021-01-01
50188	Nombrevilla	50	2021-01-01
50189	Nonaspe	50	2021-01-01
50190	Novallas	50	2021-01-01
50191	Novillas	50	2021-01-01
50192	Nuévalos	50	2021-01-01
50193	Nuez de Ebro	50	2021-01-01
50194	Olvés	50	2021-01-01
50195	Orcajo	50	2021-01-01
50196	Orera	50	2021-01-01
50197	Orés	50	2021-01-01
50198	Oseja	50	2021-01-01
50199	Osera de Ebro	50	2021-01-01
50200	Paniza	50	2021-01-01
50201	Paracuellos de Jiloca	50	2021-01-01
50202	Paracuellos de la Ribera	50	2021-01-01
50203	Pastriz	50	2021-01-01
50204	Pedrola	50	2021-01-01
50205	Pedrosas, Las	50	2021-01-01
50206	Perdiguera	50	2021-01-01
50207	Piedratajada	50	2021-01-01
50208	Pina de Ebro	50	2021-01-01
50209	Pinseque	50	2021-01-01
50210	Pintanos, Los	50	2021-01-01
50211	Plasencia de Jalón	50	2021-01-01
50212	Pleitas	50	2021-01-01
50213	Plenas	50	2021-01-01
50214	Pomer	50	2021-01-01
50215	Pozuel de Ariza	50	2021-01-01
50216	Pozuelo de Aragón	50	2021-01-01
50217	Pradilla de Ebro	50	2021-01-01
50218	Puebla de Albortón	50	2021-01-01
50219	Puebla de Alfindén, La	50	2021-01-01
50220	Puendeluna	50	2021-01-01
50221	Purujosa	50	2021-01-01
50222	Quinto	50	2021-01-01
50223	Remolinos	50	2021-01-01
50224	Retascón	50	2021-01-01
50225	Ricla	50	2021-01-01
50227	Romanos	50	2021-01-01
50228	Rueda de Jalón	50	2021-01-01
50229	Ruesca	50	2021-01-01
50230	Sádaba	50	2021-01-01
50231	Salillas de Jalón	50	2021-01-01
50232	Salvatierra de Esca	50	2021-01-01
50233	Samper del Salz	50	2021-01-01
50234	San Martín de la Virgen de Moncayo	50	2021-01-01
50235	San Mateo de Gállego	50	2021-01-01
50236	Santa Cruz de Grío	50	2021-01-01
50237	Santa Cruz de Moncayo	50	2021-01-01
50238	Santa Eulalia de Gállego	50	2021-01-01
50239	Santed	50	2021-01-01
50240	Sástago	50	2021-01-01
50241	Sabiñán	50	2021-01-01
50242	Sediles	50	2021-01-01
50243	Sestrica	50	2021-01-01
50244	Sierra de Luna	50	2021-01-01
50245	Sigüés	50	2021-01-01
50246	Sisamón	50	2021-01-01
50247	Sobradiel	50	2021-01-01
50248	Sos del Rey Católico	50	2021-01-01
50249	Tabuenca	50	2021-01-01
50250	Talamantes	50	2021-01-01
50251	Tarazona	50	2021-01-01
50252	Tauste	50	2021-01-01
50253	Terrer	50	2021-01-01
50254	Tierga	50	2021-01-01
50255	Tobed	50	2021-01-01
50256	Torralba de los Frailes	50	2021-01-01
50257	Torralba de Ribota	50	2021-01-01
50258	Torralbilla	50	2021-01-01
50259	Torrehermosa	50	2021-01-01
50260	Torrelapaja	50	2021-01-01
50261	Torrellas	50	2021-01-01
50262	Torres de Berrellén	50	2021-01-01
50263	Torrijo de la Cañada	50	2021-01-01
50264	Tosos	50	2021-01-01
50265	Trasmoz	50	2021-01-01
50266	Trasobares	50	2021-01-01
50267	Uncastillo	50	2021-01-01
50268	Undués de Lerda	50	2021-01-01
50269	Urrea de Jalón	50	2021-01-01
50270	Urriés	50	2021-01-01
50271	Used	50	2021-01-01
50272	Utebo	50	2021-01-01
50273	Valdehorna	50	2021-01-01
50274	Val de San Martín	50	2021-01-01
50275	Valmadrid	50	2021-01-01
50276	Valpalmas	50	2021-01-01
50277	Valtorres	50	2021-01-01
50278	Velilla de Ebro	50	2021-01-01
50279	Velilla de Jiloca	50	2021-01-01
50280	Vera de Moncayo	50	2021-01-01
50281	Vierlas	50	2021-01-01
50282	Vilueña, La	50	2021-01-01
50283	Villadoz	50	2021-01-01
50284	Villafeliche	50	2021-01-01
50285	Villafranca de Ebro	50	2021-01-01
50286	Villalba de Perejil	50	2021-01-01
50287	Villalengua	50	2021-01-01
50288	Villanueva de Gállego	50	2021-01-01
50289	Villanueva de Jiloca	50	2021-01-01
50290	Villanueva de Huerva	50	2021-01-01
50291	Villar de los Navarros	50	2021-01-01
50292	Villarreal de Huerva	50	2021-01-01
50293	Villarroya de la Sierra	50	2021-01-01
50294	Villarroya del Campo	50	2021-01-01
50295	Vistabella	50	2021-01-01
50296	Zaida, La	50	2021-01-01
50297	Zaragoza	50	2021-01-01
50298	Zuera	50	2021-01-01
50901	Biel	50	2021-01-01
50902	Marracos	50	2021-01-01
50903	Villamayor de Gállego	50	2021-01-01
51001	Ceuta	51	2021-01-01
52001	Melilla	52	2021-01-01
